ISO-10303-21;
HEADER;
FILE_DESCRIPTION((''),'2;1');
FILE_NAME('SMD1617-GB_ASM','2023-10-30T16:41:47',('Administrator'),(''),
'CREO PARAMETRIC BY PTC INC, 2017110','CREO PARAMETRIC BY PTC INC, 2017110','');
FILE_SCHEMA(('CONFIG_CONTROL_DESIGN'));
ENDSEC;
DATA;
#2=DIRECTION('',(0.E0,1.E0,1.823619099930E-13));
#3=VECTOR('',#2,1.202749306329E1);
#4=CARTESIAN_POINT('',(5.7E0,-6.013746531648E0,-3.063746531646E0));
#5=LINE('',#4,#3);
#6=DIRECTION('',(0.E0,-3.578808650764E-13,-1.E0));
#7=VECTOR('',#6,6.127493063289E0);
#8=CARTESIAN_POINT('',(5.7E0,-6.013746531645E0,3.063746531643E0));
#9=LINE('',#8,#7);
#10=DIRECTION('',(0.E0,-1.E0,-1.823619099930E-13));
#11=VECTOR('',#10,1.202749306329E1);
#12=CARTESIAN_POINT('',(5.7E0,6.013746531648E0,3.063746531646E0));
#13=LINE('',#12,#11);
#14=DIRECTION('',(0.E0,3.580258147990E-13,1.E0));
#15=VECTOR('',#14,6.127493063289E0);
#16=CARTESIAN_POINT('',(5.7E0,6.013746531645E0,-3.063746531643E0));
#17=LINE('',#16,#15);
#18=CARTESIAN_POINT('',(5.55E0,-6.013746531646E0,-3.063746531646E0));
#19=DIRECTION('',(0.E0,1.E0,0.E0));
#20=DIRECTION('',(1.E0,0.E0,0.E0));
#21=AXIS2_PLACEMENT_3D('',#18,#19,#20);
#23=CARTESIAN_POINT('',(5.55E0,6.013746531646E0,-3.063746531646E0));
#24=DIRECTION('',(0.E0,1.E0,0.E0));
#25=DIRECTION('',(1.E0,0.E0,0.E0));
#26=AXIS2_PLACEMENT_3D('',#23,#24,#25);
#28=CARTESIAN_POINT('',(5.55E0,6.013746531646E0,-3.063746531646E0));
#29=DIRECTION('',(9.972646886342E-1,-5.226442768871E-2,5.226442768871E-2));
#30=DIRECTION('',(5.233595624295E-2,0.E0,-9.986295347546E-1));
#31=AXIS2_PLACEMENT_3D('',#28,#29,#30);
#33=CARTESIAN_POINT('',(2.E0,6.200102784893E0,-3.4E0));
#34=CARTESIAN_POINT('',(2.E0,6.215882903367E0,-3.4E0));
#35=CARTESIAN_POINT('',(2.001295822998E0,6.247475544994E0,-3.394973726233E0));
#36=CARTESIAN_POINT('',(2.001609500732E0,6.290166368255E0,-3.372877350726E0));
#37=CARTESIAN_POINT('',(2.001609500732E0,6.322877350726E0,-3.340166368255E0));
#38=CARTESIAN_POINT('',(2.001295822998E0,6.344973726233E0,-3.297475544994E0));
#39=CARTESIAN_POINT('',(2.E0,6.35E0,-3.265882903367E0));
#40=CARTESIAN_POINT('',(2.E0,6.35E0,-3.250102784893E0));
#42=DIRECTION('',(1.113648718337E-12,-5.826978846432E-14,1.E0));
#43=VECTOR('',#42,6.127493065092E0);
#44=CARTESIAN_POINT('',(5.557850393443E0,6.163540961858E0,-3.063746532246E0));
#45=LINE('',#44,#43);
#46=DIRECTION('',(-9.972661898912E-1,5.226450636626E-2,5.223569540304E-2));
#47=VECTOR('',#46,3.567603544083E0);
#48=CARTESIAN_POINT('',(5.557850393450E0,6.163540961858E0,3.063746532846E0));
#49=LINE('',#48,#47);
#50=DIRECTION('',(9.972661898824E-1,-5.226450636580E-2,5.223569557091E-2));
#51=VECTOR('',#50,3.567603544108E0);
#52=CARTESIAN_POINT('',(2.E0,6.35E0,-3.250102784893E0));
#53=LINE('',#52,#51);
#54=CARTESIAN_POINT('',(5.55E0,6.013746531646E0,-3.063746531646E0));
#55=DIRECTION('',(0.E0,0.E0,1.E0));
#56=DIRECTION('',(1.E0,0.E0,0.E0));
#57=AXIS2_PLACEMENT_3D('',#54,#55,#56);
#59=CARTESIAN_POINT('',(5.55E0,6.013746531646E0,3.063746531646E0));
#60=DIRECTION('',(0.E0,0.E0,1.E0));
#61=DIRECTION('',(1.E0,0.E0,0.E0));
#62=AXIS2_PLACEMENT_3D('',#59,#60,#61);
#64=CARTESIAN_POINT('',(5.55E0,6.013746531646E0,3.063746531646E0));
#65=DIRECTION('',(9.972646886342E-1,-5.226442768871E-2,-5.226442768871E-2));
#66=DIRECTION('',(5.233595624295E-2,9.986295347546E-1,0.E0));
#67=AXIS2_PLACEMENT_3D('',#64,#65,#66);
#69=CARTESIAN_POINT('',(2.E0,6.35E0,3.250102784893E0));
#70=CARTESIAN_POINT('',(2.E0,6.35E0,3.265882903367E0));
#71=CARTESIAN_POINT('',(2.001295822998E0,6.344973726233E0,3.297475544994E0));
#72=CARTESIAN_POINT('',(2.001609500732E0,6.322877350726E0,3.340166368255E0));
#73=CARTESIAN_POINT('',(2.001609500732E0,6.290166368255E0,3.372877350726E0));
#74=CARTESIAN_POINT('',(2.001295822998E0,6.247475544994E0,3.394973726233E0));
#75=CARTESIAN_POINT('',(2.E0,6.215882903367E0,3.4E0));
#76=CARTESIAN_POINT('',(2.E0,6.200102784893E0,3.4E0));
#78=DIRECTION('',(9.232187077649E-13,-1.E0,-4.836892125948E-14));
#79=VECTOR('',#78,1.202749306280E1);
#80=CARTESIAN_POINT('',(5.557850393448E0,6.013746531482E0,3.213540961858E0));
#81=LINE('',#80,#79);
#82=DIRECTION('',(9.972661898689E-1,5.223569582968E-2,-5.226450636509E-2));
#83=VECTOR('',#82,3.567603544172E0);
#84=CARTESIAN_POINT('',(2.E0,-6.200102784893E0,3.4E0));
#85=LINE('',#84,#83);
#86=DIRECTION('',(-9.972661898713E-1,5.223569578423E-2,5.226450636521E-2));
#87=VECTOR('',#86,3.567603544152E0);
#88=CARTESIAN_POINT('',(5.557850393448E0,6.013746531482E0,3.213540961858E0));
#89=LINE('',#88,#87);
#90=CARTESIAN_POINT('',(5.55E0,6.013746531646E0,3.063746531646E0));
#91=DIRECTION('',(0.E0,-1.E0,0.E0));
#92=DIRECTION('',(1.E0,0.E0,0.E0));
#93=AXIS2_PLACEMENT_3D('',#90,#91,#92);
#95=CARTESIAN_POINT('',(5.55E0,-6.013746531646E0,3.063746531646E0));
#96=DIRECTION('',(0.E0,-1.E0,0.E0));
#97=DIRECTION('',(1.E0,0.E0,0.E0));
#98=AXIS2_PLACEMENT_3D('',#95,#96,#97);
#100=CARTESIAN_POINT('',(5.55E0,-6.013746531646E0,3.063746531646E0));
#101=DIRECTION('',(9.972646886342E-1,5.226442768871E-2,-5.226442768871E-2));
#102=DIRECTION('',(5.233595624295E-2,0.E0,9.986295347546E-1));
#103=AXIS2_PLACEMENT_3D('',#100,#101,#102);
#105=CARTESIAN_POINT('',(2.E0,-6.200102784893E0,3.4E0));
#106=CARTESIAN_POINT('',(2.E0,-6.215882903367E0,3.4E0));
#107=CARTESIAN_POINT('',(2.001295822998E0,-6.247475544994E0,3.394973726233E0));
#108=CARTESIAN_POINT('',(2.001609500732E0,-6.290166368255E0,3.372877350726E0));
#109=CARTESIAN_POINT('',(2.001609500732E0,-6.322877350726E0,3.340166368255E0));
#110=CARTESIAN_POINT('',(2.001295822998E0,-6.344973726233E0,3.297475544994E0));
#111=CARTESIAN_POINT('',(2.E0,-6.35E0,3.265882903367E0));
#112=CARTESIAN_POINT('',(2.E0,-6.35E0,3.250102784893E0));
#114=DIRECTION('',(1.113793668059E-12,5.826978846432E-14,-1.E0));
#115=VECTOR('',#114,6.127493065092E0);
#116=CARTESIAN_POINT('',(5.557850393443E0,-6.163540961858E0,3.063746532246E0));
#117=LINE('',#116,#115);
#118=DIRECTION('',(-9.972661898912E-1,-5.226450636626E-2,-5.223569540304E-2));
#119=VECTOR('',#118,3.567603544083E0);
#120=CARTESIAN_POINT('',(5.557850393450E0,-6.163540961858E0,-3.063746532846E0));
#121=LINE('',#120,#119);
#122=DIRECTION('',(9.972661898824E-1,5.226450636580E-2,-5.223569557090E-2));
#123=VECTOR('',#122,3.567603544108E0);
#124=CARTESIAN_POINT('',(2.E0,-6.35E0,3.250102784893E0));
#125=LINE('',#124,#123);
#126=CARTESIAN_POINT('',(5.55E0,-6.013746531646E0,3.063746531646E0));
#127=DIRECTION('',(0.E0,0.E0,-1.E0));
#128=DIRECTION('',(1.E0,0.E0,0.E0));
#129=AXIS2_PLACEMENT_3D('',#126,#127,#128);
#131=CARTESIAN_POINT('',(5.55E0,-6.013746531646E0,-3.063746531646E0));
#132=DIRECTION('',(0.E0,0.E0,-1.E0));
#133=DIRECTION('',(1.E0,0.E0,0.E0));
#134=AXIS2_PLACEMENT_3D('',#131,#132,#133);
#136=CARTESIAN_POINT('',(5.55E0,-6.013746531646E0,-3.063746531646E0));
#137=DIRECTION('',(9.972646886342E-1,5.226442768871E-2,5.226442768871E-2));
#138=DIRECTION('',(5.233595624295E-2,-9.986295347546E-1,0.E0));
#139=AXIS2_PLACEMENT_3D('',#136,#137,#138);
#141=CARTESIAN_POINT('',(2.E0,-6.35E0,-3.250102784893E0));
#142=CARTESIAN_POINT('',(2.E0,-6.35E0,-3.265882903367E0));
#143=CARTESIAN_POINT('',(2.001295822998E0,-6.344973726233E0,-3.297475544994E0));
#144=CARTESIAN_POINT('',(2.001609500732E0,-6.322877350726E0,-3.340166368255E0));
#145=CARTESIAN_POINT('',(2.001609500732E0,-6.290166368255E0,-3.372877350726E0));
#146=CARTESIAN_POINT('',(2.001295822998E0,-6.247475544994E0,-3.394973726233E0));
#147=CARTESIAN_POINT('',(2.E0,-6.215882903367E0,-3.4E0));
#148=CARTESIAN_POINT('',(2.E0,-6.200102784893E0,-3.4E0));
#150=DIRECTION('',(9.231448620836E-13,1.E0,4.836892125948E-14));
#151=VECTOR('',#150,1.202749306280E1);
#152=CARTESIAN_POINT('',(5.557850393448E0,-6.013746531482E0,-3.213540961858E0));
#153=LINE('',#152,#151);
#154=DIRECTION('',(9.972661898689E-1,-5.223569582968E-2,5.226450636509E-2));
#155=VECTOR('',#154,3.567603544172E0);
#156=CARTESIAN_POINT('',(2.E0,6.200102784893E0,-3.4E0));
#157=LINE('',#156,#155);
#158=DIRECTION('',(-9.972661898713E-1,-5.223569578423E-2,-5.226450636521E-2));
#159=VECTOR('',#158,3.567603544152E0);
#160=CARTESIAN_POINT('',(5.557850393448E0,-6.013746531482E0,-3.213540961858E0));
#161=LINE('',#160,#159);
#162=DIRECTION('',(-9.999999960058E-1,8.937816782164E-5,0.E0));
#163=VECTOR('',#162,1.150000004593E0);
#164=CARTESIAN_POINT('',(2.E0,-6.200102784893E0,-3.4E0));
#165=LINE('',#164,#163);
#166=DIRECTION('',(0.E0,1.E0,0.E0));
#167=VECTOR('',#166,1.240020556979E1);
#168=CARTESIAN_POINT('',(2.E0,-6.200102784893E0,-3.4E0));
#169=LINE('',#168,#167);
#170=DIRECTION('',(-9.999999960058E-1,-8.937816782318E-5,0.E0));
#171=VECTOR('',#170,1.150000004593E0);
#172=CARTESIAN_POINT('',(2.E0,6.200102784893E0,-3.4E0));
#173=LINE('',#172,#171);
#174=DIRECTION('',(0.E0,1.E0,0.E0));
#175=VECTOR('',#174,1.13E1);
#176=CARTESIAN_POINT('',(8.5E-1,-5.65E0,-3.3E0));
#177=LINE('',#176,#175);
#178=DIRECTION('',(0.E0,1.E0,0.E0));
#179=VECTOR('',#178,1.24E1);
#180=CARTESIAN_POINT('',(8.5E-1,-6.2E0,-3.4E0));
#181=LINE('',#180,#179);
#182=DIRECTION('',(0.E0,1.E0,0.E0));
#183=VECTOR('',#182,7.E-1);
#184=CARTESIAN_POINT('',(8.5E-1,-6.35E0,-1.6E0));
#185=LINE('',#184,#183);
#186=DIRECTION('',(0.E0,-1.E0,0.E0));
#187=VECTOR('',#186,1.13E1);
#188=CARTESIAN_POINT('',(8.5E-1,5.65E0,-2.8E0));
#189=LINE('',#188,#187);
#190=DIRECTION('',(0.E0,1.E0,0.E0));
#191=VECTOR('',#190,7.E-1);
#192=CARTESIAN_POINT('',(8.5E-1,5.65E0,-1.6E0));
#193=LINE('',#192,#191);
#194=DIRECTION('',(0.E0,-1.E0,0.E0));
#195=VECTOR('',#194,1.24E1);
#196=CARTESIAN_POINT('',(8.5E-1,6.2E0,3.4E0));
#197=LINE('',#196,#195);
#198=DIRECTION('',(0.E0,-1.E0,0.E0));
#199=VECTOR('',#198,1.13E1);
#200=CARTESIAN_POINT('',(8.5E-1,5.65E0,3.3E0));
#201=LINE('',#200,#199);
#202=DIRECTION('',(0.E0,1.E0,0.E0));
#203=VECTOR('',#202,1.13E1);
#204=CARTESIAN_POINT('',(8.5E-1,-5.65E0,2.8E0));
#205=LINE('',#204,#203);
#206=CARTESIAN_POINT('',(9.5E-1,5.65E0,-3.3E0));
#207=DIRECTION('',(0.E0,1.E0,0.E0));
#208=DIRECTION('',(-1.E0,0.E0,0.E0));
#209=AXIS2_PLACEMENT_3D('',#206,#207,#208);
#211=CARTESIAN_POINT('',(9.5E-1,-5.65E0,-3.3E0));
#212=DIRECTION('',(0.E0,-1.E0,0.E0));
#213=DIRECTION('',(0.E0,0.E0,1.E0));
#214=AXIS2_PLACEMENT_3D('',#211,#212,#213);
#216=DIRECTION('',(1.E0,0.E0,0.E0));
#217=VECTOR('',#216,8.5E-1);
#218=CARTESIAN_POINT('',(0.E0,5.65E0,-1.6E0));
#219=LINE('',#218,#217);
#220=DIRECTION('',(0.E0,0.E0,1.E0));
#221=VECTOR('',#220,3.2E0);
#222=CARTESIAN_POINT('',(0.E0,5.65E0,-1.6E0));
#223=LINE('',#222,#221);
#224=DIRECTION('',(-1.E0,0.E0,0.E0));
#225=VECTOR('',#224,8.5E-1);
#226=CARTESIAN_POINT('',(8.5E-1,5.65E0,1.6E0));
#227=LINE('',#226,#225);
#228=DIRECTION('',(0.E0,0.E0,1.E0));
#229=VECTOR('',#228,3.2E0);
#230=CARTESIAN_POINT('',(8.5E-1,5.65E0,-1.6E0));
#231=LINE('',#230,#229);
#232=DIRECTION('',(0.E0,0.E0,1.E0));
#233=VECTOR('',#232,1.E-1);
#234=CARTESIAN_POINT('',(8.5E-1,5.65E0,-3.3E0));
#235=LINE('',#234,#233);
#236=DIRECTION('',(1.E0,0.E0,0.E0));
#237=VECTOR('',#236,1.E-1);
#238=CARTESIAN_POINT('',(8.5E-1,5.65E0,-3.2E0));
#239=LINE('',#238,#237);
#240=DIRECTION('',(0.E0,0.E0,-1.E0));
#241=VECTOR('',#240,1.E-1);
#242=CARTESIAN_POINT('',(8.5E-1,5.65E0,3.3E0));
#243=LINE('',#242,#241);
#244=DIRECTION('',(-1.E0,0.E0,0.E0));
#245=VECTOR('',#244,1.E-1);
#246=CARTESIAN_POINT('',(9.5E-1,5.65E0,3.2E0));
#247=LINE('',#246,#245);
#248=DIRECTION('',(-1.E0,0.E0,0.E0));
#249=VECTOR('',#248,1.E-1);
#250=CARTESIAN_POINT('',(9.5E-1,5.65E0,-2.9E0));
#251=LINE('',#250,#249);
#252=DIRECTION('',(0.E0,0.E0,1.E0));
#253=VECTOR('',#252,1.E-1);
#254=CARTESIAN_POINT('',(8.5E-1,5.65E0,-2.9E0));
#255=LINE('',#254,#253);
#256=DIRECTION('',(0.E0,0.E0,-1.E0));
#257=VECTOR('',#256,1.E-1);
#258=CARTESIAN_POINT('',(8.5E-1,5.65E0,2.9E0));
#259=LINE('',#258,#257);
#260=DIRECTION('',(1.E0,0.E0,0.E0));
#261=VECTOR('',#260,1.E-1);
#262=CARTESIAN_POINT('',(8.5E-1,5.65E0,2.9E0));
#263=LINE('',#262,#261);
#264=DIRECTION('',(0.E0,-1.E0,0.E0));
#265=VECTOR('',#264,7.E-1);
#266=CARTESIAN_POINT('',(0.E0,6.35E0,-1.6E0));
#267=LINE('',#266,#265);
#268=DIRECTION('',(0.E0,0.E0,1.E0));
#269=VECTOR('',#268,3.2E0);
#270=CARTESIAN_POINT('',(0.E0,6.35E0,-1.6E0));
#271=LINE('',#270,#269);
#272=DIRECTION('',(0.E0,-1.E0,0.E0));
#273=VECTOR('',#272,7.E-1);
#274=CARTESIAN_POINT('',(0.E0,6.35E0,1.6E0));
#275=LINE('',#274,#273);
#276=DIRECTION('',(0.E0,-1.E0,0.E0));
#277=VECTOR('',#276,7.E-1);
#278=CARTESIAN_POINT('',(0.E0,-5.65E0,-1.6E0));
#279=LINE('',#278,#277);
#280=DIRECTION('',(0.E0,-1.E0,0.E0));
#281=VECTOR('',#280,7.E-1);
#282=CARTESIAN_POINT('',(0.E0,-5.65E0,1.6E0));
#283=LINE('',#282,#281);
#284=DIRECTION('',(0.E0,0.E0,-1.E0));
#285=VECTOR('',#284,3.2E0);
#286=CARTESIAN_POINT('',(0.E0,-6.35E0,1.6E0));
#287=LINE('',#286,#285);
#288=DIRECTION('',(1.E0,0.E0,0.E0));
#289=VECTOR('',#288,8.5E-1);
#290=CARTESIAN_POINT('',(0.E0,6.35E0,-1.6E0));
#291=LINE('',#290,#289);
#292=DIRECTION('',(0.E0,0.E0,1.E0));
#293=VECTOR('',#292,1.3E0);
#294=CARTESIAN_POINT('',(8.5E-1,6.35E0,-2.9E0));
#295=LINE('',#294,#293);
#296=DIRECTION('',(1.E0,0.E0,0.E0));
#297=VECTOR('',#296,1.5E-1);
#298=CARTESIAN_POINT('',(8.5E-1,6.35E0,-2.9E0));
#299=LINE('',#298,#297);
#300=DIRECTION('',(0.E0,0.E0,-1.E0));
#301=VECTOR('',#300,1.E-1);
#302=CARTESIAN_POINT('',(1.1E0,6.35E0,-3.E0));
#303=LINE('',#302,#301);
#304=DIRECTION('',(1.E0,1.184237892934E-14,0.E0));
#305=VECTOR('',#304,1.5E-1);
#306=CARTESIAN_POINT('',(8.5E-1,6.35E0,-3.2E0));
#307=LINE('',#306,#305);
#308=DIRECTION('',(0.E0,0.E0,1.E0));
#309=VECTOR('',#308,5.E-2);
#310=CARTESIAN_POINT('',(8.5E-1,6.35E0,-3.25E0));
#311=LINE('',#310,#309);
#312=DIRECTION('',(-9.999999960058E-1,0.E0,8.937816782318E-5));
#313=VECTOR('',#312,1.150000004593E0);
#314=CARTESIAN_POINT('',(2.E0,6.35E0,-3.250102784893E0));
#315=LINE('',#314,#313);
#316=DIRECTION('',(0.E0,0.E0,1.E0));
#317=VECTOR('',#316,6.500205569787E0);
#318=CARTESIAN_POINT('',(2.E0,6.35E0,-3.250102784893E0));
#319=LINE('',#318,#317);
#320=DIRECTION('',(-9.999999960058E-1,0.E0,-8.937816782357E-5));
#321=VECTOR('',#320,1.150000004593E0);
#322=CARTESIAN_POINT('',(2.E0,6.35E0,3.250102784893E0));
#323=LINE('',#322,#321);
#324=DIRECTION('',(0.E0,0.E0,-1.E0));
#325=VECTOR('',#324,5.E-2);
#326=CARTESIAN_POINT('',(8.5E-1,6.35E0,3.25E0));
#327=LINE('',#326,#325);
#328=DIRECTION('',(1.E0,0.E0,0.E0));
#329=VECTOR('',#328,1.5E-1);
#330=CARTESIAN_POINT('',(8.5E-1,6.35E0,3.2E0));
#331=LINE('',#330,#329);
#332=DIRECTION('',(0.E0,0.E0,-1.E0));
#333=VECTOR('',#332,1.E-1);
#334=CARTESIAN_POINT('',(1.1E0,6.35E0,3.1E0));
#335=LINE('',#334,#333);
#336=DIRECTION('',(1.E0,0.E0,0.E0));
#337=VECTOR('',#336,1.5E-1);
#338=CARTESIAN_POINT('',(8.5E-1,6.35E0,2.9E0));
#339=LINE('',#338,#337);
#340=DIRECTION('',(0.E0,0.E0,-1.E0));
#341=VECTOR('',#340,1.3E0);
#342=CARTESIAN_POINT('',(8.5E-1,6.35E0,2.9E0));
#343=LINE('',#342,#341);
#344=DIRECTION('',(-1.E0,0.E0,0.E0));
#345=VECTOR('',#344,8.5E-1);
#346=CARTESIAN_POINT('',(8.5E-1,6.35E0,1.6E0));
#347=LINE('',#346,#345);
#348=DIRECTION('',(0.E0,-1.E0,0.E0));
#349=VECTOR('',#348,7.E-1);
#350=CARTESIAN_POINT('',(8.5E-1,6.35E0,-2.9E0));
#351=LINE('',#350,#349);
#352=DIRECTION('',(0.E0,-1.E0,0.E0));
#353=VECTOR('',#352,1.13E1);
#354=CARTESIAN_POINT('',(9.5E-1,5.65E0,-2.9E0));
#355=LINE('',#354,#353);
#356=DIRECTION('',(0.E0,-1.E0,0.E0));
#357=VECTOR('',#356,7.E-1);
#358=CARTESIAN_POINT('',(8.5E-1,-5.65E0,-2.9E0));
#359=LINE('',#358,#357);
#360=DIRECTION('',(0.E0,-1.E0,0.E0));
#361=VECTOR('',#360,1.27E1);
#362=CARTESIAN_POINT('',(1.E0,6.35E0,-2.9E0));
#363=LINE('',#362,#361);
#364=CARTESIAN_POINT('',(9.5E-1,-5.65E0,-2.8E0));
#365=DIRECTION('',(0.E0,-1.E0,0.E0));
#366=DIRECTION('',(-1.E0,0.E0,0.E0));
#367=AXIS2_PLACEMENT_3D('',#364,#365,#366);
#369=CARTESIAN_POINT('',(9.5E-1,5.65E0,-2.8E0));
#370=DIRECTION('',(0.E0,1.E0,0.E0));
#371=DIRECTION('',(0.E0,0.E0,-1.E0));
#372=AXIS2_PLACEMENT_3D('',#369,#370,#371);
#374=DIRECTION('',(1.E0,0.E0,0.E0));
#375=VECTOR('',#374,8.5E-1);
#376=CARTESIAN_POINT('',(0.E0,-5.65E0,-1.6E0));
#377=LINE('',#376,#375);
#378=DIRECTION('',(0.E0,0.E0,1.E0));
#379=VECTOR('',#378,3.2E0);
#380=CARTESIAN_POINT('',(8.5E-1,-5.65E0,-1.6E0));
#381=LINE('',#380,#379);
#382=DIRECTION('',(-1.E0,0.E0,0.E0));
#383=VECTOR('',#382,8.5E-1);
#384=CARTESIAN_POINT('',(8.5E-1,-5.65E0,1.6E0));
#385=LINE('',#384,#383);
#386=DIRECTION('',(0.E0,0.E0,-1.E0));
#387=VECTOR('',#386,3.2E0);
#388=CARTESIAN_POINT('',(0.E0,-5.65E0,1.6E0));
#389=LINE('',#388,#387);
#390=DIRECTION('',(0.E0,0.E0,1.E0));
#391=VECTOR('',#390,1.E-1);
#392=CARTESIAN_POINT('',(8.5E-1,-5.65E0,-3.3E0));
#393=LINE('',#392,#391);
#394=DIRECTION('',(-1.E0,0.E0,0.E0));
#395=VECTOR('',#394,1.E-1);
#396=CARTESIAN_POINT('',(9.5E-1,-5.65E0,-3.2E0));
#397=LINE('',#396,#395);
#398=DIRECTION('',(0.E0,0.E0,-1.E0));
#399=VECTOR('',#398,1.E-1);
#400=CARTESIAN_POINT('',(8.5E-1,-5.65E0,3.3E0));
#401=LINE('',#400,#399);
#402=DIRECTION('',(1.E0,0.E0,0.E0));
#403=VECTOR('',#402,1.E-1);
#404=CARTESIAN_POINT('',(8.5E-1,-5.65E0,3.2E0));
#405=LINE('',#404,#403);
#406=DIRECTION('',(1.E0,0.E0,0.E0));
#407=VECTOR('',#406,1.E-1);
#408=CARTESIAN_POINT('',(8.5E-1,-5.65E0,-2.9E0));
#409=LINE('',#408,#407);
#410=DIRECTION('',(0.E0,0.E0,1.E0));
#411=VECTOR('',#410,1.E-1);
#412=CARTESIAN_POINT('',(8.5E-1,-5.65E0,-2.9E0));
#413=LINE('',#412,#411);
#414=DIRECTION('',(0.E0,0.E0,-1.E0));
#415=VECTOR('',#414,1.E-1);
#416=CARTESIAN_POINT('',(8.5E-1,-5.65E0,2.9E0));
#417=LINE('',#416,#415);
#418=DIRECTION('',(-1.E0,0.E0,0.E0));
#419=VECTOR('',#418,1.E-1);
#420=CARTESIAN_POINT('',(9.5E-1,-5.65E0,2.9E0));
#421=LINE('',#420,#419);
#422=DIRECTION('',(0.E0,0.E0,1.E0));
#423=VECTOR('',#422,7.5E-1);
#424=CARTESIAN_POINT('',(8.5E-1,-5.65E0,-2.35E0));
#425=LINE('',#424,#423);
#426=DIRECTION('',(-9.987827659587E-1,-3.487826274238E-2,-3.487826274237E-2));
#427=VECTOR('',#426,3.203899896018E0);
#428=CARTESIAN_POINT('',(4.1E0,-5.536507499152E0,-2.238253537626E0));
#429=LINE('',#428,#427);
#430=DIRECTION('',(-9.987827659587E-1,-3.487826274238E-2,3.487826274237E-2));
#431=VECTOR('',#430,3.203899896018E0);
#432=CARTESIAN_POINT('',(4.1E0,-5.536507499152E0,2.238253537626E0));
#433=LINE('',#432,#431);
#434=DIRECTION('',(0.E0,0.E0,-1.E0));
#435=VECTOR('',#434,7.5E-1);
#436=CARTESIAN_POINT('',(8.5E-1,-5.65E0,2.35E0));
#437=LINE('',#436,#435);
#438=DIRECTION('',(0.E0,-1.E0,0.E0));
#439=VECTOR('',#438,1.13E1);
#440=CARTESIAN_POINT('',(8.5E-1,5.65E0,-2.35E0));
#441=LINE('',#440,#439);
#442=DIRECTION('',(9.993908270191E-1,-3.489949670250E-2,0.E0));
#443=VECTOR('',#442,5.003047721495E-2);
#444=CARTESIAN_POINT('',(8.5E-1,5.65E0,-2.35E0));
#445=LINE('',#444,#443);
#446=DIRECTION('',(0.E0,-1.E0,0.E0));
#447=VECTOR('',#446,1.129650792305E1);
#448=CARTESIAN_POINT('',(9.E-1,5.648253961525E0,-2.35E0));
#449=LINE('',#448,#447);
#450=DIRECTION('',(-9.993908270191E-1,-3.489949670249E-2,0.E0));
#451=VECTOR('',#450,5.003047721495E-2);
#452=CARTESIAN_POINT('',(9.E-1,-5.648253961525E0,-2.35E0));
#453=LINE('',#452,#451);
#454=DIRECTION('',(0.E0,0.E0,1.E0));
#455=VECTOR('',#454,7.5E-1);
#456=CARTESIAN_POINT('',(8.5E-1,5.65E0,-2.35E0));
#457=LINE('',#456,#455);
#458=DIRECTION('',(0.E0,0.E0,-1.E0));
#459=VECTOR('',#458,7.5E-1);
#460=CARTESIAN_POINT('',(8.5E-1,5.65E0,2.35E0));
#461=LINE('',#460,#459);
#462=DIRECTION('',(9.987827659587E-1,-3.487826274237E-2,-3.487826274237E-2));
#463=VECTOR('',#462,3.203899896018E0);
#464=CARTESIAN_POINT('',(9.E-1,5.648253961525E0,2.35E0));
#465=LINE('',#464,#463);
#466=DIRECTION('',(9.987827659587E-1,-3.487826274237E-2,3.487826274237E-2));
#467=VECTOR('',#466,3.203899896018E0);
#468=CARTESIAN_POINT('',(9.E-1,5.648253961525E0,-2.35E0));
#469=LINE('',#468,#467);
#470=DIRECTION('',(0.E0,1.E0,0.E0));
#471=VECTOR('',#470,1.13E1);
#472=CARTESIAN_POINT('',(8.5E-1,-5.65E0,2.35E0));
#473=LINE('',#472,#471);
#474=DIRECTION('',(-9.993908270191E-1,-3.489949670249E-2,0.E0));
#475=VECTOR('',#474,5.003047721495E-2);
#476=CARTESIAN_POINT('',(9.E-1,-5.648253961525E0,2.35E0));
#477=LINE('',#476,#475);
#478=DIRECTION('',(0.E0,1.E0,0.E0));
#479=VECTOR('',#478,1.129650792305E1);
#480=CARTESIAN_POINT('',(9.E-1,-5.648253961525E0,2.35E0));
#481=LINE('',#480,#479);
#482=DIRECTION('',(9.993908270191E-1,-3.489949670250E-2,0.E0));
#483=VECTOR('',#482,5.003047721495E-2);
#484=CARTESIAN_POINT('',(8.5E-1,5.65E0,2.35E0));
#485=LINE('',#484,#483);
#486=DIRECTION('',(0.E0,1.E0,0.E0));
#487=VECTOR('',#486,1.107301499830E1);
#488=CARTESIAN_POINT('',(4.1E0,-5.536507499152E0,-2.238253537626E0));
#489=LINE('',#488,#487);
#490=DIRECTION('',(0.E0,0.E0,1.E0));
#491=VECTOR('',#490,4.476507075253E0);
#492=CARTESIAN_POINT('',(4.1E0,5.536507499152E0,-2.238253537626E0));
#493=LINE('',#492,#491);
#494=DIRECTION('',(0.E0,1.E0,0.E0));
#495=VECTOR('',#494,1.107301499830E1);
#496=CARTESIAN_POINT('',(4.1E0,-5.536507499152E0,2.238253537626E0));
#497=LINE('',#496,#495);
#498=DIRECTION('',(0.E0,0.E0,1.E0));
#499=VECTOR('',#498,4.476507075253E0);
#500=CARTESIAN_POINT('',(4.1E0,-5.536507499152E0,-2.238253537626E0));
#501=LINE('',#500,#499);
#502=DIRECTION('',(0.E0,1.E0,0.E0));
#503=VECTOR('',#502,7.E-1);
#504=CARTESIAN_POINT('',(8.5E-1,5.65E0,1.6E0));
#505=LINE('',#504,#503);
#506=DIRECTION('',(0.E0,1.E0,0.E0));
#507=VECTOR('',#506,7.E-1);
#508=CARTESIAN_POINT('',(8.5E-1,-6.35E0,1.6E0));
#509=LINE('',#508,#507);
#510=DIRECTION('',(1.E0,0.E0,0.E0));
#511=VECTOR('',#510,8.5E-1);
#512=CARTESIAN_POINT('',(0.E0,-6.35E0,-1.6E0));
#513=LINE('',#512,#511);
#514=DIRECTION('',(-1.E0,0.E0,0.E0));
#515=VECTOR('',#514,8.5E-1);
#516=CARTESIAN_POINT('',(8.5E-1,-6.35E0,1.6E0));
#517=LINE('',#516,#515);
#518=DIRECTION('',(0.E0,0.E0,-1.E0));
#519=VECTOR('',#518,1.3E0);
#520=CARTESIAN_POINT('',(8.5E-1,-6.35E0,2.9E0));
#521=LINE('',#520,#519);
#522=DIRECTION('',(1.E0,0.E0,0.E0));
#523=VECTOR('',#522,1.5E-1);
#524=CARTESIAN_POINT('',(8.5E-1,-6.35E0,2.9E0));
#525=LINE('',#524,#523);
#526=DIRECTION('',(0.E0,0.E0,-1.E0));
#527=VECTOR('',#526,1.E-1);
#528=CARTESIAN_POINT('',(1.1E0,-6.35E0,3.1E0));
#529=LINE('',#528,#527);
#530=DIRECTION('',(1.E0,-1.184237892933E-14,0.E0));
#531=VECTOR('',#530,1.5E-1);
#532=CARTESIAN_POINT('',(8.5E-1,-6.35E0,3.2E0));
#533=LINE('',#532,#531);
#534=DIRECTION('',(0.E0,0.E0,-1.E0));
#535=VECTOR('',#534,5.E-2);
#536=CARTESIAN_POINT('',(8.5E-1,-6.35E0,3.25E0));
#537=LINE('',#536,#535);
#538=DIRECTION('',(-9.999999960058E-1,0.E0,-8.937816782318E-5));
#539=VECTOR('',#538,1.150000004593E0);
#540=CARTESIAN_POINT('',(2.E0,-6.35E0,3.250102784893E0));
#541=LINE('',#540,#539);
#542=DIRECTION('',(0.E0,0.E0,-1.E0));
#543=VECTOR('',#542,6.500205569787E0);
#544=CARTESIAN_POINT('',(2.E0,-6.35E0,3.250102784893E0));
#545=LINE('',#544,#543);
#546=DIRECTION('',(-9.999999960058E-1,0.E0,8.937816782395E-5));
#547=VECTOR('',#546,1.150000004593E0);
#548=CARTESIAN_POINT('',(2.E0,-6.35E0,-3.250102784893E0));
#549=LINE('',#548,#547);
#550=DIRECTION('',(0.E0,0.E0,1.E0));
#551=VECTOR('',#550,5.E-2);
#552=CARTESIAN_POINT('',(8.5E-1,-6.35E0,-3.25E0));
#553=LINE('',#552,#551);
#554=DIRECTION('',(1.E0,0.E0,0.E0));
#555=VECTOR('',#554,1.5E-1);
#556=CARTESIAN_POINT('',(8.5E-1,-6.35E0,-3.2E0));
#557=LINE('',#556,#555);
#558=DIRECTION('',(0.E0,0.E0,-1.E0));
#559=VECTOR('',#558,1.E-1);
#560=CARTESIAN_POINT('',(1.1E0,-6.35E0,-3.E0));
#561=LINE('',#560,#559);
#562=DIRECTION('',(1.E0,-1.184237892934E-14,0.E0));
#563=VECTOR('',#562,1.5E-1);
#564=CARTESIAN_POINT('',(8.5E-1,-6.35E0,-2.9E0));
#565=LINE('',#564,#563);
#566=DIRECTION('',(0.E0,0.E0,1.E0));
#567=VECTOR('',#566,1.3E0);
#568=CARTESIAN_POINT('',(8.5E-1,-6.35E0,-2.9E0));
#569=LINE('',#568,#567);
#570=DIRECTION('',(0.E0,1.E0,0.E0));
#571=VECTOR('',#570,7.E-1);
#572=CARTESIAN_POINT('',(8.5E-1,-6.35E0,2.9E0));
#573=LINE('',#572,#571);
#574=DIRECTION('',(0.E0,1.E0,0.E0));
#575=VECTOR('',#574,1.13E1);
#576=CARTESIAN_POINT('',(9.5E-1,-5.65E0,2.9E0));
#577=LINE('',#576,#575);
#578=DIRECTION('',(0.E0,1.E0,0.E0));
#579=VECTOR('',#578,7.E-1);
#580=CARTESIAN_POINT('',(8.5E-1,5.65E0,2.9E0));
#581=LINE('',#580,#579);
#582=DIRECTION('',(0.E0,1.E0,0.E0));
#583=VECTOR('',#582,1.27E1);
#584=CARTESIAN_POINT('',(1.E0,-6.35E0,2.9E0));
#585=LINE('',#584,#583);
#586=CARTESIAN_POINT('',(9.5E-1,5.65E0,2.8E0));
#587=DIRECTION('',(0.E0,1.E0,0.E0));
#588=DIRECTION('',(-1.E0,0.E0,0.E0));
#589=AXIS2_PLACEMENT_3D('',#586,#587,#588);
#591=CARTESIAN_POINT('',(9.5E-1,-5.65E0,2.8E0));
#592=DIRECTION('',(0.E0,-1.E0,0.E0));
#593=DIRECTION('',(0.E0,0.E0,1.E0));
#594=AXIS2_PLACEMENT_3D('',#591,#592,#593);
#596=CARTESIAN_POINT('',(1.E0,-6.35E0,3.E0));
#597=DIRECTION('',(0.E0,1.E0,0.E0));
#598=DIRECTION('',(1.E0,0.E0,0.E0));
#599=AXIS2_PLACEMENT_3D('',#596,#597,#598);
#601=CARTESIAN_POINT('',(1.E0,6.35E0,3.E0));
#602=DIRECTION('',(0.E0,-1.E0,0.E0));
#603=DIRECTION('',(0.E0,0.E0,-1.E0));
#604=AXIS2_PLACEMENT_3D('',#601,#602,#603);
#606=DIRECTION('',(0.E0,1.E0,0.E0));
#607=VECTOR('',#606,1.27E1);
#608=CARTESIAN_POINT('',(1.1E0,-6.35E0,3.E0));
#609=LINE('',#608,#607);
#610=DIRECTION('',(0.E0,-1.E0,0.E0));
#611=VECTOR('',#610,1.27E1);
#612=CARTESIAN_POINT('',(1.1E0,6.35E0,3.1E0));
#613=LINE('',#612,#611);
#614=DIRECTION('',(0.E0,1.E0,0.E0));
#615=VECTOR('',#614,1.27E1);
#616=CARTESIAN_POINT('',(1.1E0,-6.35E0,-3.1E0));
#617=LINE('',#616,#615);
#618=DIRECTION('',(0.E0,-1.E0,0.E0));
#619=VECTOR('',#618,1.27E1);
#620=CARTESIAN_POINT('',(1.1E0,6.35E0,-3.E0));
#621=LINE('',#620,#619);
#622=CARTESIAN_POINT('',(1.E0,6.35E0,3.1E0));
#623=DIRECTION('',(0.E0,-1.E0,0.E0));
#624=DIRECTION('',(1.E0,0.E0,0.E0));
#625=AXIS2_PLACEMENT_3D('',#622,#623,#624);
#627=CARTESIAN_POINT('',(1.E0,-6.35E0,3.1E0));
#628=DIRECTION('',(0.E0,1.E0,0.E0));
#629=DIRECTION('',(0.E0,0.E0,1.E0));
#630=AXIS2_PLACEMENT_3D('',#627,#628,#629);
#632=DIRECTION('',(0.E0,-1.E0,0.E0));
#633=VECTOR('',#632,7.E-1);
#634=CARTESIAN_POINT('',(8.5E-1,6.35E0,3.2E0));
#635=LINE('',#634,#633);
#636=DIRECTION('',(0.E0,-1.E0,0.E0));
#637=VECTOR('',#636,1.13E1);
#638=CARTESIAN_POINT('',(9.5E-1,5.65E0,3.2E0));
#639=LINE('',#638,#637);
#640=DIRECTION('',(0.E0,-1.E0,0.E0));
#641=VECTOR('',#640,7.E-1);
#642=CARTESIAN_POINT('',(8.5E-1,-5.65E0,3.2E0));
#643=LINE('',#642,#641);
#644=DIRECTION('',(0.E0,-1.E0,0.E0));
#645=VECTOR('',#644,1.27E1);
#646=CARTESIAN_POINT('',(1.E0,6.35E0,3.2E0));
#647=LINE('',#646,#645);
#648=CARTESIAN_POINT('',(9.5E-1,-5.65E0,3.3E0));
#649=DIRECTION('',(0.E0,-1.E0,0.E0));
#650=DIRECTION('',(-1.E0,0.E0,0.E0));
#651=AXIS2_PLACEMENT_3D('',#648,#649,#650);
#653=CARTESIAN_POINT('',(9.5E-1,5.65E0,3.3E0));
#654=DIRECTION('',(0.E0,1.E0,0.E0));
#655=DIRECTION('',(0.E0,0.E0,-1.E0));
#656=AXIS2_PLACEMENT_3D('',#653,#654,#655);
#658=CARTESIAN_POINT('',(1.E0,-6.35E0,-3.1E0));
#659=DIRECTION('',(0.E0,1.E0,0.E0));
#660=DIRECTION('',(1.E0,0.E0,0.E0));
#661=AXIS2_PLACEMENT_3D('',#658,#659,#660);
#663=CARTESIAN_POINT('',(1.E0,6.35E0,-3.1E0));
#664=DIRECTION('',(0.E0,-1.E0,0.E0));
#665=DIRECTION('',(0.E0,0.E0,-1.E0));
#666=AXIS2_PLACEMENT_3D('',#663,#664,#665);
#668=DIRECTION('',(0.E0,1.E0,0.E0));
#669=VECTOR('',#668,7.E-1);
#670=CARTESIAN_POINT('',(8.5E-1,-6.35E0,-3.2E0));
#671=LINE('',#670,#669);
#672=DIRECTION('',(0.E0,1.E0,0.E0));
#673=VECTOR('',#672,1.13E1);
#674=CARTESIAN_POINT('',(9.5E-1,-5.65E0,-3.2E0));
#675=LINE('',#674,#673);
#676=DIRECTION('',(0.E0,1.E0,0.E0));
#677=VECTOR('',#676,7.E-1);
#678=CARTESIAN_POINT('',(8.5E-1,5.65E0,-3.2E0));
#679=LINE('',#678,#677);
#680=DIRECTION('',(0.E0,1.E0,0.E0));
#681=VECTOR('',#680,1.27E1);
#682=CARTESIAN_POINT('',(1.E0,-6.35E0,-3.2E0));
#683=LINE('',#682,#681);
#684=CARTESIAN_POINT('',(1.E0,6.35E0,-3.E0));
#685=DIRECTION('',(0.E0,-1.E0,0.E0));
#686=DIRECTION('',(1.E0,0.E0,0.E0));
#687=AXIS2_PLACEMENT_3D('',#684,#685,#686);
#689=CARTESIAN_POINT('',(1.E0,-6.35E0,-3.E0));
#690=DIRECTION('',(0.E0,1.E0,0.E0));
#691=DIRECTION('',(0.E0,0.E0,1.E0));
#692=AXIS2_PLACEMENT_3D('',#689,#690,#691);
#694=CARTESIAN_POINT('',(8.5E-1,-6.2E0,3.25E0));
#695=DIRECTION('',(-1.E0,0.E0,0.E0));
#696=DIRECTION('',(0.E0,-1.E0,0.E0));
#697=AXIS2_PLACEMENT_3D('',#694,#695,#696);
#699=DIRECTION('',(-9.999999960058E-1,-8.937816782318E-5,0.E0));
#700=VECTOR('',#699,1.150000004593E0);
#701=CARTESIAN_POINT('',(2.E0,6.200102784893E0,3.4E0));
#702=LINE('',#701,#700);
#703=DIRECTION('',(0.E0,-1.E0,0.E0));
#704=VECTOR('',#703,1.240020556979E1);
#705=CARTESIAN_POINT('',(2.E0,6.200102784893E0,3.4E0));
#706=LINE('',#705,#704);
#707=DIRECTION('',(-9.999999960058E-1,8.937816782241E-5,0.E0));
#708=VECTOR('',#707,1.150000004593E0);
#709=CARTESIAN_POINT('',(2.E0,-6.200102784893E0,3.4E0));
#710=LINE('',#709,#708);
#711=CARTESIAN_POINT('',(8.5E-1,6.2E0,3.25E0));
#712=DIRECTION('',(-1.E0,0.E0,0.E0));
#713=DIRECTION('',(0.E0,0.E0,1.E0));
#714=AXIS2_PLACEMENT_3D('',#711,#712,#713);
#716=CARTESIAN_POINT('',(8.5E-1,-6.2E0,-3.25E0));
#717=DIRECTION('',(-1.E0,0.E0,0.E0));
#718=DIRECTION('',(0.E0,0.E0,-1.E0));
#719=AXIS2_PLACEMENT_3D('',#716,#717,#718);
#721=CARTESIAN_POINT('',(8.5E-1,6.2E0,-3.25E0));
#722=DIRECTION('',(-1.E0,0.E0,0.E0));
#723=DIRECTION('',(0.E0,1.E0,0.E0));
#724=AXIS2_PLACEMENT_3D('',#721,#722,#723);
#726=CARTESIAN_POINT('',(2.E0,6.35E0,-3.250102784893E0));
#727=CARTESIAN_POINT('',(2.E0,6.35E0,3.250102784893E0));
#728=VERTEX_POINT('',#726);
#729=VERTEX_POINT('',#727);
#730=CARTESIAN_POINT('',(2.E0,-6.35E0,3.250102784893E0));
#731=CARTESIAN_POINT('',(2.E0,-6.35E0,-3.250102784893E0));
#732=VERTEX_POINT('',#730);
#733=VERTEX_POINT('',#731);
#734=CARTESIAN_POINT('',(2.E0,6.200102784893E0,3.4E0));
#735=CARTESIAN_POINT('',(2.E0,-6.200102784893E0,3.4E0));
#736=VERTEX_POINT('',#734);
#737=VERTEX_POINT('',#735);
#738=CARTESIAN_POINT('',(2.E0,-6.200102784893E0,-3.4E0));
#739=CARTESIAN_POINT('',(2.E0,6.200102784893E0,-3.4E0));
#740=VERTEX_POINT('',#738);
#741=VERTEX_POINT('',#739);
#742=CARTESIAN_POINT('',(5.557850393436E0,-6.163540961859E0,-3.063746531646E0));
#743=CARTESIAN_POINT('',(5.557850393436E0,-6.013746531646E0,-3.213540961859E0));
#744=VERTEX_POINT('',#742);
#745=VERTEX_POINT('',#743);
#746=CARTESIAN_POINT('',(5.7E0,-6.013746531648E0,-3.063746531646E0));
#747=CARTESIAN_POINT('',(5.7E0,6.013746531645E0,-3.063746531643E0));
#748=VERTEX_POINT('',#746);
#749=VERTEX_POINT('',#747);
#750=CARTESIAN_POINT('',(5.557850393459E0,6.013746531319E0,-3.213540961858E0));
#751=VERTEX_POINT('',#750);
#752=CARTESIAN_POINT('',(5.557850393436E0,6.163540961859E0,-3.063746531646E0));
#753=VERTEX_POINT('',#752);
#754=CARTESIAN_POINT('',(5.7E0,6.013746531648E0,3.063746531646E0));
#755=VERTEX_POINT('',#754);
#756=CARTESIAN_POINT('',(5.557850393450E0,6.163540961858E0,3.063746532846E0));
#757=VERTEX_POINT('',#756);
#758=CARTESIAN_POINT('',(5.557850393436E0,6.013746531646E0,3.213540961859E0));
#759=VERTEX_POINT('',#758);
#760=CARTESIAN_POINT('',(5.7E0,-6.013746531645E0,3.063746531643E0));
#761=VERTEX_POINT('',#760);
#762=CARTESIAN_POINT('',(5.557850393459E0,-6.013746531319E0,3.213540961858E0));
#763=VERTEX_POINT('',#762);
#764=CARTESIAN_POINT('',(5.557850393436E0,-6.163540961859E0,3.063746531646E0));
#765=VERTEX_POINT('',#764);
#766=CARTESIAN_POINT('',(9.5E-1,-5.65E0,-3.2E0));
#767=CARTESIAN_POINT('',(9.5E-1,5.65E0,-3.2E0));
#768=VERTEX_POINT('',#766);
#769=VERTEX_POINT('',#767);
#770=CARTESIAN_POINT('',(9.5E-1,5.65E0,-2.9E0));
#771=CARTESIAN_POINT('',(9.5E-1,-5.65E0,-2.9E0));
#772=VERTEX_POINT('',#770);
#773=VERTEX_POINT('',#771);
#774=CARTESIAN_POINT('',(9.5E-1,-5.65E0,2.9E0));
#775=CARTESIAN_POINT('',(9.5E-1,5.65E0,2.9E0));
#776=VERTEX_POINT('',#774);
#777=VERTEX_POINT('',#775);
#778=CARTESIAN_POINT('',(9.5E-1,5.65E0,3.2E0));
#779=CARTESIAN_POINT('',(9.5E-1,-5.65E0,3.2E0));
#780=VERTEX_POINT('',#778);
#781=VERTEX_POINT('',#779);
#782=CARTESIAN_POINT('',(4.1E0,-5.536507499152E0,-2.238253537626E0));
#783=CARTESIAN_POINT('',(4.1E0,5.536507499152E0,-2.238253537626E0));
#784=VERTEX_POINT('',#782);
#785=VERTEX_POINT('',#783);
#786=CARTESIAN_POINT('',(4.1E0,-5.536507499152E0,2.238253537626E0));
#787=CARTESIAN_POINT('',(4.1E0,5.536507499152E0,2.238253537626E0));
#788=VERTEX_POINT('',#786);
#789=VERTEX_POINT('',#787);
#790=CARTESIAN_POINT('',(9.E-1,-5.648253961525E0,-2.35E0));
#791=VERTEX_POINT('',#790);
#792=CARTESIAN_POINT('',(9.E-1,-5.648253961525E0,2.35E0));
#793=VERTEX_POINT('',#792);
#794=CARTESIAN_POINT('',(9.E-1,5.648253961525E0,-2.35E0));
#795=VERTEX_POINT('',#794);
#796=CARTESIAN_POINT('',(9.E-1,5.648253961525E0,2.35E0));
#797=VERTEX_POINT('',#796);
#798=CARTESIAN_POINT('',(1.1E0,6.35E0,-3.E0));
#799=CARTESIAN_POINT('',(1.1E0,-6.35E0,-3.E0));
#800=VERTEX_POINT('',#798);
#801=VERTEX_POINT('',#799);
#802=CARTESIAN_POINT('',(1.E0,6.35E0,-2.9E0));
#803=CARTESIAN_POINT('',(1.E0,-6.35E0,-2.9E0));
#804=VERTEX_POINT('',#802);
#805=VERTEX_POINT('',#803);
#806=CARTESIAN_POINT('',(1.1E0,-6.35E0,3.E0));
#807=CARTESIAN_POINT('',(1.1E0,6.35E0,3.E0));
#808=VERTEX_POINT('',#806);
#809=VERTEX_POINT('',#807);
#810=CARTESIAN_POINT('',(1.1E0,6.35E0,3.1E0));
#811=CARTESIAN_POINT('',(1.1E0,-6.35E0,3.1E0));
#812=VERTEX_POINT('',#810);
#813=VERTEX_POINT('',#811);
#814=CARTESIAN_POINT('',(1.1E0,-6.35E0,-3.1E0));
#815=CARTESIAN_POINT('',(1.1E0,6.35E0,-3.1E0));
#816=VERTEX_POINT('',#814);
#817=VERTEX_POINT('',#815);
#818=CARTESIAN_POINT('',(1.E0,-6.35E0,2.9E0));
#819=CARTESIAN_POINT('',(1.E0,6.35E0,2.9E0));
#820=VERTEX_POINT('',#818);
#821=VERTEX_POINT('',#819);
#822=CARTESIAN_POINT('',(1.E0,6.35E0,3.2E0));
#823=CARTESIAN_POINT('',(1.E0,-6.35E0,3.2E0));
#824=VERTEX_POINT('',#822);
#825=VERTEX_POINT('',#823);
#826=CARTESIAN_POINT('',(1.E0,-6.35E0,-3.2E0));
#827=CARTESIAN_POINT('',(1.E0,6.35E0,-3.2E0));
#828=VERTEX_POINT('',#826);
#829=VERTEX_POINT('',#827);
#830=CARTESIAN_POINT('',(0.E0,6.35E0,-1.6E0));
#831=CARTESIAN_POINT('',(0.E0,5.65E0,-1.6E0));
#832=VERTEX_POINT('',#830);
#833=VERTEX_POINT('',#831);
#834=CARTESIAN_POINT('',(0.E0,-5.65E0,-1.6E0));
#835=CARTESIAN_POINT('',(0.E0,-6.35E0,-1.6E0));
#836=VERTEX_POINT('',#834);
#837=VERTEX_POINT('',#835);
#838=CARTESIAN_POINT('',(0.E0,6.35E0,1.6E0));
#839=CARTESIAN_POINT('',(0.E0,5.65E0,1.6E0));
#840=VERTEX_POINT('',#838);
#841=VERTEX_POINT('',#839);
#842=CARTESIAN_POINT('',(0.E0,-5.65E0,1.6E0));
#843=CARTESIAN_POINT('',(0.E0,-6.35E0,1.6E0));
#844=VERTEX_POINT('',#842);
#845=VERTEX_POINT('',#843);
#846=CARTESIAN_POINT('',(8.5E-1,6.35E0,-1.6E0));
#847=VERTEX_POINT('',#846);
#848=CARTESIAN_POINT('',(8.5E-1,6.35E0,-3.25E0));
#849=CARTESIAN_POINT('',(8.5E-1,6.35E0,-3.2E0));
#850=VERTEX_POINT('',#848);
#851=VERTEX_POINT('',#849);
#852=CARTESIAN_POINT('',(8.5E-1,6.35E0,-2.9E0));
#853=VERTEX_POINT('',#852);
#854=CARTESIAN_POINT('',(8.5E-1,6.35E0,3.25E0));
#855=CARTESIAN_POINT('',(8.5E-1,6.35E0,3.2E0));
#856=VERTEX_POINT('',#854);
#857=VERTEX_POINT('',#855);
#858=CARTESIAN_POINT('',(8.5E-1,6.35E0,2.9E0));
#859=CARTESIAN_POINT('',(8.5E-1,6.35E0,1.6E0));
#860=VERTEX_POINT('',#858);
#861=VERTEX_POINT('',#859);
#862=CARTESIAN_POINT('',(8.5E-1,-6.35E0,-1.6E0));
#863=VERTEX_POINT('',#862);
#864=CARTESIAN_POINT('',(8.5E-1,-6.35E0,-3.25E0));
#865=CARTESIAN_POINT('',(8.5E-1,-6.35E0,-3.2E0));
#866=VERTEX_POINT('',#864);
#867=VERTEX_POINT('',#865);
#868=CARTESIAN_POINT('',(8.5E-1,-6.35E0,-2.9E0));
#869=VERTEX_POINT('',#868);
#870=CARTESIAN_POINT('',(8.5E-1,-6.35E0,3.25E0));
#871=CARTESIAN_POINT('',(8.5E-1,-6.35E0,3.2E0));
#872=VERTEX_POINT('',#870);
#873=VERTEX_POINT('',#871);
#874=CARTESIAN_POINT('',(8.5E-1,-6.35E0,2.9E0));
#875=CARTESIAN_POINT('',(8.5E-1,-6.35E0,1.6E0));
#876=VERTEX_POINT('',#874);
#877=VERTEX_POINT('',#875);
#878=CARTESIAN_POINT('',(8.5E-1,-6.2E0,3.4E0));
#879=VERTEX_POINT('',#878);
#880=CARTESIAN_POINT('',(8.5E-1,6.2E0,3.4E0));
#881=VERTEX_POINT('',#880);
#882=CARTESIAN_POINT('',(8.5E-1,6.2E0,-3.4E0));
#883=VERTEX_POINT('',#882);
#884=CARTESIAN_POINT('',(8.5E-1,-6.2E0,-3.4E0));
#885=VERTEX_POINT('',#884);
#886=CARTESIAN_POINT('',(8.5E-1,-5.65E0,-1.6E0));
#887=VERTEX_POINT('',#886);
#888=CARTESIAN_POINT('',(8.5E-1,-5.65E0,-3.3E0));
#889=CARTESIAN_POINT('',(8.5E-1,-5.65E0,-3.2E0));
#890=VERTEX_POINT('',#888);
#891=VERTEX_POINT('',#889);
#892=CARTESIAN_POINT('',(8.5E-1,-5.65E0,3.3E0));
#893=CARTESIAN_POINT('',(8.5E-1,-5.65E0,3.2E0));
#894=VERTEX_POINT('',#892);
#895=VERTEX_POINT('',#893);
#896=CARTESIAN_POINT('',(8.5E-1,-5.65E0,1.6E0));
#897=VERTEX_POINT('',#896);
#898=CARTESIAN_POINT('',(8.5E-1,5.65E0,-1.6E0));
#899=VERTEX_POINT('',#898);
#900=CARTESIAN_POINT('',(8.5E-1,5.65E0,-3.3E0));
#901=CARTESIAN_POINT('',(8.5E-1,5.65E0,-3.2E0));
#902=VERTEX_POINT('',#900);
#903=VERTEX_POINT('',#901);
#904=CARTESIAN_POINT('',(8.5E-1,5.65E0,3.3E0));
#905=CARTESIAN_POINT('',(8.5E-1,5.65E0,3.2E0));
#906=VERTEX_POINT('',#904);
#907=VERTEX_POINT('',#905);
#908=CARTESIAN_POINT('',(8.5E-1,5.65E0,1.6E0));
#909=VERTEX_POINT('',#908);
#910=CARTESIAN_POINT('',(8.5E-1,5.65E0,-2.9E0));
#911=VERTEX_POINT('',#910);
#912=CARTESIAN_POINT('',(8.5E-1,-5.65E0,-2.9E0));
#913=VERTEX_POINT('',#912);
#914=CARTESIAN_POINT('',(8.5E-1,-5.65E0,2.9E0));
#915=VERTEX_POINT('',#914);
#916=CARTESIAN_POINT('',(8.5E-1,5.65E0,2.9E0));
#917=VERTEX_POINT('',#916);
#918=CARTESIAN_POINT('',(8.5E-1,-5.65E0,-2.8E0));
#919=VERTEX_POINT('',#918);
#920=CARTESIAN_POINT('',(8.5E-1,-5.65E0,-2.35E0));
#921=VERTEX_POINT('',#920);
#922=CARTESIAN_POINT('',(8.5E-1,-5.65E0,2.8E0));
#923=VERTEX_POINT('',#922);
#924=CARTESIAN_POINT('',(8.5E-1,-5.65E0,2.35E0));
#925=VERTEX_POINT('',#924);
#926=CARTESIAN_POINT('',(8.5E-1,5.65E0,-2.8E0));
#927=VERTEX_POINT('',#926);
#928=CARTESIAN_POINT('',(8.5E-1,5.65E0,-2.35E0));
#929=VERTEX_POINT('',#928);
#930=CARTESIAN_POINT('',(8.5E-1,5.65E0,2.8E0));
#931=VERTEX_POINT('',#930);
#932=CARTESIAN_POINT('',(8.5E-1,5.65E0,2.35E0));
#933=VERTEX_POINT('',#932);
#934=CARTESIAN_POINT('',(5.7E0,0.E0,0.E0));
#935=DIRECTION('',(1.E0,0.E0,0.E0));
#936=DIRECTION('',(0.E0,-1.E0,0.E0));
#937=AXIS2_PLACEMENT_3D('',#934,#935,#936);
#938=PLANE('',#937);
#940=ORIENTED_EDGE('',*,*,#939,.F.);
#942=ORIENTED_EDGE('',*,*,#941,.F.);
#944=ORIENTED_EDGE('',*,*,#943,.F.);
#946=ORIENTED_EDGE('',*,*,#945,.F.);
#947=EDGE_LOOP('',(#940,#942,#944,#946));
#948=FACE_OUTER_BOUND('',#947,.F.);
#949=ADVANCED_FACE('',(#948),#938,.T.);
#950=CARTESIAN_POINT('',(5.55E0,-6.179519634424E0,-3.063746531646E0));
#951=DIRECTION('',(0.E0,1.E0,0.E0));
#952=DIRECTION('',(1.E0,0.E0,0.E0));
#953=AXIS2_PLACEMENT_3D('',#950,#951,#952);
#954=CYLINDRICAL_SURFACE('',#953,1.5E-1);
#955=ORIENTED_EDGE('',*,*,#939,.T.);
#957=ORIENTED_EDGE('',*,*,#956,.T.);
#959=ORIENTED_EDGE('',*,*,#958,.F.);
#961=ORIENTED_EDGE('',*,*,#960,.F.);
#962=EDGE_LOOP('',(#955,#957,#959,#961));
#963=FACE_OUTER_BOUND('',#962,.F.);
#964=ADVANCED_FACE('',(#963),#954,.T.);
#965=CARTESIAN_POINT('',(5.55E0,6.013746531646E0,-3.063746531646E0));
#966=DIRECTION('',(8.080650844821E-11,-7.071067883956E-1,-7.071067739775E-1));
#967=DIRECTION('',(7.391306237477E-2,7.051726167909E-1,-7.051726311611E-1));
#968=AXIS2_PLACEMENT_3D('',#965,#966,#967);
#969=SPHERICAL_SURFACE('',#968,1.5E-1);
#971=ORIENTED_EDGE('',*,*,#970,.F.);
#972=ORIENTED_EDGE('',*,*,#956,.F.);
#974=ORIENTED_EDGE('',*,*,#973,.T.);
#975=EDGE_LOOP('',(#971,#972,#974));
#976=FACE_OUTER_BOUND('',#975,.F.);
#977=ADVANCED_FACE('',(#976),#969,.T.);
#978=CARTESIAN_POINT('',(-7.43052E0,6.694026758785E0,-3.744026758785E0));
#979=DIRECTION('',(9.972646886342E-1,-5.226442768871E-2,5.226442768871E-2));
#980=DIRECTION('',(5.233595624294E-2,0.E0,-9.986295347546E-1));
#981=AXIS2_PLACEMENT_3D('',#978,#979,#980);
#982=CYLINDRICAL_SURFACE('',#981,1.5E-1);
#983=ORIENTED_EDGE('',*,*,#970,.T.);
#985=ORIENTED_EDGE('',*,*,#984,.F.);
#987=ORIENTED_EDGE('',*,*,#986,.F.);
#989=ORIENTED_EDGE('',*,*,#988,.T.);
#990=EDGE_LOOP('',(#983,#985,#987,#989));
#991=FACE_OUTER_BOUND('',#990,.F.);
#992=ADVANCED_FACE('',(#991),#982,.T.);
#993=CARTESIAN_POINT('',(2.E0,6.35E0,-3.5E0));
#994=DIRECTION('',(-5.233595624294E-2,-9.986295347546E-1,0.E0));
#995=DIRECTION('',(9.986295347546E-1,-5.233595624294E-2,0.E0));
#996=AXIS2_PLACEMENT_3D('',#993,#994,#995);
#997=PLANE('',#996);
#999=ORIENTED_EDGE('',*,*,#998,.T.);
#1001=ORIENTED_EDGE('',*,*,#1000,.T.);
#1003=ORIENTED_EDGE('',*,*,#1002,.F.);
#1004=ORIENTED_EDGE('',*,*,#984,.T.);
#1005=EDGE_LOOP('',(#999,#1001,#1003,#1004));
#1006=FACE_OUTER_BOUND('',#1005,.F.);
#1007=ADVANCED_FACE('',(#1006),#997,.F.);
#1008=CARTESIAN_POINT('',(5.55E0,6.013746531646E0,-3.230886815041E0));
#1009=DIRECTION('',(0.E0,0.E0,1.E0));
#1010=DIRECTION('',(1.E0,0.E0,0.E0));
#1011=AXIS2_PLACEMENT_3D('',#1008,#1009,#1010);
#1012=CYLINDRICAL_SURFACE('',#1011,1.5E-1);
#1013=ORIENTED_EDGE('',*,*,#945,.T.);
#1015=ORIENTED_EDGE('',*,*,#1014,.T.);
#1016=ORIENTED_EDGE('',*,*,#998,.F.);
#1017=ORIENTED_EDGE('',*,*,#973,.F.);
#1018=EDGE_LOOP('',(#1013,#1015,#1016,#1017));
#1019=FACE_OUTER_BOUND('',#1018,.F.);
#1020=ADVANCED_FACE('',(#1019),#1012,.T.);
#1021=CARTESIAN_POINT('',(5.55E0,6.013746531646E0,3.063746531646E0));
#1022=DIRECTION('',(-8.081034080071E-11,7.071067883956E-1,-7.071067739775E-1));
#1023=DIRECTION('',(7.391306237476E-2,7.051726167909E-1,7.051726311611E-1));
#1024=AXIS2_PLACEMENT_3D('',#1021,#1022,#1023);
#1025=SPHERICAL_SURFACE('',#1024,1.5E-1);
#1027=ORIENTED_EDGE('',*,*,#1026,.F.);
#1028=ORIENTED_EDGE('',*,*,#1014,.F.);
#1030=ORIENTED_EDGE('',*,*,#1029,.T.);
#1031=EDGE_LOOP('',(#1027,#1028,#1030));
#1032=FACE_OUTER_BOUND('',#1031,.F.);
#1033=ADVANCED_FACE('',(#1032),#1025,.T.);
#1034=CARTESIAN_POINT('',(1.313052E1,5.616468312635E0,2.666468312635E0));
#1035=DIRECTION('',(-9.972646886342E-1,5.226442768871E-2,5.226442768871E-2));
#1036=DIRECTION('',(5.233595624294E-2,0.E0,9.986295347546E-1));
#1037=AXIS2_PLACEMENT_3D('',#1034,#1035,#1036);
#1038=CYLINDRICAL_SURFACE('',#1037,1.5E-1);
#1039=ORIENTED_EDGE('',*,*,#1026,.T.);
#1041=ORIENTED_EDGE('',*,*,#1040,.T.);
#1043=ORIENTED_EDGE('',*,*,#1042,.F.);
#1044=ORIENTED_EDGE('',*,*,#1000,.F.);
#1045=EDGE_LOOP('',(#1039,#1041,#1043,#1044));
#1046=FACE_OUTER_BOUND('',#1045,.F.);
#1047=ADVANCED_FACE('',(#1046),#1038,.T.);
#1048=CARTESIAN_POINT('',(5.7E0,-6.5E0,3.206091216653E0));
#1049=DIRECTION('',(-5.233595624294E-2,0.E0,-9.986295347546E-1));
#1050=DIRECTION('',(-9.986295347546E-1,0.E0,5.233595624294E-2));
#1051=AXIS2_PLACEMENT_3D('',#1048,#1049,#1050);
#1052=PLANE('',#1051);
#1054=ORIENTED_EDGE('',*,*,#1053,.T.);
#1056=ORIENTED_EDGE('',*,*,#1055,.F.);
#1058=ORIENTED_EDGE('',*,*,#1057,.F.);
#1059=ORIENTED_EDGE('',*,*,#1040,.F.);
#1060=EDGE_LOOP('',(#1054,#1056,#1058,#1059));
#1061=FACE_OUTER_BOUND('',#1060,.F.);
#1062=ADVANCED_FACE('',(#1061),#1052,.F.);
#1063=CARTESIAN_POINT('',(5.55E0,6.181632204195E0,3.063746531646E0));
#1064=DIRECTION('',(0.E0,-1.E0,0.E0));
#1065=DIRECTION('',(1.E0,0.E0,0.E0));
#1066=AXIS2_PLACEMENT_3D('',#1063,#1064,#1065);
#1067=CYLINDRICAL_SURFACE('',#1066,1.5E-1);
#1068=ORIENTED_EDGE('',*,*,#943,.T.);
#1070=ORIENTED_EDGE('',*,*,#1069,.T.);
#1071=ORIENTED_EDGE('',*,*,#1053,.F.);
#1072=ORIENTED_EDGE('',*,*,#1029,.F.);
#1073=EDGE_LOOP('',(#1068,#1070,#1071,#1072));
#1074=FACE_OUTER_BOUND('',#1073,.F.);
#1075=ADVANCED_FACE('',(#1074),#1067,.T.);
#1076=CARTESIAN_POINT('',(5.55E0,-6.013746531646E0,3.063746531646E0));
#1077=DIRECTION('',(8.081013444327E-11,7.071067883956E-1,7.071067739775E-1));
#1078=DIRECTION('',(7.391306237477E-2,-7.051726167909E-1,7.051726311611E-1));
#1079=AXIS2_PLACEMENT_3D('',#1076,#1077,#1078);
#1080=SPHERICAL_SURFACE('',#1079,1.5E-1);
#1082=ORIENTED_EDGE('',*,*,#1081,.F.);
#1083=ORIENTED_EDGE('',*,*,#1069,.F.);
#1085=ORIENTED_EDGE('',*,*,#1084,.T.);
#1086=EDGE_LOOP('',(#1082,#1083,#1085));
#1087=FACE_OUTER_BOUND('',#1086,.F.);
#1088=ADVANCED_FACE('',(#1087),#1080,.T.);
#1089=CARTESIAN_POINT('',(-7.43052E0,-6.694026758785E0,3.744026758785E0));
#1090=DIRECTION('',(9.972646886342E-1,5.226442768871E-2,-5.226442768871E-2));
#1091=DIRECTION('',(5.233595624294E-2,0.E0,9.986295347546E-1));
#1092=AXIS2_PLACEMENT_3D('',#1089,#1090,#1091);
#1093=CYLINDRICAL_SURFACE('',#1092,1.5E-1);
#1094=ORIENTED_EDGE('',*,*,#1081,.T.);
#1096=ORIENTED_EDGE('',*,*,#1095,.F.);
#1098=ORIENTED_EDGE('',*,*,#1097,.F.);
#1099=ORIENTED_EDGE('',*,*,#1055,.T.);
#1100=EDGE_LOOP('',(#1094,#1096,#1098,#1099));
#1101=FACE_OUTER_BOUND('',#1100,.F.);
#1102=ADVANCED_FACE('',(#1101),#1093,.T.);
#1103=CARTESIAN_POINT('',(5.7E0,-6.156091216653E0,-3.5E0));
#1104=DIRECTION('',(-5.233595624294E-2,9.986295347546E-1,0.E0));
#1105=DIRECTION('',(-9.986295347546E-1,-5.233595624294E-2,0.E0));
#1106=AXIS2_PLACEMENT_3D('',#1103,#1104,#1105);
#1107=PLANE('',#1106);
#1109=ORIENTED_EDGE('',*,*,#1108,.T.);
#1111=ORIENTED_EDGE('',*,*,#1110,.T.);
#1113=ORIENTED_EDGE('',*,*,#1112,.F.);
#1114=ORIENTED_EDGE('',*,*,#1095,.T.);
#1115=EDGE_LOOP('',(#1109,#1111,#1113,#1114));
#1116=FACE_OUTER_BOUND('',#1115,.F.);
#1117=ADVANCED_FACE('',(#1116),#1107,.F.);
#1118=CARTESIAN_POINT('',(5.55E0,-6.013746531646E0,3.229987404148E0));
#1119=DIRECTION('',(0.E0,0.E0,-1.E0));
#1120=DIRECTION('',(1.E0,0.E0,0.E0));
#1121=AXIS2_PLACEMENT_3D('',#1118,#1119,#1120);
#1122=CYLINDRICAL_SURFACE('',#1121,1.5E-1);
#1123=ORIENTED_EDGE('',*,*,#941,.T.);
#1125=ORIENTED_EDGE('',*,*,#1124,.T.);
#1126=ORIENTED_EDGE('',*,*,#1108,.F.);
#1127=ORIENTED_EDGE('',*,*,#1084,.F.);
#1128=EDGE_LOOP('',(#1123,#1125,#1126,#1127));
#1129=FACE_OUTER_BOUND('',#1128,.F.);
#1130=ADVANCED_FACE('',(#1129),#1122,.T.);
#1131=CARTESIAN_POINT('',(5.55E0,-6.013746531646E0,-3.063746531646E0));
#1132=DIRECTION('',(-8.081409454085E-11,-7.071067883956E-1,7.071067739775E-1));
#1133=DIRECTION('',(7.391306237478E-2,-7.051726167909E-1,-7.051726311611E-1));
#1134=AXIS2_PLACEMENT_3D('',#1131,#1132,#1133);
#1135=SPHERICAL_SURFACE('',#1134,1.5E-1);
#1137=ORIENTED_EDGE('',*,*,#1136,.F.);
#1138=ORIENTED_EDGE('',*,*,#1124,.F.);
#1139=ORIENTED_EDGE('',*,*,#960,.T.);
#1140=EDGE_LOOP('',(#1137,#1138,#1139));
#1141=FACE_OUTER_BOUND('',#1140,.F.);
#1142=ADVANCED_FACE('',(#1141),#1135,.T.);
#1143=CARTESIAN_POINT('',(1.313052E1,-5.616468312635E0,-2.666468312635E0));
#1144=DIRECTION('',(-9.972646886342E-1,-5.226442768871E-2,-5.226442768871E-2));
#1145=DIRECTION('',(5.233595624294E-2,0.E0,-9.986295347546E-1));
#1146=AXIS2_PLACEMENT_3D('',#1143,#1144,#1145);
#1147=CYLINDRICAL_SURFACE('',#1146,1.5E-1);
#1148=ORIENTED_EDGE('',*,*,#1136,.T.);
#1150=ORIENTED_EDGE('',*,*,#1149,.T.);
#1152=ORIENTED_EDGE('',*,*,#1151,.F.);
#1153=ORIENTED_EDGE('',*,*,#1110,.F.);
#1154=EDGE_LOOP('',(#1148,#1150,#1152,#1153));
#1155=FACE_OUTER_BOUND('',#1154,.F.);
#1156=ADVANCED_FACE('',(#1155),#1147,.T.);
#1157=CARTESIAN_POINT('',(2.E0,-6.5E0,-3.4E0));
#1158=DIRECTION('',(-5.233595624294E-2,0.E0,9.986295347546E-1));
#1159=DIRECTION('',(9.986295347546E-1,0.E0,5.233595624294E-2));
#1160=AXIS2_PLACEMENT_3D('',#1157,#1158,#1159);
#1161=PLANE('',#1160);
#1162=ORIENTED_EDGE('',*,*,#958,.T.);
#1163=ORIENTED_EDGE('',*,*,#988,.F.);
#1165=ORIENTED_EDGE('',*,*,#1164,.F.);
#1166=ORIENTED_EDGE('',*,*,#1149,.F.);
#1167=EDGE_LOOP('',(#1162,#1163,#1165,#1166));
#1168=FACE_OUTER_BOUND('',#1167,.F.);
#1169=ADVANCED_FACE('',(#1168),#1161,.F.);
#1170=CARTESIAN_POINT('',(0.E0,-6.35E0,-3.4E0));
#1171=DIRECTION('',(0.E0,0.E0,-1.E0));
#1172=DIRECTION('',(0.E0,1.E0,0.E0));
#1173=AXIS2_PLACEMENT_3D('',#1170,#1171,#1172);
#1174=PLANE('',#1173);
#1176=ORIENTED_EDGE('',*,*,#1175,.F.);
#1178=ORIENTED_EDGE('',*,*,#1177,.F.);
#1179=ORIENTED_EDGE('',*,*,#1164,.T.);
#1181=ORIENTED_EDGE('',*,*,#1180,.T.);
#1182=EDGE_LOOP('',(#1176,#1178,#1179,#1181));
#1183=FACE_OUTER_BOUND('',#1182,.F.);
#1184=ADVANCED_FACE('',(#1183),#1174,.T.);
#1185=CARTESIAN_POINT('',(8.5E-1,-5.65E0,-3.5E0));
#1186=DIRECTION('',(1.E0,0.E0,0.E0));
#1187=DIRECTION('',(0.E0,1.E0,0.E0));
#1188=AXIS2_PLACEMENT_3D('',#1185,#1186,#1187);
#1189=PLANE('',#1188);
#1191=ORIENTED_EDGE('',*,*,#1190,.F.);
#1193=ORIENTED_EDGE('',*,*,#1192,.T.);
#1195=ORIENTED_EDGE('',*,*,#1194,.F.);
#1197=ORIENTED_EDGE('',*,*,#1196,.F.);
#1199=ORIENTED_EDGE('',*,*,#1198,.F.);
#1200=ORIENTED_EDGE('',*,*,#1175,.T.);
#1202=ORIENTED_EDGE('',*,*,#1201,.F.);
#1204=ORIENTED_EDGE('',*,*,#1203,.T.);
#1206=ORIENTED_EDGE('',*,*,#1205,.F.);
#1208=ORIENTED_EDGE('',*,*,#1207,.F.);
#1209=EDGE_LOOP('',(#1191,#1193,#1195,#1197,#1199,#1200,#1202,#1204,#1206,
#1208));
#1210=FACE_OUTER_BOUND('',#1209,.F.);
#1211=ADVANCED_FACE('',(#1210),#1189,.F.);
#1212=CARTESIAN_POINT('',(8.5E-1,-5.65E0,-3.5E0));
#1213=DIRECTION('',(1.E0,0.E0,0.E0));
#1214=DIRECTION('',(0.E0,1.E0,0.E0));
#1215=AXIS2_PLACEMENT_3D('',#1212,#1213,#1214);
#1216=PLANE('',#1215);
#1218=ORIENTED_EDGE('',*,*,#1217,.T.);
#1220=ORIENTED_EDGE('',*,*,#1219,.T.);
#1222=ORIENTED_EDGE('',*,*,#1221,.F.);
#1224=ORIENTED_EDGE('',*,*,#1223,.F.);
#1226=ORIENTED_EDGE('',*,*,#1225,.F.);
#1228=ORIENTED_EDGE('',*,*,#1227,.T.);
#1230=ORIENTED_EDGE('',*,*,#1229,.F.);
#1232=ORIENTED_EDGE('',*,*,#1231,.F.);
#1234=ORIENTED_EDGE('',*,*,#1233,.F.);
#1236=ORIENTED_EDGE('',*,*,#1235,.T.);
#1238=ORIENTED_EDGE('',*,*,#1237,.F.);
#1240=ORIENTED_EDGE('',*,*,#1239,.F.);
#1241=EDGE_LOOP('',(#1218,#1220,#1222,#1224,#1226,#1228,#1230,#1232,#1234,#1236,
#1238,#1240));
#1242=FACE_OUTER_BOUND('',#1241,.F.);
#1243=ADVANCED_FACE('',(#1242),#1216,.F.);
#1244=CARTESIAN_POINT('',(8.5E-1,-5.65E0,-3.5E0));
#1245=DIRECTION('',(1.E0,0.E0,0.E0));
#1246=DIRECTION('',(0.E0,1.E0,0.E0));
#1247=AXIS2_PLACEMENT_3D('',#1244,#1245,#1246);
#1248=PLANE('',#1247);
#1250=ORIENTED_EDGE('',*,*,#1249,.T.);
#1252=ORIENTED_EDGE('',*,*,#1251,.F.);
#1254=ORIENTED_EDGE('',*,*,#1253,.T.);
#1256=ORIENTED_EDGE('',*,*,#1255,.F.);
#1258=ORIENTED_EDGE('',*,*,#1257,.F.);
#1260=ORIENTED_EDGE('',*,*,#1259,.F.);
#1262=ORIENTED_EDGE('',*,*,#1261,.T.);
#1264=ORIENTED_EDGE('',*,*,#1263,.F.);
#1266=ORIENTED_EDGE('',*,*,#1265,.F.);
#1268=ORIENTED_EDGE('',*,*,#1267,.F.);
#1269=EDGE_LOOP('',(#1250,#1252,#1254,#1256,#1258,#1260,#1262,#1264,#1266,
#1268));
#1270=FACE_OUTER_BOUND('',#1269,.F.);
#1271=ADVANCED_FACE('',(#1270),#1248,.F.);
#1272=CARTESIAN_POINT('',(8.5E-1,-5.65E0,-3.5E0));
#1273=DIRECTION('',(1.E0,0.E0,0.E0));
#1274=DIRECTION('',(0.E0,1.E0,0.E0));
#1275=AXIS2_PLACEMENT_3D('',#1272,#1273,#1274);
#1276=PLANE('',#1275);
#1278=ORIENTED_EDGE('',*,*,#1277,.F.);
#1280=ORIENTED_EDGE('',*,*,#1279,.F.);
#1282=ORIENTED_EDGE('',*,*,#1281,.F.);
#1284=ORIENTED_EDGE('',*,*,#1283,.T.);
#1286=ORIENTED_EDGE('',*,*,#1285,.T.);
#1288=ORIENTED_EDGE('',*,*,#1287,.F.);
#1290=ORIENTED_EDGE('',*,*,#1289,.T.);
#1292=ORIENTED_EDGE('',*,*,#1291,.T.);
#1294=ORIENTED_EDGE('',*,*,#1293,.T.);
#1296=ORIENTED_EDGE('',*,*,#1295,.F.);
#1298=ORIENTED_EDGE('',*,*,#1297,.F.);
#1300=ORIENTED_EDGE('',*,*,#1299,.T.);
#1301=EDGE_LOOP('',(#1278,#1280,#1282,#1284,#1286,#1288,#1290,#1292,#1294,#1296,
#1298,#1300));
#1302=FACE_OUTER_BOUND('',#1301,.F.);
#1303=ADVANCED_FACE('',(#1302),#1276,.F.);
#1304=CARTESIAN_POINT('',(9.5E-1,-2.290602889787E1,-3.3E0));
#1305=DIRECTION('',(0.E0,1.E0,0.E0));
#1306=DIRECTION('',(-1.E0,0.E0,0.E0));
#1307=AXIS2_PLACEMENT_3D('',#1304,#1305,#1306);
#1308=CYLINDRICAL_SURFACE('',#1307,1.E-1);
#1309=ORIENTED_EDGE('',*,*,#1190,.T.);
#1311=ORIENTED_EDGE('',*,*,#1310,.T.);
#1313=ORIENTED_EDGE('',*,*,#1312,.F.);
#1315=ORIENTED_EDGE('',*,*,#1314,.T.);
#1316=EDGE_LOOP('',(#1309,#1311,#1313,#1315));
#1317=FACE_OUTER_BOUND('',#1316,.F.);
#1318=ADVANCED_FACE('',(#1317),#1308,.T.);
#1319=CARTESIAN_POINT('',(0.E0,5.65E0,2.35E0));
#1320=DIRECTION('',(0.E0,1.E0,0.E0));
#1321=DIRECTION('',(0.E0,0.E0,-1.E0));
#1322=AXIS2_PLACEMENT_3D('',#1319,#1320,#1321);
#1323=PLANE('',#1322);
#1325=ORIENTED_EDGE('',*,*,#1324,.F.);
#1327=ORIENTED_EDGE('',*,*,#1326,.T.);
#1329=ORIENTED_EDGE('',*,*,#1328,.F.);
#1331=ORIENTED_EDGE('',*,*,#1330,.F.);
#1332=EDGE_LOOP('',(#1325,#1327,#1329,#1331));
#1333=FACE_OUTER_BOUND('',#1332,.F.);
#1334=ADVANCED_FACE('',(#1333),#1323,.F.);
#1335=CARTESIAN_POINT('',(0.E0,5.65E0,2.35E0));
#1336=DIRECTION('',(0.E0,1.E0,0.E0));
#1337=DIRECTION('',(0.E0,0.E0,-1.E0));
#1338=AXIS2_PLACEMENT_3D('',#1335,#1336,#1337);
#1339=PLANE('',#1338);
#1340=ORIENTED_EDGE('',*,*,#1207,.T.);
#1342=ORIENTED_EDGE('',*,*,#1341,.T.);
#1343=ORIENTED_EDGE('',*,*,#1310,.F.);
#1344=EDGE_LOOP('',(#1340,#1342,#1343));
#1345=FACE_OUTER_BOUND('',#1344,.F.);
#1346=ADVANCED_FACE('',(#1345),#1339,.F.);
#1347=CARTESIAN_POINT('',(0.E0,5.65E0,2.35E0));
#1348=DIRECTION('',(0.E0,1.E0,0.E0));
#1349=DIRECTION('',(0.E0,0.E0,-1.E0));
#1350=AXIS2_PLACEMENT_3D('',#1347,#1348,#1349);
#1351=PLANE('',#1350);
#1352=ORIENTED_EDGE('',*,*,#1261,.F.);
#1354=ORIENTED_EDGE('',*,*,#1353,.F.);
#1356=ORIENTED_EDGE('',*,*,#1355,.T.);
#1357=EDGE_LOOP('',(#1352,#1354,#1356));
#1358=FACE_OUTER_BOUND('',#1357,.F.);
#1359=ADVANCED_FACE('',(#1358),#1351,.F.);
#1360=CARTESIAN_POINT('',(0.E0,5.65E0,2.35E0));
#1361=DIRECTION('',(0.E0,1.E0,0.E0));
#1362=DIRECTION('',(0.E0,0.E0,-1.E0));
#1363=AXIS2_PLACEMENT_3D('',#1360,#1361,#1362);
#1364=PLANE('',#1363);
#1366=ORIENTED_EDGE('',*,*,#1365,.T.);
#1367=ORIENTED_EDGE('',*,*,#1231,.T.);
#1369=ORIENTED_EDGE('',*,*,#1368,.F.);
#1370=EDGE_LOOP('',(#1366,#1367,#1369));
#1371=FACE_OUTER_BOUND('',#1370,.F.);
#1372=ADVANCED_FACE('',(#1371),#1364,.F.);
#1373=CARTESIAN_POINT('',(0.E0,5.65E0,2.35E0));
#1374=DIRECTION('',(0.E0,1.E0,0.E0));
#1375=DIRECTION('',(0.E0,0.E0,-1.E0));
#1376=AXIS2_PLACEMENT_3D('',#1373,#1374,#1375);
#1377=PLANE('',#1376);
#1378=ORIENTED_EDGE('',*,*,#1299,.F.);
#1380=ORIENTED_EDGE('',*,*,#1379,.T.);
#1382=ORIENTED_EDGE('',*,*,#1381,.F.);
#1383=EDGE_LOOP('',(#1378,#1380,#1382));
#1384=FACE_OUTER_BOUND('',#1383,.F.);
#1385=ADVANCED_FACE('',(#1384),#1377,.F.);
#1386=CARTESIAN_POINT('',(0.E0,-1.E1,-1.6E0));
#1387=DIRECTION('',(0.E0,0.E0,1.E0));
#1388=DIRECTION('',(1.E0,0.E0,0.E0));
#1389=AXIS2_PLACEMENT_3D('',#1386,#1387,#1388);
#1390=PLANE('',#1389);
#1392=ORIENTED_EDGE('',*,*,#1391,.T.);
#1393=ORIENTED_EDGE('',*,*,#1324,.T.);
#1394=ORIENTED_EDGE('',*,*,#1237,.T.);
#1396=ORIENTED_EDGE('',*,*,#1395,.F.);
#1397=EDGE_LOOP('',(#1392,#1393,#1394,#1396));
#1398=FACE_OUTER_BOUND('',#1397,.F.);
#1399=ADVANCED_FACE('',(#1398),#1390,.F.);
#1400=CARTESIAN_POINT('',(0.E0,-1.E1,-1.6E0));
#1401=DIRECTION('',(0.E0,0.E0,1.E0));
#1402=DIRECTION('',(1.E0,0.E0,0.E0));
#1403=AXIS2_PLACEMENT_3D('',#1400,#1401,#1402);
#1404=PLANE('',#1403);
#1406=ORIENTED_EDGE('',*,*,#1405,.T.);
#1408=ORIENTED_EDGE('',*,*,#1407,.T.);
#1409=ORIENTED_EDGE('',*,*,#1221,.T.);
#1411=ORIENTED_EDGE('',*,*,#1410,.F.);
#1412=EDGE_LOOP('',(#1406,#1408,#1409,#1411));
#1413=FACE_OUTER_BOUND('',#1412,.F.);
#1414=ADVANCED_FACE('',(#1413),#1404,.F.);
#1415=CARTESIAN_POINT('',(0.E0,0.E0,0.E0));
#1416=DIRECTION('',(1.E0,0.E0,0.E0));
#1417=DIRECTION('',(0.E0,-1.E0,0.E0));
#1418=AXIS2_PLACEMENT_3D('',#1415,#1416,#1417);
#1419=PLANE('',#1418);
#1420=ORIENTED_EDGE('',*,*,#1391,.F.);
#1422=ORIENTED_EDGE('',*,*,#1421,.T.);
#1424=ORIENTED_EDGE('',*,*,#1423,.T.);
#1425=ORIENTED_EDGE('',*,*,#1326,.F.);
#1426=EDGE_LOOP('',(#1420,#1422,#1424,#1425));
#1427=FACE_OUTER_BOUND('',#1426,.F.);
#1428=ADVANCED_FACE('',(#1427),#1419,.F.);
#1429=CARTESIAN_POINT('',(0.E0,0.E0,0.E0));
#1430=DIRECTION('',(1.E0,0.E0,0.E0));
#1431=DIRECTION('',(0.E0,-1.E0,0.E0));
#1432=AXIS2_PLACEMENT_3D('',#1429,#1430,#1431);
#1433=PLANE('',#1432);
#1434=ORIENTED_EDGE('',*,*,#1405,.F.);
#1436=ORIENTED_EDGE('',*,*,#1435,.F.);
#1438=ORIENTED_EDGE('',*,*,#1437,.T.);
#1440=ORIENTED_EDGE('',*,*,#1439,.T.);
#1441=EDGE_LOOP('',(#1434,#1436,#1438,#1440));
#1442=FACE_OUTER_BOUND('',#1441,.F.);
#1443=ADVANCED_FACE('',(#1442),#1433,.F.);
#1444=CARTESIAN_POINT('',(0.E0,6.35E0,-3.4E0));
#1445=DIRECTION('',(0.E0,1.E0,0.E0));
#1446=DIRECTION('',(0.E0,0.E0,1.E0));
#1447=AXIS2_PLACEMENT_3D('',#1444,#1445,#1446);
#1448=PLANE('',#1447);
#1449=ORIENTED_EDGE('',*,*,#1395,.T.);
#1450=ORIENTED_EDGE('',*,*,#1235,.F.);
#1452=ORIENTED_EDGE('',*,*,#1451,.T.);
#1454=ORIENTED_EDGE('',*,*,#1453,.F.);
#1456=ORIENTED_EDGE('',*,*,#1455,.T.);
#1458=ORIENTED_EDGE('',*,*,#1457,.F.);
#1460=ORIENTED_EDGE('',*,*,#1459,.F.);
#1461=ORIENTED_EDGE('',*,*,#1203,.F.);
#1463=ORIENTED_EDGE('',*,*,#1462,.F.);
#1464=ORIENTED_EDGE('',*,*,#1002,.T.);
#1466=ORIENTED_EDGE('',*,*,#1465,.T.);
#1467=ORIENTED_EDGE('',*,*,#1265,.T.);
#1469=ORIENTED_EDGE('',*,*,#1468,.T.);
#1471=ORIENTED_EDGE('',*,*,#1470,.F.);
#1473=ORIENTED_EDGE('',*,*,#1472,.T.);
#1475=ORIENTED_EDGE('',*,*,#1474,.F.);
#1477=ORIENTED_EDGE('',*,*,#1476,.F.);
#1478=ORIENTED_EDGE('',*,*,#1295,.T.);
#1480=ORIENTED_EDGE('',*,*,#1479,.T.);
#1481=ORIENTED_EDGE('',*,*,#1421,.F.);
#1482=EDGE_LOOP('',(#1449,#1450,#1452,#1454,#1456,#1458,#1460,#1461,#1463,#1464,
#1466,#1467,#1469,#1471,#1473,#1475,#1477,#1478,#1480,#1481));
#1483=FACE_OUTER_BOUND('',#1482,.F.);
#1484=ADVANCED_FACE('',(#1483),#1448,.T.);
#1485=CARTESIAN_POINT('',(0.E0,1.E1,-2.9E0));
#1486=DIRECTION('',(0.E0,0.E0,1.E0));
#1487=DIRECTION('',(0.E0,-1.E0,0.E0));
#1488=AXIS2_PLACEMENT_3D('',#1485,#1486,#1487);
#1489=PLANE('',#1488);
#1490=ORIENTED_EDGE('',*,*,#1233,.T.);
#1491=ORIENTED_EDGE('',*,*,#1365,.F.);
#1493=ORIENTED_EDGE('',*,*,#1492,.T.);
#1495=ORIENTED_EDGE('',*,*,#1494,.F.);
#1496=ORIENTED_EDGE('',*,*,#1225,.T.);
#1498=ORIENTED_EDGE('',*,*,#1497,.T.);
#1500=ORIENTED_EDGE('',*,*,#1499,.F.);
#1501=ORIENTED_EDGE('',*,*,#1451,.F.);
#1502=EDGE_LOOP('',(#1490,#1491,#1493,#1495,#1496,#1498,#1500,#1501));
#1503=FACE_OUTER_BOUND('',#1502,.F.);
#1504=ADVANCED_FACE('',(#1503),#1489,.F.);
#1505=CARTESIAN_POINT('',(9.5E-1,2.290602889787E1,-2.8E0));
#1506=DIRECTION('',(0.E0,-1.E0,0.E0));
#1507=DIRECTION('',(-1.E0,0.E0,0.E0));
#1508=AXIS2_PLACEMENT_3D('',#1505,#1506,#1507);
#1509=CYLINDRICAL_SURFACE('',#1508,1.E-1);
#1510=ORIENTED_EDGE('',*,*,#1229,.T.);
#1512=ORIENTED_EDGE('',*,*,#1511,.T.);
#1513=ORIENTED_EDGE('',*,*,#1492,.F.);
#1514=ORIENTED_EDGE('',*,*,#1368,.T.);
#1515=EDGE_LOOP('',(#1510,#1512,#1513,#1514));
#1516=FACE_OUTER_BOUND('',#1515,.F.);
#1517=ADVANCED_FACE('',(#1516),#1509,.T.);
#1518=CARTESIAN_POINT('',(0.E0,-5.65E0,-2.35E0));
#1519=DIRECTION('',(0.E0,-1.E0,0.E0));
#1520=DIRECTION('',(0.E0,0.E0,1.E0));
#1521=AXIS2_PLACEMENT_3D('',#1518,#1519,#1520);
#1522=PLANE('',#1521);
#1523=ORIENTED_EDGE('',*,*,#1410,.T.);
#1525=ORIENTED_EDGE('',*,*,#1524,.T.);
#1527=ORIENTED_EDGE('',*,*,#1526,.T.);
#1528=ORIENTED_EDGE('',*,*,#1435,.T.);
#1529=EDGE_LOOP('',(#1523,#1525,#1527,#1528));
#1530=FACE_OUTER_BOUND('',#1529,.F.);
#1531=ADVANCED_FACE('',(#1530),#1522,.F.);
#1532=CARTESIAN_POINT('',(0.E0,-5.65E0,-2.35E0));
#1533=DIRECTION('',(0.E0,-1.E0,0.E0));
#1534=DIRECTION('',(0.E0,0.E0,1.E0));
#1535=AXIS2_PLACEMENT_3D('',#1532,#1533,#1534);
#1536=PLANE('',#1535);
#1537=ORIENTED_EDGE('',*,*,#1192,.F.);
#1538=ORIENTED_EDGE('',*,*,#1314,.F.);
#1540=ORIENTED_EDGE('',*,*,#1539,.T.);
#1541=EDGE_LOOP('',(#1537,#1538,#1540));
#1542=FACE_OUTER_BOUND('',#1541,.F.);
#1543=ADVANCED_FACE('',(#1542),#1536,.F.);
#1544=CARTESIAN_POINT('',(0.E0,-5.65E0,-2.35E0));
#1545=DIRECTION('',(0.E0,-1.E0,0.E0));
#1546=DIRECTION('',(0.E0,0.E0,1.E0));
#1547=AXIS2_PLACEMENT_3D('',#1544,#1545,#1546);
#1548=PLANE('',#1547);
#1549=ORIENTED_EDGE('',*,*,#1257,.T.);
#1551=ORIENTED_EDGE('',*,*,#1550,.T.);
#1553=ORIENTED_EDGE('',*,*,#1552,.F.);
#1554=EDGE_LOOP('',(#1549,#1551,#1553));
#1555=FACE_OUTER_BOUND('',#1554,.F.);
#1556=ADVANCED_FACE('',(#1555),#1548,.F.);
#1557=CARTESIAN_POINT('',(0.E0,-5.65E0,-2.35E0));
#1558=DIRECTION('',(0.E0,-1.E0,0.E0));
#1559=DIRECTION('',(0.E0,0.E0,1.E0));
#1560=AXIS2_PLACEMENT_3D('',#1557,#1558,#1559);
#1561=PLANE('',#1560);
#1562=ORIENTED_EDGE('',*,*,#1494,.T.);
#1563=ORIENTED_EDGE('',*,*,#1511,.F.);
#1564=ORIENTED_EDGE('',*,*,#1227,.F.);
#1565=EDGE_LOOP('',(#1562,#1563,#1564));
#1566=FACE_OUTER_BOUND('',#1565,.F.);
#1567=ADVANCED_FACE('',(#1566),#1561,.F.);
#1568=CARTESIAN_POINT('',(0.E0,-5.65E0,-2.35E0));
#1569=DIRECTION('',(0.E0,-1.E0,0.E0));
#1570=DIRECTION('',(0.E0,0.E0,1.E0));
#1571=AXIS2_PLACEMENT_3D('',#1568,#1569,#1570);
#1572=PLANE('',#1571);
#1573=ORIENTED_EDGE('',*,*,#1279,.T.);
#1575=ORIENTED_EDGE('',*,*,#1574,.F.);
#1577=ORIENTED_EDGE('',*,*,#1576,.T.);
#1578=EDGE_LOOP('',(#1573,#1575,#1577));
#1579=FACE_OUTER_BOUND('',#1578,.F.);
#1580=ADVANCED_FACE('',(#1579),#1572,.F.);
#1581=CARTESIAN_POINT('',(4.1E0,-5.536507499152E0,-2.35E0));
#1582=DIRECTION('',(-3.489949670250E-2,9.993908270191E-1,0.E0));
#1583=DIRECTION('',(-9.993908270191E-1,-3.489949670250E-2,0.E0));
#1584=AXIS2_PLACEMENT_3D('',#1581,#1582,#1583);
#1585=PLANE('',#1584);
#1586=ORIENTED_EDGE('',*,*,#1219,.F.);
#1588=ORIENTED_EDGE('',*,*,#1587,.F.);
#1590=ORIENTED_EDGE('',*,*,#1589,.F.);
#1592=ORIENTED_EDGE('',*,*,#1591,.T.);
#1594=ORIENTED_EDGE('',*,*,#1593,.T.);
#1596=ORIENTED_EDGE('',*,*,#1595,.T.);
#1597=ORIENTED_EDGE('',*,*,#1287,.T.);
#1598=ORIENTED_EDGE('',*,*,#1524,.F.);
#1599=EDGE_LOOP('',(#1586,#1588,#1590,#1592,#1594,#1596,#1597,#1598));
#1600=FACE_OUTER_BOUND('',#1599,.F.);
#1601=ADVANCED_FACE('',(#1600),#1585,.T.);
#1602=CARTESIAN_POINT('',(0.E0,5.65E0,-2.35E0));
#1603=DIRECTION('',(0.E0,0.E0,-1.E0));
#1604=DIRECTION('',(0.E0,-1.E0,0.E0));
#1605=AXIS2_PLACEMENT_3D('',#1602,#1603,#1604);
#1606=PLANE('',#1605);
#1607=ORIENTED_EDGE('',*,*,#1217,.F.);
#1609=ORIENTED_EDGE('',*,*,#1608,.T.);
#1611=ORIENTED_EDGE('',*,*,#1610,.T.);
#1612=ORIENTED_EDGE('',*,*,#1587,.T.);
#1613=EDGE_LOOP('',(#1607,#1609,#1611,#1612));
#1614=FACE_OUTER_BOUND('',#1613,.F.);
#1615=ADVANCED_FACE('',(#1614),#1606,.F.);
#1616=CARTESIAN_POINT('',(8.5E-1,5.65E0,-2.35E0));
#1617=DIRECTION('',(-3.489949670250E-2,-9.993908270191E-1,0.E0));
#1618=DIRECTION('',(9.993908270191E-1,-3.489949670250E-2,0.E0));
#1619=AXIS2_PLACEMENT_3D('',#1616,#1617,#1618);
#1620=PLANE('',#1619);
#1621=ORIENTED_EDGE('',*,*,#1239,.T.);
#1622=ORIENTED_EDGE('',*,*,#1330,.T.);
#1623=ORIENTED_EDGE('',*,*,#1291,.F.);
#1625=ORIENTED_EDGE('',*,*,#1624,.T.);
#1627=ORIENTED_EDGE('',*,*,#1626,.T.);
#1629=ORIENTED_EDGE('',*,*,#1628,.F.);
#1631=ORIENTED_EDGE('',*,*,#1630,.F.);
#1632=ORIENTED_EDGE('',*,*,#1608,.F.);
#1633=EDGE_LOOP('',(#1621,#1622,#1623,#1625,#1627,#1629,#1631,#1632));
#1634=FACE_OUTER_BOUND('',#1633,.F.);
#1635=ADVANCED_FACE('',(#1634),#1620,.T.);
#1636=CARTESIAN_POINT('',(0.E0,-5.65E0,2.35E0));
#1637=DIRECTION('',(0.E0,0.E0,1.E0));
#1638=DIRECTION('',(0.E0,1.E0,0.E0));
#1639=AXIS2_PLACEMENT_3D('',#1636,#1637,#1638);
#1640=PLANE('',#1639);
#1641=ORIENTED_EDGE('',*,*,#1289,.F.);
#1642=ORIENTED_EDGE('',*,*,#1595,.F.);
#1644=ORIENTED_EDGE('',*,*,#1643,.T.);
#1645=ORIENTED_EDGE('',*,*,#1624,.F.);
#1646=EDGE_LOOP('',(#1641,#1642,#1644,#1645));
#1647=FACE_OUTER_BOUND('',#1646,.F.);
#1648=ADVANCED_FACE('',(#1647),#1640,.F.);
#1649=CARTESIAN_POINT('',(4.1E0,-5.65E0,2.238253537626E0));
#1650=DIRECTION('',(-3.489949670250E-2,0.E0,-9.993908270191E-1));
#1651=DIRECTION('',(-9.993908270191E-1,0.E0,3.489949670250E-2));
#1652=AXIS2_PLACEMENT_3D('',#1649,#1650,#1651);
#1653=PLANE('',#1652);
#1654=ORIENTED_EDGE('',*,*,#1626,.F.);
#1655=ORIENTED_EDGE('',*,*,#1643,.F.);
#1656=ORIENTED_EDGE('',*,*,#1593,.F.);
#1658=ORIENTED_EDGE('',*,*,#1657,.T.);
#1659=EDGE_LOOP('',(#1654,#1655,#1656,#1658));
#1660=FACE_OUTER_BOUND('',#1659,.F.);
#1661=ADVANCED_FACE('',(#1660),#1653,.T.);
#1662=CARTESIAN_POINT('',(4.1E0,0.E0,0.E0));
#1663=DIRECTION('',(-1.E0,0.E0,0.E0));
#1664=DIRECTION('',(0.E0,0.E0,1.E0));
#1665=AXIS2_PLACEMENT_3D('',#1662,#1663,#1664);
#1666=PLANE('',#1665);
#1668=ORIENTED_EDGE('',*,*,#1667,.T.);
#1669=ORIENTED_EDGE('',*,*,#1628,.T.);
#1670=ORIENTED_EDGE('',*,*,#1657,.F.);
#1671=ORIENTED_EDGE('',*,*,#1591,.F.);
#1672=EDGE_LOOP('',(#1668,#1669,#1670,#1671));
#1673=FACE_OUTER_BOUND('',#1672,.F.);
#1674=ADVANCED_FACE('',(#1673),#1666,.T.);
#1675=CARTESIAN_POINT('',(9.E-1,-5.65E0,-2.35E0));
#1676=DIRECTION('',(-3.489949670250E-2,0.E0,9.993908270191E-1));
#1677=DIRECTION('',(9.993908270191E-1,0.E0,3.489949670250E-2));
#1678=AXIS2_PLACEMENT_3D('',#1675,#1676,#1677);
#1679=PLANE('',#1678);
#1680=ORIENTED_EDGE('',*,*,#1589,.T.);
#1681=ORIENTED_EDGE('',*,*,#1610,.F.);
#1682=ORIENTED_EDGE('',*,*,#1630,.T.);
#1683=ORIENTED_EDGE('',*,*,#1667,.F.);
#1684=EDGE_LOOP('',(#1680,#1681,#1682,#1683));
#1685=FACE_OUTER_BOUND('',#1684,.F.);
#1686=ADVANCED_FACE('',(#1685),#1679,.T.);
#1687=CARTESIAN_POINT('',(8.5E-1,-1.E1,1.6E0));
#1688=DIRECTION('',(0.E0,0.E0,-1.E0));
#1689=DIRECTION('',(-1.E0,0.E0,0.E0));
#1690=AXIS2_PLACEMENT_3D('',#1687,#1688,#1689);
#1691=PLANE('',#1690);
#1692=ORIENTED_EDGE('',*,*,#1423,.F.);
#1693=ORIENTED_EDGE('',*,*,#1479,.F.);
#1694=ORIENTED_EDGE('',*,*,#1293,.F.);
#1695=ORIENTED_EDGE('',*,*,#1328,.T.);
#1696=EDGE_LOOP('',(#1692,#1693,#1694,#1695));
#1697=FACE_OUTER_BOUND('',#1696,.F.);
#1698=ADVANCED_FACE('',(#1697),#1691,.F.);
#1699=CARTESIAN_POINT('',(8.5E-1,-1.E1,1.6E0));
#1700=DIRECTION('',(0.E0,0.E0,-1.E0));
#1701=DIRECTION('',(-1.E0,0.E0,0.E0));
#1702=AXIS2_PLACEMENT_3D('',#1699,#1700,#1701);
#1703=PLANE('',#1702);
#1704=ORIENTED_EDGE('',*,*,#1437,.F.);
#1705=ORIENTED_EDGE('',*,*,#1526,.F.);
#1706=ORIENTED_EDGE('',*,*,#1285,.F.);
#1708=ORIENTED_EDGE('',*,*,#1707,.T.);
#1709=EDGE_LOOP('',(#1704,#1705,#1706,#1708));
#1710=FACE_OUTER_BOUND('',#1709,.F.);
#1711=ADVANCED_FACE('',(#1710),#1703,.F.);
#1712=CARTESIAN_POINT('',(0.E0,-6.35E0,3.4E0));
#1713=DIRECTION('',(0.E0,-1.E0,0.E0));
#1714=DIRECTION('',(0.E0,0.E0,-1.E0));
#1715=AXIS2_PLACEMENT_3D('',#1712,#1713,#1714);
#1716=PLANE('',#1715);
#1717=ORIENTED_EDGE('',*,*,#1407,.F.);
#1718=ORIENTED_EDGE('',*,*,#1439,.F.);
#1719=ORIENTED_EDGE('',*,*,#1707,.F.);
#1720=ORIENTED_EDGE('',*,*,#1283,.F.);
#1722=ORIENTED_EDGE('',*,*,#1721,.T.);
#1724=ORIENTED_EDGE('',*,*,#1723,.F.);
#1726=ORIENTED_EDGE('',*,*,#1725,.F.);
#1728=ORIENTED_EDGE('',*,*,#1727,.F.);
#1730=ORIENTED_EDGE('',*,*,#1729,.F.);
#1731=ORIENTED_EDGE('',*,*,#1253,.F.);
#1733=ORIENTED_EDGE('',*,*,#1732,.F.);
#1734=ORIENTED_EDGE('',*,*,#1112,.T.);
#1736=ORIENTED_EDGE('',*,*,#1735,.T.);
#1737=ORIENTED_EDGE('',*,*,#1196,.T.);
#1739=ORIENTED_EDGE('',*,*,#1738,.T.);
#1741=ORIENTED_EDGE('',*,*,#1740,.F.);
#1743=ORIENTED_EDGE('',*,*,#1742,.F.);
#1745=ORIENTED_EDGE('',*,*,#1744,.F.);
#1746=ORIENTED_EDGE('',*,*,#1497,.F.);
#1747=ORIENTED_EDGE('',*,*,#1223,.T.);
#1748=EDGE_LOOP('',(#1717,#1718,#1719,#1720,#1722,#1724,#1726,#1728,#1730,#1731,
#1733,#1734,#1736,#1737,#1739,#1741,#1743,#1745,#1746,#1747));
#1749=FACE_OUTER_BOUND('',#1748,.F.);
#1750=ADVANCED_FACE('',(#1749),#1716,.T.);
#1751=CARTESIAN_POINT('',(0.E0,-1.E1,2.9E0));
#1752=DIRECTION('',(0.E0,0.E0,-1.E0));
#1753=DIRECTION('',(0.E0,1.E0,0.E0));
#1754=AXIS2_PLACEMENT_3D('',#1751,#1752,#1753);
#1755=PLANE('',#1754);
#1756=ORIENTED_EDGE('',*,*,#1281,.T.);
#1757=ORIENTED_EDGE('',*,*,#1576,.F.);
#1759=ORIENTED_EDGE('',*,*,#1758,.T.);
#1760=ORIENTED_EDGE('',*,*,#1379,.F.);
#1761=ORIENTED_EDGE('',*,*,#1297,.T.);
#1762=ORIENTED_EDGE('',*,*,#1476,.T.);
#1764=ORIENTED_EDGE('',*,*,#1763,.F.);
#1765=ORIENTED_EDGE('',*,*,#1721,.F.);
#1766=EDGE_LOOP('',(#1756,#1757,#1759,#1760,#1761,#1762,#1764,#1765));
#1767=FACE_OUTER_BOUND('',#1766,.F.);
#1768=ADVANCED_FACE('',(#1767),#1755,.F.);
#1769=CARTESIAN_POINT('',(9.5E-1,-2.290602889787E1,2.8E0));
#1770=DIRECTION('',(0.E0,1.E0,0.E0));
#1771=DIRECTION('',(-1.E0,0.E0,0.E0));
#1772=AXIS2_PLACEMENT_3D('',#1769,#1770,#1771);
#1773=CYLINDRICAL_SURFACE('',#1772,1.E-1);
#1774=ORIENTED_EDGE('',*,*,#1277,.T.);
#1775=ORIENTED_EDGE('',*,*,#1381,.T.);
#1776=ORIENTED_EDGE('',*,*,#1758,.F.);
#1777=ORIENTED_EDGE('',*,*,#1574,.T.);
#1778=EDGE_LOOP('',(#1774,#1775,#1776,#1777));
#1779=FACE_OUTER_BOUND('',#1778,.F.);
#1780=ADVANCED_FACE('',(#1779),#1773,.T.);
#1781=CARTESIAN_POINT('',(1.E0,-2.290602889787E1,3.E0));
#1782=DIRECTION('',(0.E0,1.E0,0.E0));
#1783=DIRECTION('',(1.E0,0.E0,0.E0));
#1784=AXIS2_PLACEMENT_3D('',#1781,#1782,#1783);
#1785=CYLINDRICAL_SURFACE('',#1784,1.E-1);
#1787=ORIENTED_EDGE('',*,*,#1786,.F.);
#1788=ORIENTED_EDGE('',*,*,#1723,.T.);
#1789=ORIENTED_EDGE('',*,*,#1763,.T.);
#1790=ORIENTED_EDGE('',*,*,#1474,.T.);
#1791=EDGE_LOOP('',(#1787,#1788,#1789,#1790));
#1792=FACE_OUTER_BOUND('',#1791,.F.);
#1793=ADVANCED_FACE('',(#1792),#1785,.F.);
#1794=CARTESIAN_POINT('',(1.1E0,0.E0,0.E0));
#1795=DIRECTION('',(1.E0,0.E0,0.E0));
#1796=DIRECTION('',(0.E0,0.E0,-1.E0));
#1797=AXIS2_PLACEMENT_3D('',#1794,#1795,#1796);
#1798=PLANE('',#1797);
#1799=ORIENTED_EDGE('',*,*,#1786,.T.);
#1800=ORIENTED_EDGE('',*,*,#1472,.F.);
#1802=ORIENTED_EDGE('',*,*,#1801,.T.);
#1803=ORIENTED_EDGE('',*,*,#1725,.T.);
#1804=EDGE_LOOP('',(#1799,#1800,#1802,#1803));
#1805=FACE_OUTER_BOUND('',#1804,.F.);
#1806=ADVANCED_FACE('',(#1805),#1798,.F.);
#1807=CARTESIAN_POINT('',(1.1E0,0.E0,0.E0));
#1808=DIRECTION('',(1.E0,0.E0,0.E0));
#1809=DIRECTION('',(0.E0,0.E0,-1.E0));
#1810=AXIS2_PLACEMENT_3D('',#1807,#1808,#1809);
#1811=PLANE('',#1810);
#1813=ORIENTED_EDGE('',*,*,#1812,.T.);
#1814=ORIENTED_EDGE('',*,*,#1455,.F.);
#1816=ORIENTED_EDGE('',*,*,#1815,.T.);
#1817=ORIENTED_EDGE('',*,*,#1742,.T.);
#1818=EDGE_LOOP('',(#1813,#1814,#1816,#1817));
#1819=FACE_OUTER_BOUND('',#1818,.F.);
#1820=ADVANCED_FACE('',(#1819),#1811,.F.);
#1821=CARTESIAN_POINT('',(1.E0,2.290602889787E1,3.1E0));
#1822=DIRECTION('',(0.E0,-1.E0,0.E0));
#1823=DIRECTION('',(1.E0,0.E0,0.E0));
#1824=AXIS2_PLACEMENT_3D('',#1821,#1822,#1823);
#1825=CYLINDRICAL_SURFACE('',#1824,1.E-1);
#1826=ORIENTED_EDGE('',*,*,#1801,.F.);
#1827=ORIENTED_EDGE('',*,*,#1470,.T.);
#1829=ORIENTED_EDGE('',*,*,#1828,.T.);
#1830=ORIENTED_EDGE('',*,*,#1727,.T.);
#1831=EDGE_LOOP('',(#1826,#1827,#1829,#1830));
#1832=FACE_OUTER_BOUND('',#1831,.F.);
#1833=ADVANCED_FACE('',(#1832),#1825,.F.);
#1834=CARTESIAN_POINT('',(0.E0,1.E1,3.2E0));
#1835=DIRECTION('',(0.E0,0.E0,1.E0));
#1836=DIRECTION('',(0.E0,-1.E0,0.E0));
#1837=AXIS2_PLACEMENT_3D('',#1834,#1835,#1836);
#1838=PLANE('',#1837);
#1839=ORIENTED_EDGE('',*,*,#1263,.T.);
#1840=ORIENTED_EDGE('',*,*,#1355,.F.);
#1842=ORIENTED_EDGE('',*,*,#1841,.T.);
#1843=ORIENTED_EDGE('',*,*,#1550,.F.);
#1844=ORIENTED_EDGE('',*,*,#1255,.T.);
#1845=ORIENTED_EDGE('',*,*,#1729,.T.);
#1846=ORIENTED_EDGE('',*,*,#1828,.F.);
#1847=ORIENTED_EDGE('',*,*,#1468,.F.);
#1848=EDGE_LOOP('',(#1839,#1840,#1842,#1843,#1844,#1845,#1846,#1847));
#1849=FACE_OUTER_BOUND('',#1848,.F.);
#1850=ADVANCED_FACE('',(#1849),#1838,.F.);
#1851=CARTESIAN_POINT('',(9.5E-1,2.290602889787E1,3.3E0));
#1852=DIRECTION('',(0.E0,-1.E0,0.E0));
#1853=DIRECTION('',(-1.E0,0.E0,0.E0));
#1854=AXIS2_PLACEMENT_3D('',#1851,#1852,#1853);
#1855=CYLINDRICAL_SURFACE('',#1854,1.E-1);
#1856=ORIENTED_EDGE('',*,*,#1259,.T.);
#1857=ORIENTED_EDGE('',*,*,#1552,.T.);
#1858=ORIENTED_EDGE('',*,*,#1841,.F.);
#1859=ORIENTED_EDGE('',*,*,#1353,.T.);
#1860=EDGE_LOOP('',(#1856,#1857,#1858,#1859));
#1861=FACE_OUTER_BOUND('',#1860,.F.);
#1862=ADVANCED_FACE('',(#1861),#1855,.T.);
#1863=CARTESIAN_POINT('',(1.E0,-2.290602889787E1,-3.1E0));
#1864=DIRECTION('',(0.E0,1.E0,0.E0));
#1865=DIRECTION('',(1.E0,0.E0,0.E0));
#1866=AXIS2_PLACEMENT_3D('',#1863,#1864,#1865);
#1867=CYLINDRICAL_SURFACE('',#1866,1.E-1);
#1868=ORIENTED_EDGE('',*,*,#1812,.F.);
#1869=ORIENTED_EDGE('',*,*,#1740,.T.);
#1871=ORIENTED_EDGE('',*,*,#1870,.T.);
#1872=ORIENTED_EDGE('',*,*,#1457,.T.);
#1873=EDGE_LOOP('',(#1868,#1869,#1871,#1872));
#1874=FACE_OUTER_BOUND('',#1873,.F.);
#1875=ADVANCED_FACE('',(#1874),#1867,.F.);
#1876=CARTESIAN_POINT('',(0.E0,-1.E1,-3.2E0));
#1877=DIRECTION('',(0.E0,0.E0,-1.E0));
#1878=DIRECTION('',(0.E0,1.E0,0.E0));
#1879=AXIS2_PLACEMENT_3D('',#1876,#1877,#1878);
#1880=PLANE('',#1879);
#1881=ORIENTED_EDGE('',*,*,#1194,.T.);
#1882=ORIENTED_EDGE('',*,*,#1539,.F.);
#1883=ORIENTED_EDGE('',*,*,#1312,.T.);
#1884=ORIENTED_EDGE('',*,*,#1341,.F.);
#1885=ORIENTED_EDGE('',*,*,#1205,.T.);
#1886=ORIENTED_EDGE('',*,*,#1459,.T.);
#1887=ORIENTED_EDGE('',*,*,#1870,.F.);
#1888=ORIENTED_EDGE('',*,*,#1738,.F.);
#1889=EDGE_LOOP('',(#1881,#1882,#1883,#1884,#1885,#1886,#1887,#1888));
#1890=FACE_OUTER_BOUND('',#1889,.F.);
#1891=ADVANCED_FACE('',(#1890),#1880,.F.);
#1892=CARTESIAN_POINT('',(1.E0,2.290602889787E1,-3.E0));
#1893=DIRECTION('',(0.E0,-1.E0,0.E0));
#1894=DIRECTION('',(1.E0,0.E0,0.E0));
#1895=AXIS2_PLACEMENT_3D('',#1892,#1893,#1894);
#1896=CYLINDRICAL_SURFACE('',#1895,1.E-1);
#1897=ORIENTED_EDGE('',*,*,#1815,.F.);
#1898=ORIENTED_EDGE('',*,*,#1453,.T.);
#1899=ORIENTED_EDGE('',*,*,#1499,.T.);
#1900=ORIENTED_EDGE('',*,*,#1744,.T.);
#1901=EDGE_LOOP('',(#1897,#1898,#1899,#1900));
#1902=FACE_OUTER_BOUND('',#1901,.F.);
#1903=ADVANCED_FACE('',(#1902),#1896,.F.);
#1904=CARTESIAN_POINT('',(1.313052E1,-6.2E0,3.25E0));
#1905=DIRECTION('',(-1.E0,0.E0,0.E0));
#1906=DIRECTION('',(0.E0,-1.E0,0.E0));
#1907=AXIS2_PLACEMENT_3D('',#1904,#1905,#1906);
#1908=CYLINDRICAL_SURFACE('',#1907,1.5E-1);
#1909=ORIENTED_EDGE('',*,*,#1251,.T.);
#1911=ORIENTED_EDGE('',*,*,#1910,.F.);
#1912=ORIENTED_EDGE('',*,*,#1097,.T.);
#1913=ORIENTED_EDGE('',*,*,#1732,.T.);
#1914=EDGE_LOOP('',(#1909,#1911,#1912,#1913));
#1915=FACE_OUTER_BOUND('',#1914,.F.);
#1916=ADVANCED_FACE('',(#1915),#1908,.T.);
#1917=CARTESIAN_POINT('',(0.E0,6.35E0,3.4E0));
#1918=DIRECTION('',(0.E0,0.E0,1.E0));
#1919=DIRECTION('',(0.E0,-1.E0,0.E0));
#1920=AXIS2_PLACEMENT_3D('',#1917,#1918,#1919);
#1921=PLANE('',#1920);
#1922=ORIENTED_EDGE('',*,*,#1249,.F.);
#1924=ORIENTED_EDGE('',*,*,#1923,.F.);
#1925=ORIENTED_EDGE('',*,*,#1057,.T.);
#1926=ORIENTED_EDGE('',*,*,#1910,.T.);
#1927=EDGE_LOOP('',(#1922,#1924,#1925,#1926));
#1928=FACE_OUTER_BOUND('',#1927,.F.);
#1929=ADVANCED_FACE('',(#1928),#1921,.T.);
#1930=CARTESIAN_POINT('',(1.313052E1,6.2E0,3.25E0));
#1931=DIRECTION('',(-1.E0,0.E0,0.E0));
#1932=DIRECTION('',(0.E0,0.E0,1.E0));
#1933=AXIS2_PLACEMENT_3D('',#1930,#1931,#1932);
#1934=CYLINDRICAL_SURFACE('',#1933,1.5E-1);
#1935=ORIENTED_EDGE('',*,*,#1267,.T.);
#1936=ORIENTED_EDGE('',*,*,#1465,.F.);
#1937=ORIENTED_EDGE('',*,*,#1042,.T.);
#1938=ORIENTED_EDGE('',*,*,#1923,.T.);
#1939=EDGE_LOOP('',(#1935,#1936,#1937,#1938));
#1940=FACE_OUTER_BOUND('',#1939,.F.);
#1941=ADVANCED_FACE('',(#1940),#1934,.T.);
#1942=CARTESIAN_POINT('',(1.313052E1,-6.2E0,-3.25E0));
#1943=DIRECTION('',(-1.E0,0.E0,0.E0));
#1944=DIRECTION('',(0.E0,0.E0,-1.E0));
#1945=AXIS2_PLACEMENT_3D('',#1942,#1943,#1944);
#1946=CYLINDRICAL_SURFACE('',#1945,1.5E-1);
#1947=ORIENTED_EDGE('',*,*,#1198,.T.);
#1948=ORIENTED_EDGE('',*,*,#1735,.F.);
#1949=ORIENTED_EDGE('',*,*,#1151,.T.);
#1950=ORIENTED_EDGE('',*,*,#1177,.T.);
#1951=EDGE_LOOP('',(#1947,#1948,#1949,#1950));
#1952=FACE_OUTER_BOUND('',#1951,.F.);
#1953=ADVANCED_FACE('',(#1952),#1946,.T.);
#1954=CARTESIAN_POINT('',(1.313052E1,6.2E0,-3.25E0));
#1955=DIRECTION('',(-1.E0,0.E0,0.E0));
#1956=DIRECTION('',(0.E0,1.E0,0.E0));
#1957=AXIS2_PLACEMENT_3D('',#1954,#1955,#1956);
#1958=CYLINDRICAL_SURFACE('',#1957,1.5E-1);
#1959=ORIENTED_EDGE('',*,*,#1201,.T.);
#1960=ORIENTED_EDGE('',*,*,#1180,.F.);
#1961=ORIENTED_EDGE('',*,*,#986,.T.);
#1962=ORIENTED_EDGE('',*,*,#1462,.T.);
#1963=EDGE_LOOP('',(#1959,#1960,#1961,#1962));
#1964=FACE_OUTER_BOUND('',#1963,.F.);
#1965=ADVANCED_FACE('',(#1964),#1958,.T.);
#1966=CLOSED_SHELL('',(#949,#964,#977,#992,#1007,#1020,#1033,#1047,#1062,#1075,
#1088,#1102,#1117,#1130,#1142,#1156,#1169,#1184,#1211,#1243,#1271,#1303,#1318,
#1334,#1346,#1359,#1372,#1385,#1399,#1414,#1428,#1443,#1484,#1504,#1517,#1531,
#1543,#1556,#1567,#1580,#1601,#1615,#1635,#1648,#1661,#1674,#1686,#1698,#1711,
#1750,#1768,#1780,#1793,#1806,#1820,#1833,#1850,#1862,#1875,#1891,#1903,#1916,
#1929,#1941,#1953,#1965));
#1967=MANIFOLD_SOLID_BREP('',#1966);
#1968=DIMENSIONAL_EXPONENTS(1.E0,0.E0,0.E0,0.E0,0.E0,0.E0,0.E0);
#1970=LENGTH_MEASURE_WITH_UNIT(LENGTH_MEASURE(2.54E1),#1969);
#1971=(CONVERSION_BASED_UNIT('INCH',#1970)LENGTH_UNIT()NAMED_UNIT(#1968));
#1972=DIMENSIONAL_EXPONENTS(0.E0,0.E0,0.E0,0.E0,0.E0,0.E0,0.E0);
#1974=PLANE_ANGLE_MEASURE_WITH_UNIT(PLANE_ANGLE_MEASURE(1.745329251994E-2),
#1973);
#1975=(CONVERSION_BASED_UNIT('DEGREE',#1974)NAMED_UNIT(*)PLANE_ANGLE_UNIT());
#1977=UNCERTAINTY_MEASURE_WITH_UNIT(LENGTH_MEASURE(1.584585786563E-3),#1971,
'closure',
'Maximum model space distance between geometric entities at asserted connectivities');
#1978=(GEOMETRIC_REPRESENTATION_CONTEXT(3)GLOBAL_UNCERTAINTY_ASSIGNED_CONTEXT((
#1977))GLOBAL_UNIT_ASSIGNED_CONTEXT((#1971,#1975,#1976))REPRESENTATION_CONTEXT(
'ID1','3'));
#1979=CARTESIAN_POINT('',(0.E0,0.E0,0.E0));
#1980=DIRECTION('',(0.E0,0.E0,1.E0));
#1981=DIRECTION('',(1.E0,0.E0,0.E0));
#1984=APPLICATION_CONTEXT(
'CONFIGURATION CONTROLLED 3D DESIGNS OF MECHANICAL PARTS AND ASSEMBLIES');
#1985=APPLICATION_PROTOCOL_DEFINITION('international standard',
'config_control_design',1994,#1984);
#1986=DESIGN_CONTEXT('',#1984,'design');
#1987=MECHANICAL_CONTEXT('',#1984,'mechanical');
#1988=PRODUCT('1617G-S57','1617G-S57','NOT SPECIFIED',(#1987));
#1989=PRODUCT_DEFINITION_FORMATION_WITH_SPECIFIED_SOURCE('2','LAST_VERSION',
#1988,.MADE.);
#1998=CARTESIAN_POINT('',(-9.126643271145E0,6.35E0,-3.450469550007E0));
#1999=DIRECTION('',(0.E0,0.E0,1.E0));
#2000=DIRECTION('',(1.E0,0.E0,0.E0));
#2001=AXIS2_PLACEMENT_3D('',#1998,#1999,#2000);
#2002=ITEM_DEFINED_TRANSFORMATION('','',#1982,#2001);
#2003=(REPRESENTATION_RELATIONSHIP('','',#1983,#1995)REPRESENTATION_RELATIONSHIP_WITH_TRANSFORMATION(#2002)SHAPE_REPRESENTATION_RELATIONSHIP());
#2004=CONTEXT_DEPENDENT_SHAPE_REPRESENTATION(#2003,#1997);
#2006=CARTESIAN_POINT('',(-4.215E0,-4.171398614185E0,-1.169698460450E-1));
#2007=DIRECTION('',(1.E0,0.E0,0.E0));
#2008=DIRECTION('',(0.E0,7.050148331501E-1,7.091925585046E-1));
#2009=AXIS2_PLACEMENT_3D('',#2006,#2007,#2008);
#2011=DIRECTION('',(0.E0,3.194704605204E-2,9.994895628512E-1));
#2012=VECTOR('',#2011,2.5E-1);
#2013=CARTESIAN_POINT('',(-4.215E0,-4.725E0,7.761848703907E-4));
#2014=LINE('',#2013,#2012);
#2015=CARTESIAN_POINT('',(-4.215E0,-4.171398614185E0,-1.169698460450E-1));
#2016=DIRECTION('',(1.E0,0.E0,0.E0));
#2017=DIRECTION('',(0.E0,9.992833697894E-1,3.785164279506E-2));
#2018=AXIS2_PLACEMENT_3D('',#2015,#2016,#2017);
#2020=CARTESIAN_POINT('',(-4.215E0,-3.759290410935E0,-1.75E0));
#2021=DIRECTION('',(1.E0,0.E0,0.E0));
#2022=DIRECTION('',(0.E0,-9.992833697894E-1,-3.785164279505E-2));
#2023=AXIS2_PLACEMENT_3D('',#2020,#2021,#2022);
#2025=DIRECTION('',(0.E0,7.050148331501E-1,7.091925585046E-1));
#2026=VECTOR('',#2025,3.673274610986E-2);
#2027=CARTESIAN_POINT('',(-4.215E0,-4.100897130870E0,-4.605059019455E-2));
#2028=LINE('',#2027,#2026);
#2029=DIRECTION('',(0.E0,7.050148331501E-1,7.091925585046E-1));
#2030=VECTOR('',#2029,2.132672538901E-1);
#2031=CARTESIAN_POINT('',(-4.215E0,-4.075E0,-2.E-2));
#2032=LINE('',#2031,#2030);
#2033=DIRECTION('',(1.E0,0.E0,0.E0));
#2034=VECTOR('',#2033,4.6E-1);
#2035=CARTESIAN_POINT('',(-4.675E0,-3.821649434758E0,-1.037217710667E-1));
#2036=LINE('',#2035,#2034);
#2037=DIRECTION('',(0.E0,3.785164279505E-2,-9.992833697894E-1));
#2038=VECTOR('',#2037,1.647458847714E0);
#2039=CARTESIAN_POINT('',(-4.215E0,-3.821649434758E0,-1.037217710667E-1));
#2040=LINE('',#2039,#2038);
#2041=CARTESIAN_POINT('',(-4.675E0,-4.171398614185E0,-1.169698460450E-1));
#2042=DIRECTION('',(-1.E0,0.E0,0.E0));
#2043=DIRECTION('',(0.E0,7.050148331501E-1,7.091925585046E-1));
#2044=AXIS2_PLACEMENT_3D('',#2041,#2042,#2043);
#2046=DIRECTION('',(0.E0,3.785164279505E-2,-9.992833697894E-1));
#2047=VECTOR('',#2046,1.647458847714E0);
#2048=CARTESIAN_POINT('',(-4.675E0,-4.071470277206E0,-1.131846817655E-1));
#2049=LINE('',#2048,#2047);
#2050=CARTESIAN_POINT('',(-4.675E0,-3.759290410935E0,-1.75E0));
#2051=DIRECTION('',(-1.E0,0.E0,0.E0));
#2052=DIRECTION('',(0.E0,-6.935951114321E-1,-7.203650611999E-1));
#2053=AXIS2_PLACEMENT_3D('',#2050,#2051,#2052);
#2055=DIRECTION('',(0.E0,6.935951114321E-1,7.203650611999E-1));
#2056=VECTOR('',#2055,2.5E-1);
#2057=CARTESIAN_POINT('',(-4.675E0,-3.932689188793E0,-1.930091265300E0));
#2058=LINE('',#2057,#2056);
#2059=DIRECTION('',(0.E0,3.785164279505E-2,-9.992833697894E-1));
#2060=VECTOR('',#2059,1.647458847714E0);
#2061=CARTESIAN_POINT('',(-4.675E0,-3.821649434758E0,-1.037217710667E-1));
#2062=LINE('',#2061,#2060);
#2063=CARTESIAN_POINT('',(-4.675E0,-4.171398614185E0,-1.169698460450E-1));
#2064=DIRECTION('',(-1.E0,0.E0,0.E0));
#2065=DIRECTION('',(0.E0,3.194704605204E-2,9.994895628512E-1));
#2066=AXIS2_PLACEMENT_3D('',#2063,#2064,#2065);
#2068=DIRECTION('',(0.E0,9.994895628512E-1,-3.194704605204E-2));
#2069=VECTOR('',#2068,5.570804449744E-1);
#2070=CARTESIAN_POINT('',(-4.675E0,-4.717013238487E0,2.506485755832E-1));
#2071=LINE('',#2070,#2069);
#2072=DIRECTION('',(0.E0,9.994895628512E-1,-3.194704605204E-2));
#2073=VECTOR('',#2072,5.570804449744E-1);
#2074=CARTESIAN_POINT('',(-4.675E0,-4.725E0,7.761848703908E-4));
#2075=LINE('',#2074,#2073);
#2076=DIRECTION('',(0.E0,7.050148331501E-1,7.091925585047E-1));
#2077=VECTOR('',#2076,3.673274610986E-2);
#2078=CARTESIAN_POINT('',(-4.675E0,-4.100897130870E0,-4.605059019455E-2));
#2079=LINE('',#2078,#2077);
#2080=DIRECTION('',(0.E0,7.050148331501E-1,7.091925585046E-1));
#2081=VECTOR('',#2080,2.132672538901E-1);
#2082=CARTESIAN_POINT('',(-4.675E0,-4.075E0,-2.E-2));
#2083=LINE('',#2082,#2081);
#2084=DIRECTION('',(1.E0,0.E0,0.E0));
#2085=VECTOR('',#2084,4.6E-1);
#2086=CARTESIAN_POINT('',(-4.675E0,-4.160217148067E0,2.328515009529E-1));
#2087=LINE('',#2086,#2085);
#2088=DIRECTION('',(0.E0,9.994895628512E-1,-3.194704605204E-2));
#2089=VECTOR('',#2088,5.570804449744E-1);
#2090=CARTESIAN_POINT('',(-4.215E0,-4.717013238487E0,2.506485755832E-1));
#2091=LINE('',#2090,#2089);
#2092=DIRECTION('',(1.E0,0.E0,0.E0));
#2093=VECTOR('',#2092,4.6E-1);
#2094=CARTESIAN_POINT('',(-4.675E0,-4.717013238487E0,2.506485755832E-1));
#2095=LINE('',#2094,#2093);
#2096=DIRECTION('',(0.E0,3.194704605204E-2,9.994895628512E-1));
#2097=VECTOR('',#2096,2.5E-1);
#2098=CARTESIAN_POINT('',(-4.675E0,-4.725E0,7.761848703908E-4));
#2099=LINE('',#2098,#2097);
#2100=DIRECTION('',(1.E0,0.E0,0.E0));
#2101=VECTOR('',#2100,4.6E-1);
#2102=CARTESIAN_POINT('',(-4.675E0,-4.168203909580E0,-1.702088975989E-2));
#2103=LINE('',#2102,#2101);
#2104=DIRECTION('',(1.E0,0.E0,0.E0));
#2105=VECTOR('',#2104,4.6E-1);
#2106=CARTESIAN_POINT('',(-4.675E0,-4.725E0,7.761848703908E-4));
#2107=LINE('',#2106,#2105);
#2108=DIRECTION('',(0.E0,9.994895628512E-1,-3.194704605204E-2));
#2109=VECTOR('',#2108,5.570804449744E-1);
#2110=CARTESIAN_POINT('',(-4.215E0,-4.725E0,7.761848703907E-4));
#2111=LINE('',#2110,#2109);
#2112=CARTESIAN_POINT('',(-4.675E0,-4.171398614185E0,-1.169698460450E-1));
#2113=DIRECTION('',(1.E0,0.E0,0.E0));
#2114=DIRECTION('',(0.E0,9.992833697894E-1,3.785164279506E-2));
#2115=AXIS2_PLACEMENT_3D('',#2112,#2113,#2114);
#2117=CARTESIAN_POINT('',(-4.675E0,-4.171398614185E0,-1.169698460450E-1));
#2118=DIRECTION('',(1.E0,0.E0,0.E0));
#2119=DIRECTION('',(0.E0,7.050148331501E-1,7.091925585046E-1));
#2120=AXIS2_PLACEMENT_3D('',#2117,#2118,#2119);
#2122=CARTESIAN_POINT('',(-4.215E0,-4.171398614185E0,-1.169698460450E-1));
#2123=DIRECTION('',(-1.E0,0.E0,0.E0));
#2124=DIRECTION('',(0.E0,3.194704605205E-2,9.994895628512E-1));
#2125=AXIS2_PLACEMENT_3D('',#2122,#2123,#2124);
#2127=CARTESIAN_POINT('',(-4.215E0,-4.171398614185E0,-1.169698460450E-1));
#2128=DIRECTION('',(-1.E0,0.E0,0.E0));
#2129=DIRECTION('',(0.E0,7.050148331501E-1,7.091925585046E-1));
#2130=AXIS2_PLACEMENT_3D('',#2127,#2128,#2129);
#2132=DIRECTION('',(1.E0,0.E0,0.E0));
#2133=VECTOR('',#2132,4.6E-1);
#2134=CARTESIAN_POINT('',(-4.675E0,-4.071470277206E0,-1.131846817655E-1));
#2135=LINE('',#2134,#2133);
#2136=DIRECTION('',(0.E0,3.785164279505E-2,-9.992833697894E-1));
#2137=VECTOR('',#2136,1.647458847714E0);
#2138=CARTESIAN_POINT('',(-4.215E0,-4.071470277206E0,-1.131846817655E-1));
#2139=LINE('',#2138,#2137);
#2140=DIRECTION('',(-1.E0,0.E0,0.E0));
#2141=VECTOR('',#2140,4.6E-1);
#2142=CARTESIAN_POINT('',(-4.215E0,-4.009111253383E0,-1.759462910699E0));
#2143=LINE('',#2142,#2141);
#2144=CARTESIAN_POINT('',(-4.675E0,-2.675E0,-1.75E0));
#2145=DIRECTION('',(-1.E0,0.E0,0.E0));
#2146=DIRECTION('',(0.E0,7.071067811865E-1,-7.071067811865E-1));
#2147=AXIS2_PLACEMENT_3D('',#2144,#2145,#2146);
#2149=DIRECTION('',(0.E0,-7.071067811865E-1,7.071067811865E-1));
#2150=VECTOR('',#2149,2.5E-1);
#2151=CARTESIAN_POINT('',(-4.675E0,-2.498223304703E0,-1.926776695297E0));
#2152=LINE('',#2151,#2150);
#2153=DIRECTION('',(0.E0,1.E0,0.E0));
#2154=VECTOR('',#2153,1.084290410935E0);
#2155=CARTESIAN_POINT('',(-4.675E0,-3.759290410935E0,-1.75E0));
#2156=LINE('',#2155,#2154);
#2157=CARTESIAN_POINT('',(-4.675E0,-3.759290410935E0,-1.75E0));
#2158=DIRECTION('',(-1.E0,0.E0,0.E0));
#2159=DIRECTION('',(0.E0,0.E0,-1.E0));
#2160=AXIS2_PLACEMENT_3D('',#2157,#2158,#2159);
#2162=DIRECTION('',(0.E0,1.E0,0.E0));
#2163=VECTOR('',#2162,1.084290410935E0);
#2164=CARTESIAN_POINT('',(-4.675E0,-3.759290410935E0,-2.E0));
#2165=LINE('',#2164,#2163);
#2166=DIRECTION('',(0.E0,7.071067811865E-1,7.071067811865E-1));
#2167=VECTOR('',#2166,1.131370849898E-1);
#2168=CARTESIAN_POINT('',(-4.675E0,-2.675E0,-1.8E-1));
#2169=LINE('',#2168,#2167);
#2170=DIRECTION('',(0.E0,0.E0,1.E0));
#2171=VECTOR('',#2170,2.2E-1);
#2172=CARTESIAN_POINT('',(-4.675E0,-2.675E0,-4.E-1));
#2173=LINE('',#2172,#2171);
#2174=DIRECTION('',(0.E0,0.E0,1.E0));
#2175=VECTOR('',#2174,2.2E-1);
#2176=CARTESIAN_POINT('',(-4.675E0,-2.425E0,-4.E-1));
#2177=LINE('',#2176,#2175);
#2178=DIRECTION('',(0.E0,7.071067811865E-1,-7.071067811865E-1));
#2179=VECTOR('',#2178,1.131370849898E-1);
#2180=CARTESIAN_POINT('',(-4.675E0,-2.505E0,-1.E-1));
#2181=LINE('',#2180,#2179);
#2182=DIRECTION('',(0.E0,-1.E0,0.E0));
#2183=VECTOR('',#2182,9.E-2);
#2184=CARTESIAN_POINT('',(-4.675E0,-2.505E0,-1.E-1));
#2185=LINE('',#2184,#2183);
#2186=CARTESIAN_POINT('',(-4.675E0,-2.675E0,-1.75E0));
#2187=DIRECTION('',(-1.E0,0.E0,0.E0));
#2188=DIRECTION('',(0.E0,1.E0,0.E0));
#2189=AXIS2_PLACEMENT_3D('',#2186,#2187,#2188);
#2191=DIRECTION('',(0.E0,0.E0,1.E0));
#2192=VECTOR('',#2191,9.5E-1);
#2193=CARTESIAN_POINT('',(-4.675E0,-2.425E0,-1.75E0));
#2194=LINE('',#2193,#2192);
#2195=DIRECTION('',(0.E0,-1.E0,0.E0));
#2196=VECTOR('',#2195,2.5E-1);
#2197=CARTESIAN_POINT('',(-4.675E0,-2.425E0,-8.E-1));
#2198=LINE('',#2197,#2196);
#2199=DIRECTION('',(0.E0,0.E0,1.E0));
#2200=VECTOR('',#2199,9.5E-1);
#2201=CARTESIAN_POINT('',(-4.675E0,-2.675E0,-1.75E0));
#2202=LINE('',#2201,#2200);
#2203=DIRECTION('',(0.E0,-7.071067811865E-1,-7.071067811865E-1));
#2204=VECTOR('',#2203,1.131370849898E-1);
#2205=CARTESIAN_POINT('',(-4.215E0,-2.595E0,-1.E-1));
#2206=LINE('',#2205,#2204);
#2207=DIRECTION('',(0.E0,-7.071067811865E-1,7.071067811865E-1));
#2208=VECTOR('',#2207,1.131370849898E-1);
#2209=CARTESIAN_POINT('',(-4.215E0,-2.425E0,-1.8E-1));
#2210=LINE('',#2209,#2208);
#2211=DIRECTION('',(0.E0,-1.E0,0.E0));
#2212=VECTOR('',#2211,2.5E-1);
#2213=CARTESIAN_POINT('',(-4.215E0,-2.425E0,-4.E-1));
#2214=LINE('',#2213,#2212);
#2215=CARTESIAN_POINT('',(-4.215E0,-2.675E0,-1.75E0));
#2216=DIRECTION('',(1.E0,0.E0,0.E0));
#2217=DIRECTION('',(0.E0,7.071067811865E-1,-7.071067811865E-1));
#2218=AXIS2_PLACEMENT_3D('',#2215,#2216,#2217);
#2220=DIRECTION('',(0.E0,-7.071067811865E-1,7.071067811865E-1));
#2221=VECTOR('',#2220,2.5E-1);
#2222=CARTESIAN_POINT('',(-4.215E0,-2.498223304703E0,-1.926776695297E0));
#2223=LINE('',#2222,#2221);
#2224=DIRECTION('',(1.E0,0.E0,0.E0));
#2225=VECTOR('',#2224,4.6E-1);
#2226=CARTESIAN_POINT('',(-4.675E0,-2.595E0,-1.E-1));
#2227=LINE('',#2226,#2225);
#2228=DIRECTION('',(-1.E0,0.E0,0.E0));
#2229=VECTOR('',#2228,4.6E-1);
#2230=CARTESIAN_POINT('',(-4.215E0,-2.505E0,-1.E-1));
#2231=LINE('',#2230,#2229);
#2232=DIRECTION('',(0.E0,-1.E0,0.E0));
#2233=VECTOR('',#2232,9.E-2);
#2234=CARTESIAN_POINT('',(-4.215E0,-2.505E0,-1.E-1));
#2235=LINE('',#2234,#2233);
#2236=DIRECTION('',(-1.E0,0.E0,0.E0));
#2237=VECTOR('',#2236,4.6E-1);
#2238=CARTESIAN_POINT('',(-4.215E0,-2.425E0,-1.75E0));
#2239=LINE('',#2238,#2237);
#2240=DIRECTION('',(0.E0,0.E0,1.E0));
#2241=VECTOR('',#2240,9.5E-1);
#2242=CARTESIAN_POINT('',(-4.215E0,-2.425E0,-1.75E0));
#2243=LINE('',#2242,#2241);
#2244=CARTESIAN_POINT('',(-4.065E0,-2.425E0,-6.E-1));
#2245=DIRECTION('',(0.E0,1.E0,0.E0));
#2246=DIRECTION('',(-6.E-1,0.E0,-8.E-1));
#2247=AXIS2_PLACEMENT_3D('',#2244,#2245,#2246);
#2249=DIRECTION('',(0.E0,0.E0,1.E0));
#2250=VECTOR('',#2249,2.2E-1);
#2251=CARTESIAN_POINT('',(-4.215E0,-2.425E0,-4.E-1));
#2252=LINE('',#2251,#2250);
#2253=DIRECTION('',(-1.E0,0.E0,0.E0));
#2254=VECTOR('',#2253,4.6E-1);
#2255=CARTESIAN_POINT('',(-4.215E0,-2.425E0,-1.8E-1));
#2256=LINE('',#2255,#2254);
#2257=CARTESIAN_POINT('',(-4.825E0,-2.425E0,-6.E-1));
#2258=DIRECTION('',(0.E0,1.E0,0.E0));
#2259=DIRECTION('',(6.E-1,0.E0,8.E-1));
#2260=AXIS2_PLACEMENT_3D('',#2257,#2258,#2259);
#2262=DIRECTION('',(0.E0,-1.E0,0.E0));
#2263=VECTOR('',#2262,2.5E-1);
#2264=CARTESIAN_POINT('',(-4.215E0,-2.425E0,-8.E-1));
#2265=LINE('',#2264,#2263);
#2266=DIRECTION('',(1.E0,0.E0,0.E0));
#2267=VECTOR('',#2266,4.6E-1);
#2268=CARTESIAN_POINT('',(-4.675E0,-2.675E0,-1.8E-1));
#2269=LINE('',#2268,#2267);
#2270=DIRECTION('',(0.E0,0.E0,1.E0));
#2271=VECTOR('',#2270,2.2E-1);
#2272=CARTESIAN_POINT('',(-4.215E0,-2.675E0,-4.E-1));
#2273=LINE('',#2272,#2271);
#2274=CARTESIAN_POINT('',(-4.065E0,-2.675E0,-6.E-1));
#2275=DIRECTION('',(0.E0,1.E0,0.E0));
#2276=DIRECTION('',(-6.E-1,0.E0,-8.E-1));
#2277=AXIS2_PLACEMENT_3D('',#2274,#2275,#2276);
#2279=DIRECTION('',(0.E0,0.E0,1.E0));
#2280=VECTOR('',#2279,9.5E-1);
#2281=CARTESIAN_POINT('',(-4.215E0,-2.675E0,-1.75E0));
#2282=LINE('',#2281,#2280);
#2283=DIRECTION('',(1.E0,0.E0,0.E0));
#2284=VECTOR('',#2283,4.6E-1);
#2285=CARTESIAN_POINT('',(-4.675E0,-2.675E0,-1.75E0));
#2286=LINE('',#2285,#2284);
#2287=CARTESIAN_POINT('',(-4.825E0,-2.675E0,-6.E-1));
#2288=DIRECTION('',(0.E0,1.E0,0.E0));
#2289=DIRECTION('',(6.E-1,0.E0,8.E-1));
#2290=AXIS2_PLACEMENT_3D('',#2287,#2288,#2289);
#2292=DIRECTION('',(0.E0,1.E0,0.E0));
#2293=VECTOR('',#2292,1.084290410935E0);
#2294=CARTESIAN_POINT('',(-4.215E0,-3.759290410935E0,-1.75E0));
#2295=LINE('',#2294,#2293);
#2296=DIRECTION('',(1.E0,0.E0,0.E0));
#2297=VECTOR('',#2296,4.6E-1);
#2298=CARTESIAN_POINT('',(-4.675E0,-3.759290410935E0,-1.75E0));
#2299=LINE('',#2298,#2297);
#2300=CARTESIAN_POINT('',(-4.215E0,-2.675E0,-1.75E0));
#2301=DIRECTION('',(1.E0,0.E0,0.E0));
#2302=DIRECTION('',(0.E0,0.E0,-1.E0));
#2303=AXIS2_PLACEMENT_3D('',#2300,#2301,#2302);
#2305=CARTESIAN_POINT('',(-4.215E0,-3.759290410935E0,-1.75E0));
#2306=DIRECTION('',(1.E0,0.E0,0.E0));
#2307=DIRECTION('',(0.E0,-6.935951114321E-1,-7.203650611999E-1));
#2308=AXIS2_PLACEMENT_3D('',#2305,#2306,#2307);
#2310=DIRECTION('',(0.E0,6.935951114321E-1,7.203650611999E-1));
#2311=VECTOR('',#2310,2.5E-1);
#2312=CARTESIAN_POINT('',(-4.215E0,-3.932689188793E0,-1.930091265300E0));
#2313=LINE('',#2312,#2311);
#2314=DIRECTION('',(-1.E0,0.E0,0.E0));
#2315=VECTOR('',#2314,4.6E-1);
#2316=CARTESIAN_POINT('',(-4.215E0,-2.675E0,-2.E0));
#2317=LINE('',#2316,#2315);
#2318=DIRECTION('',(-1.E0,0.E0,0.E0));
#2319=VECTOR('',#2318,4.6E-1);
#2320=CARTESIAN_POINT('',(-4.215E0,-3.759290410935E0,-2.E0));
#2321=LINE('',#2320,#2319);
#2322=DIRECTION('',(0.E0,1.E0,0.E0));
#2323=VECTOR('',#2322,1.084290410935E0);
#2324=CARTESIAN_POINT('',(-4.215E0,-3.759290410935E0,-2.E0));
#2325=LINE('',#2324,#2323);
#2326=DIRECTION('',(0.E0,-1.E0,0.E0));
#2327=VECTOR('',#2326,2.5E-1);
#2328=CARTESIAN_POINT('',(-4.675E0,-2.425E0,-4.E-1));
#2329=LINE('',#2328,#2327);
#2330=CARTESIAN_POINT('',(-4.675E0,-3.759290410935E0,-1.75E0));
#2331=CARTESIAN_POINT('',(-4.675E0,-2.675E0,-1.75E0));
#2332=VERTEX_POINT('',#2330);
#2333=VERTEX_POINT('',#2331);
#2334=CARTESIAN_POINT('',(-4.215E0,-3.759290410935E0,-1.75E0));
#2335=CARTESIAN_POINT('',(-4.215E0,-2.675E0,-1.75E0));
#2336=VERTEX_POINT('',#2334);
#2337=VERTEX_POINT('',#2335);
#2338=CARTESIAN_POINT('',(-4.675E0,-2.425E0,-4.E-1));
#2339=CARTESIAN_POINT('',(-4.675E0,-2.425E0,-8.E-1));
#2340=VERTEX_POINT('',#2338);
#2341=VERTEX_POINT('',#2339);
#2342=CARTESIAN_POINT('',(-4.215E0,-2.425E0,-8.E-1));
#2343=CARTESIAN_POINT('',(-4.215E0,-2.425E0,-4.E-1));
#2344=VERTEX_POINT('',#2342);
#2345=VERTEX_POINT('',#2343);
#2346=CARTESIAN_POINT('',(-4.675E0,-2.675E0,-4.E-1));
#2347=CARTESIAN_POINT('',(-4.675E0,-2.675E0,-8.E-1));
#2348=VERTEX_POINT('',#2346);
#2349=VERTEX_POINT('',#2347);
#2350=CARTESIAN_POINT('',(-4.215E0,-2.675E0,-8.E-1));
#2351=CARTESIAN_POINT('',(-4.215E0,-2.675E0,-4.E-1));
#2352=VERTEX_POINT('',#2350);
#2353=VERTEX_POINT('',#2351);
#2354=CARTESIAN_POINT('',(-4.215E0,-2.595E0,-1.E-1));
#2355=CARTESIAN_POINT('',(-4.215E0,-2.675E0,-1.8E-1));
#2356=VERTEX_POINT('',#2354);
#2357=VERTEX_POINT('',#2355);
#2358=CARTESIAN_POINT('',(-4.675E0,-2.675E0,-1.8E-1));
#2359=VERTEX_POINT('',#2358);
#2360=CARTESIAN_POINT('',(-4.675E0,-2.595E0,-1.E-1));
#2361=VERTEX_POINT('',#2360);
#2362=CARTESIAN_POINT('',(-4.675E0,-2.505E0,-1.E-1));
#2363=CARTESIAN_POINT('',(-4.675E0,-2.425E0,-1.8E-1));
#2364=VERTEX_POINT('',#2362);
#2365=VERTEX_POINT('',#2363);
#2366=CARTESIAN_POINT('',(-4.215E0,-2.425E0,-1.8E-1));
#2367=VERTEX_POINT('',#2366);
#2368=CARTESIAN_POINT('',(-4.215E0,-2.505E0,-1.E-1));
#2369=VERTEX_POINT('',#2368);
#2370=CARTESIAN_POINT('',(-4.675E0,-2.425E0,-1.75E0));
#2371=CARTESIAN_POINT('',(-4.675E0,-2.498223304703E0,-1.926776695297E0));
#2372=VERTEX_POINT('',#2370);
#2373=VERTEX_POINT('',#2371);
#2374=CARTESIAN_POINT('',(-4.675E0,-2.675E0,-2.E0));
#2375=VERTEX_POINT('',#2374);
#2376=CARTESIAN_POINT('',(-4.215E0,-2.675E0,-2.E0));
#2377=VERTEX_POINT('',#2376);
#2378=CARTESIAN_POINT('',(-4.215E0,-2.498223304703E0,-1.926776695297E0));
#2379=VERTEX_POINT('',#2378);
#2380=CARTESIAN_POINT('',(-4.215E0,-2.425E0,-1.75E0));
#2381=VERTEX_POINT('',#2380);
#2382=CARTESIAN_POINT('',(-4.675E0,-3.759290410935E0,-2.E0));
#2383=CARTESIAN_POINT('',(-4.675E0,-3.932689188793E0,-1.930091265300E0));
#2384=VERTEX_POINT('',#2382);
#2385=VERTEX_POINT('',#2383);
#2386=CARTESIAN_POINT('',(-4.675E0,-4.009111253383E0,-1.759462910699E0));
#2387=VERTEX_POINT('',#2386);
#2388=CARTESIAN_POINT('',(-4.215E0,-4.009111253383E0,-1.759462910699E0));
#2389=VERTEX_POINT('',#2388);
#2390=CARTESIAN_POINT('',(-4.215E0,-3.932689188793E0,-1.930091265300E0));
#2391=VERTEX_POINT('',#2390);
#2392=CARTESIAN_POINT('',(-4.215E0,-3.759290410935E0,-2.E0));
#2393=VERTEX_POINT('',#2392);
#2394=CARTESIAN_POINT('',(-4.675E0,-4.725E0,7.761848703908E-4));
#2395=CARTESIAN_POINT('',(-4.675E0,-4.717013238487E0,2.506485755832E-1));
#2396=VERTEX_POINT('',#2394);
#2397=VERTEX_POINT('',#2395);
#2398=CARTESIAN_POINT('',(-4.215E0,-4.725E0,7.761848703907E-4));
#2399=VERTEX_POINT('',#2398);
#2400=CARTESIAN_POINT('',(-4.215E0,-4.717013238487E0,2.506485755832E-1));
#2401=VERTEX_POINT('',#2400);
#2402=CARTESIAN_POINT('',(-4.675E0,-4.071470277206E0,-1.131846817655E-1));
#2403=CARTESIAN_POINT('',(-4.215E0,-4.071470277206E0,-1.131846817655E-1));
#2404=VERTEX_POINT('',#2402);
#2405=VERTEX_POINT('',#2403);
#2406=CARTESIAN_POINT('',(-4.675E0,-4.168203909580E0,-1.702088975989E-2));
#2407=CARTESIAN_POINT('',(-4.215E0,-4.168203909580E0,-1.702088975989E-2));
#2408=VERTEX_POINT('',#2406);
#2409=VERTEX_POINT('',#2407);
#2410=CARTESIAN_POINT('',(-4.675E0,-4.100897130870E0,-4.605059019455E-2));
#2411=CARTESIAN_POINT('',(-4.675E0,-4.075E0,-2.E-2));
#2412=VERTEX_POINT('',#2410);
#2413=VERTEX_POINT('',#2411);
#2414=CARTESIAN_POINT('',(-4.215E0,-4.100897130870E0,-4.605059019455E-2));
#2415=CARTESIAN_POINT('',(-4.215E0,-4.075E0,-2.E-2));
#2416=VERTEX_POINT('',#2414);
#2417=VERTEX_POINT('',#2415);
#2418=CARTESIAN_POINT('',(-4.215E0,-3.821649434758E0,-1.037217710667E-1));
#2419=CARTESIAN_POINT('',(-4.215E0,-3.924643422582E0,1.312475494316E-1));
#2420=VERTEX_POINT('',#2418);
#2421=VERTEX_POINT('',#2419);
#2422=CARTESIAN_POINT('',(-4.215E0,-4.160217148067E0,2.328515009529E-1));
#2423=VERTEX_POINT('',#2422);
#2424=CARTESIAN_POINT('',(-4.675E0,-4.160217148067E0,2.328515009529E-1));
#2425=VERTEX_POINT('',#2424);
#2426=CARTESIAN_POINT('',(-4.675E0,-3.924643422582E0,1.312475494316E-1));
#2427=VERTEX_POINT('',#2426);
#2428=CARTESIAN_POINT('',(-4.675E0,-3.821649434758E0,-1.037217710667E-1));
#2429=VERTEX_POINT('',#2428);
#2430=CARTESIAN_POINT('',(-4.215E0,-4.337754175756E0,1.134623438915E-1));
#2431=DIRECTION('',(-1.E0,0.E0,0.E0));
#2432=DIRECTION('',(0.E0,9.994895628512E-1,-3.194704605204E-2));
#2433=AXIS2_PLACEMENT_3D('',#2430,#2431,#2432);
#2434=PLANE('',#2433);
#2436=ORIENTED_EDGE('',*,*,#2435,.F.);
#2438=ORIENTED_EDGE('',*,*,#2437,.F.);
#2440=ORIENTED_EDGE('',*,*,#2439,.F.);
#2442=ORIENTED_EDGE('',*,*,#2441,.F.);
#2444=ORIENTED_EDGE('',*,*,#2443,.F.);
#2446=ORIENTED_EDGE('',*,*,#2445,.T.);
#2448=ORIENTED_EDGE('',*,*,#2447,.T.);
#2449=EDGE_LOOP('',(#2436,#2438,#2440,#2442,#2444,#2446,#2448));
#2450=FACE_OUTER_BOUND('',#2449,.F.);
#2451=ADVANCED_FACE('',(#2450),#2434,.F.);
#2452=CARTESIAN_POINT('',(-1.686366E1,-4.171398614185E0,-1.169698460450E-1));
#2453=DIRECTION('',(1.E0,0.E0,0.E0));
#2454=DIRECTION('',(0.E0,9.992833697894E-1,3.785164279505E-2));
#2455=AXIS2_PLACEMENT_3D('',#2452,#2453,#2454);
#2456=CYLINDRICAL_SURFACE('',#2455,3.5E-1);
#2458=ORIENTED_EDGE('',*,*,#2457,.T.);
#2459=ORIENTED_EDGE('',*,*,#2435,.T.);
#2461=ORIENTED_EDGE('',*,*,#2460,.F.);
#2463=ORIENTED_EDGE('',*,*,#2462,.T.);
#2465=ORIENTED_EDGE('',*,*,#2464,.T.);
#2467=ORIENTED_EDGE('',*,*,#2466,.T.);
#2468=EDGE_LOOP('',(#2458,#2459,#2461,#2463,#2465,#2467));
#2469=FACE_OUTER_BOUND('',#2468,.F.);
#2470=ADVANCED_FACE('',(#2469),#2456,.T.);
#2471=CARTESIAN_POINT('',(-4.215E0,-3.917073468868E0,-8.868938462219E-1));
#2472=DIRECTION('',(-1.E0,0.E0,0.E0));
#2473=DIRECTION('',(0.E0,3.785164279505E-2,-9.992833697894E-1));
#2474=AXIS2_PLACEMENT_3D('',#2471,#2472,#2473);
#2475=PLANE('',#2474);
#2476=ORIENTED_EDGE('',*,*,#2457,.F.);
#2478=ORIENTED_EDGE('',*,*,#2477,.T.);
#2480=ORIENTED_EDGE('',*,*,#2479,.F.);
#2482=ORIENTED_EDGE('',*,*,#2481,.F.);
#2484=ORIENTED_EDGE('',*,*,#2483,.F.);
#2486=ORIENTED_EDGE('',*,*,#2485,.F.);
#2487=ORIENTED_EDGE('',*,*,#2439,.T.);
#2488=ORIENTED_EDGE('',*,*,#2437,.T.);
#2489=EDGE_LOOP('',(#2476,#2478,#2480,#2482,#2484,#2486,#2487,#2488));
#2490=FACE_OUTER_BOUND('',#2489,.F.);
#2491=ADVANCED_FACE('',(#2490),#2475,.F.);
#2492=CARTESIAN_POINT('',(-4.675E0,-3.825179157553E0,-1.053708930124E-2));
#2493=DIRECTION('',(0.E0,-9.992833697894E-1,-3.785164279505E-2));
#2494=DIRECTION('',(0.E0,3.785164279505E-2,-9.992833697894E-1));
#2495=AXIS2_PLACEMENT_3D('',#2492,#2493,#2494);
#2496=PLANE('',#2495);
#2497=ORIENTED_EDGE('',*,*,#2466,.F.);
#2499=ORIENTED_EDGE('',*,*,#2498,.T.);
#2501=ORIENTED_EDGE('',*,*,#2500,.T.);
#2502=ORIENTED_EDGE('',*,*,#2477,.F.);
#2503=EDGE_LOOP('',(#2497,#2499,#2501,#2502));
#2504=FACE_OUTER_BOUND('',#2503,.F.);
#2505=ADVANCED_FACE('',(#2504),#2496,.F.);
#2506=CARTESIAN_POINT('',(-4.675E0,-3.917073468868E0,-8.868938462219E-1));
#2507=DIRECTION('',(-1.E0,0.E0,0.E0));
#2508=DIRECTION('',(0.E0,3.785164279505E-2,-9.992833697894E-1));
#2509=AXIS2_PLACEMENT_3D('',#2506,#2507,#2508);
#2510=PLANE('',#2509);
#2511=ORIENTED_EDGE('',*,*,#2464,.F.);
#2513=ORIENTED_EDGE('',*,*,#2512,.F.);
#2515=ORIENTED_EDGE('',*,*,#2514,.F.);
#2517=ORIENTED_EDGE('',*,*,#2516,.F.);
#2519=ORIENTED_EDGE('',*,*,#2518,.T.);
#2521=ORIENTED_EDGE('',*,*,#2520,.F.);
#2523=ORIENTED_EDGE('',*,*,#2522,.T.);
#2524=ORIENTED_EDGE('',*,*,#2498,.F.);
#2525=EDGE_LOOP('',(#2511,#2513,#2515,#2517,#2519,#2521,#2523,#2524));
#2526=FACE_OUTER_BOUND('',#2525,.F.);
#2527=ADVANCED_FACE('',(#2526),#2510,.T.);
#2528=CARTESIAN_POINT('',(-4.675E0,-4.337754175756E0,1.134623438915E-1));
#2529=DIRECTION('',(-1.E0,0.E0,0.E0));
#2530=DIRECTION('',(0.E0,9.994895628512E-1,-3.194704605204E-2));
#2531=AXIS2_PLACEMENT_3D('',#2528,#2529,#2530);
#2532=PLANE('',#2531);
#2533=ORIENTED_EDGE('',*,*,#2462,.F.);
#2535=ORIENTED_EDGE('',*,*,#2534,.F.);
#2537=ORIENTED_EDGE('',*,*,#2536,.F.);
#2539=ORIENTED_EDGE('',*,*,#2538,.T.);
#2541=ORIENTED_EDGE('',*,*,#2540,.F.);
#2542=ORIENTED_EDGE('',*,*,#2514,.T.);
#2543=ORIENTED_EDGE('',*,*,#2512,.T.);
#2544=EDGE_LOOP('',(#2533,#2535,#2537,#2539,#2541,#2542,#2543));
#2545=FACE_OUTER_BOUND('',#2544,.F.);
#2546=ADVANCED_FACE('',(#2545),#2532,.T.);
#2547=CARTESIAN_POINT('',(-4.675E0,-4.717013238487E0,2.506485755832E-1));
#2548=DIRECTION('',(0.E0,-3.194704605204E-2,-9.994895628512E-1));
#2549=DIRECTION('',(0.E0,9.994895628512E-1,-3.194704605204E-2));
#2550=AXIS2_PLACEMENT_3D('',#2547,#2548,#2549);
#2551=PLANE('',#2550);
#2552=ORIENTED_EDGE('',*,*,#2460,.T.);
#2553=ORIENTED_EDGE('',*,*,#2447,.F.);
#2555=ORIENTED_EDGE('',*,*,#2554,.F.);
#2556=ORIENTED_EDGE('',*,*,#2534,.T.);
#2557=EDGE_LOOP('',(#2552,#2553,#2555,#2556));
#2558=FACE_OUTER_BOUND('',#2557,.F.);
#2559=ADVANCED_FACE('',(#2558),#2551,.F.);
#2560=CARTESIAN_POINT('',(0.E0,-4.721006619243E0,1.257123802268E-1));
#2561=DIRECTION('',(0.E0,9.994895628512E-1,-3.194704605204E-2));
#2562=DIRECTION('',(1.E0,0.E0,0.E0));
#2563=AXIS2_PLACEMENT_3D('',#2560,#2561,#2562);
#2564=PLANE('',#2563);
#2565=ORIENTED_EDGE('',*,*,#2445,.F.);
#2567=ORIENTED_EDGE('',*,*,#2566,.F.);
#2568=ORIENTED_EDGE('',*,*,#2536,.T.);
#2569=ORIENTED_EDGE('',*,*,#2554,.T.);
#2570=EDGE_LOOP('',(#2565,#2567,#2568,#2569));
#2571=FACE_OUTER_BOUND('',#2570,.F.);
#2572=ADVANCED_FACE('',(#2571),#2564,.F.);
#2573=CARTESIAN_POINT('',(-4.675E0,-4.725E0,7.761848703908E-4));
#2574=DIRECTION('',(0.E0,-3.194704605204E-2,-9.994895628512E-1));
#2575=DIRECTION('',(0.E0,9.994895628512E-1,-3.194704605204E-2));
#2576=AXIS2_PLACEMENT_3D('',#2573,#2574,#2575);
#2577=PLANE('',#2576);
#2579=ORIENTED_EDGE('',*,*,#2578,.F.);
#2580=ORIENTED_EDGE('',*,*,#2538,.F.);
#2581=ORIENTED_EDGE('',*,*,#2566,.T.);
#2582=ORIENTED_EDGE('',*,*,#2443,.T.);
#2583=EDGE_LOOP('',(#2579,#2580,#2581,#2582));
#2584=FACE_OUTER_BOUND('',#2583,.F.);
#2585=ADVANCED_FACE('',(#2584),#2577,.T.);
#2586=CARTESIAN_POINT('',(-1.686366E1,-4.171398614185E0,-1.169698460450E-1));
#2587=DIRECTION('',(1.E0,0.E0,0.E0));
#2588=DIRECTION('',(0.E0,9.992833697894E-1,3.785164279505E-2));
#2589=AXIS2_PLACEMENT_3D('',#2586,#2587,#2588);
#2590=CYLINDRICAL_SURFACE('',#2589,1.E-1);
#2592=ORIENTED_EDGE('',*,*,#2591,.F.);
#2593=ORIENTED_EDGE('',*,*,#2516,.T.);
#2594=ORIENTED_EDGE('',*,*,#2540,.T.);
#2595=ORIENTED_EDGE('',*,*,#2578,.T.);
#2596=ORIENTED_EDGE('',*,*,#2441,.T.);
#2597=ORIENTED_EDGE('',*,*,#2485,.T.);
#2598=EDGE_LOOP('',(#2592,#2593,#2594,#2595,#2596,#2597));
#2599=FACE_OUTER_BOUND('',#2598,.F.);
#2600=ADVANCED_FACE('',(#2599),#2590,.F.);
#2601=CARTESIAN_POINT('',(-4.675E0,-4.075E0,-2.E-2));
#2602=DIRECTION('',(0.E0,-9.992833697894E-1,-3.785164279505E-2));
#2603=DIRECTION('',(0.E0,3.785164279505E-2,-9.992833697894E-1));
#2604=AXIS2_PLACEMENT_3D('',#2601,#2602,#2603);
#2605=PLANE('',#2604);
#2606=ORIENTED_EDGE('',*,*,#2591,.T.);
#2607=ORIENTED_EDGE('',*,*,#2483,.T.);
#2609=ORIENTED_EDGE('',*,*,#2608,.T.);
#2610=ORIENTED_EDGE('',*,*,#2518,.F.);
#2611=EDGE_LOOP('',(#2606,#2607,#2609,#2610));
#2612=FACE_OUTER_BOUND('',#2611,.F.);
#2613=ADVANCED_FACE('',(#2612),#2605,.T.);
#2614=CARTESIAN_POINT('',(1.686366E1,-3.759290410935E0,-1.75E0));
#2615=DIRECTION('',(-1.E0,0.E0,0.E0));
#2616=DIRECTION('',(0.E0,0.E0,-1.E0));
#2617=AXIS2_PLACEMENT_3D('',#2614,#2615,#2616);
#2618=CYLINDRICAL_SURFACE('',#2617,2.5E-1);
#2620=ORIENTED_EDGE('',*,*,#2619,.T.);
#2621=ORIENTED_EDGE('',*,*,#2520,.T.);
#2622=ORIENTED_EDGE('',*,*,#2608,.F.);
#2623=ORIENTED_EDGE('',*,*,#2481,.T.);
#2625=ORIENTED_EDGE('',*,*,#2624,.T.);
#2627=ORIENTED_EDGE('',*,*,#2626,.T.);
#2628=EDGE_LOOP('',(#2620,#2621,#2622,#2623,#2625,#2627));
#2629=FACE_OUTER_BOUND('',#2628,.F.);
#2630=ADVANCED_FACE('',(#2629),#2618,.T.);
#2631=CARTESIAN_POINT('',(-4.675E0,-3.214822602734E0,-1.875E0));
#2632=DIRECTION('',(-1.E0,0.E0,0.E0));
#2633=DIRECTION('',(0.E0,1.E0,0.E0));
#2634=AXIS2_PLACEMENT_3D('',#2631,#2632,#2633);
#2635=PLANE('',#2634);
#2637=ORIENTED_EDGE('',*,*,#2636,.F.);
#2639=ORIENTED_EDGE('',*,*,#2638,.T.);
#2641=ORIENTED_EDGE('',*,*,#2640,.F.);
#2642=ORIENTED_EDGE('',*,*,#2522,.F.);
#2643=ORIENTED_EDGE('',*,*,#2619,.F.);
#2645=ORIENTED_EDGE('',*,*,#2644,.T.);
#2646=EDGE_LOOP('',(#2637,#2639,#2641,#2642,#2643,#2645));
#2647=FACE_OUTER_BOUND('',#2646,.F.);
#2648=ADVANCED_FACE('',(#2647),#2635,.T.);
#2649=CARTESIAN_POINT('',(1.686366E1,-2.675E0,-1.75E0));
#2650=DIRECTION('',(-1.E0,0.E0,0.E0));
#2651=DIRECTION('',(0.E0,1.E0,0.E0));
#2652=AXIS2_PLACEMENT_3D('',#2649,#2650,#2651);
#2653=CYLINDRICAL_SURFACE('',#2652,2.5E-1);
#2655=ORIENTED_EDGE('',*,*,#2654,.T.);
#2656=ORIENTED_EDGE('',*,*,#2636,.T.);
#2658=ORIENTED_EDGE('',*,*,#2657,.F.);
#2660=ORIENTED_EDGE('',*,*,#2659,.T.);
#2662=ORIENTED_EDGE('',*,*,#2661,.T.);
#2664=ORIENTED_EDGE('',*,*,#2663,.T.);
#2665=EDGE_LOOP('',(#2655,#2656,#2658,#2660,#2662,#2664));
#2666=FACE_OUTER_BOUND('',#2665,.F.);
#2667=ADVANCED_FACE('',(#2666),#2653,.T.);
#2668=CARTESIAN_POINT('',(-4.675E0,-2.55E0,-9.875E-1));
#2669=DIRECTION('',(-1.E0,0.E0,0.E0));
#2670=DIRECTION('',(0.E0,0.E0,1.E0));
#2671=AXIS2_PLACEMENT_3D('',#2668,#2669,#2670);
#2672=PLANE('',#2671);
#2674=ORIENTED_EDGE('',*,*,#2673,.F.);
#2676=ORIENTED_EDGE('',*,*,#2675,.F.);
#2678=ORIENTED_EDGE('',*,*,#2677,.F.);
#2680=ORIENTED_EDGE('',*,*,#2679,.T.);
#2682=ORIENTED_EDGE('',*,*,#2681,.F.);
#2684=ORIENTED_EDGE('',*,*,#2683,.T.);
#2685=EDGE_LOOP('',(#2674,#2676,#2678,#2680,#2682,#2684));
#2686=FACE_OUTER_BOUND('',#2685,.F.);
#2687=ADVANCED_FACE('',(#2686),#2672,.T.);
#2688=CARTESIAN_POINT('',(-4.675E0,-2.55E0,-9.875E-1));
#2689=DIRECTION('',(-1.E0,0.E0,0.E0));
#2690=DIRECTION('',(0.E0,0.E0,1.E0));
#2691=AXIS2_PLACEMENT_3D('',#2688,#2689,#2690);
#2692=PLANE('',#2691);
#2693=ORIENTED_EDGE('',*,*,#2654,.F.);
#2695=ORIENTED_EDGE('',*,*,#2694,.T.);
#2697=ORIENTED_EDGE('',*,*,#2696,.T.);
#2699=ORIENTED_EDGE('',*,*,#2698,.F.);
#2700=ORIENTED_EDGE('',*,*,#2638,.F.);
#2701=EDGE_LOOP('',(#2693,#2695,#2697,#2699,#2700));
#2702=FACE_OUTER_BOUND('',#2701,.F.);
#2703=ADVANCED_FACE('',(#2702),#2692,.T.);
#2704=CARTESIAN_POINT('',(-4.445E0,-2.635E0,-1.4E-1));
#2705=DIRECTION('',(0.E0,-7.071067811865E-1,7.071067811865E-1));
#2706=DIRECTION('',(0.E0,-7.071067811865E-1,-7.071067811865E-1));
#2707=AXIS2_PLACEMENT_3D('',#2704,#2705,#2706);
#2708=PLANE('',#2707);
#2710=ORIENTED_EDGE('',*,*,#2709,.T.);
#2712=ORIENTED_EDGE('',*,*,#2711,.F.);
#2713=ORIENTED_EDGE('',*,*,#2673,.T.);
#2715=ORIENTED_EDGE('',*,*,#2714,.T.);
#2716=EDGE_LOOP('',(#2710,#2712,#2713,#2715));
#2717=FACE_OUTER_BOUND('',#2716,.F.);
#2718=ADVANCED_FACE('',(#2717),#2708,.T.);
#2719=CARTESIAN_POINT('',(-4.215E0,-2.55E0,-9.875E-1));
#2720=DIRECTION('',(-1.E0,0.E0,0.E0));
#2721=DIRECTION('',(0.E0,0.E0,1.E0));
#2722=AXIS2_PLACEMENT_3D('',#2719,#2720,#2721);
#2723=PLANE('',#2722);
#2724=ORIENTED_EDGE('',*,*,#2709,.F.);
#2726=ORIENTED_EDGE('',*,*,#2725,.F.);
#2728=ORIENTED_EDGE('',*,*,#2727,.F.);
#2730=ORIENTED_EDGE('',*,*,#2729,.F.);
#2732=ORIENTED_EDGE('',*,*,#2731,.T.);
#2734=ORIENTED_EDGE('',*,*,#2733,.T.);
#2735=EDGE_LOOP('',(#2724,#2726,#2728,#2730,#2732,#2734));
#2736=FACE_OUTER_BOUND('',#2735,.F.);
#2737=ADVANCED_FACE('',(#2736),#2723,.F.);
#2738=CARTESIAN_POINT('',(-4.215E0,-2.55E0,-9.875E-1));
#2739=DIRECTION('',(-1.E0,0.E0,0.E0));
#2740=DIRECTION('',(0.E0,0.E0,1.E0));
#2741=AXIS2_PLACEMENT_3D('',#2738,#2739,#2740);
#2742=PLANE('',#2741);
#2743=ORIENTED_EDGE('',*,*,#2661,.F.);
#2745=ORIENTED_EDGE('',*,*,#2744,.T.);
#2747=ORIENTED_EDGE('',*,*,#2746,.T.);
#2749=ORIENTED_EDGE('',*,*,#2748,.F.);
#2751=ORIENTED_EDGE('',*,*,#2750,.F.);
#2752=EDGE_LOOP('',(#2743,#2745,#2747,#2749,#2751));
#2753=FACE_OUTER_BOUND('',#2752,.F.);
#2754=ADVANCED_FACE('',(#2753),#2742,.F.);
#2755=CARTESIAN_POINT('',(0.E0,-2.55E0,-1.E-1));
#2756=DIRECTION('',(0.E0,0.E0,1.E0));
#2757=DIRECTION('',(1.E0,0.E0,0.E0));
#2758=AXIS2_PLACEMENT_3D('',#2755,#2756,#2757);
#2759=PLANE('',#2758);
#2760=ORIENTED_EDGE('',*,*,#2714,.F.);
#2761=ORIENTED_EDGE('',*,*,#2683,.F.);
#2763=ORIENTED_EDGE('',*,*,#2762,.F.);
#2764=ORIENTED_EDGE('',*,*,#2725,.T.);
#2765=EDGE_LOOP('',(#2760,#2761,#2763,#2764));
#2766=FACE_OUTER_BOUND('',#2765,.F.);
#2767=ADVANCED_FACE('',(#2766),#2759,.T.);
#2768=CARTESIAN_POINT('',(-4.445E0,-2.465E0,-1.4E-1));
#2769=DIRECTION('',(0.E0,7.071067811865E-1,7.071067811865E-1));
#2770=DIRECTION('',(0.E0,7.071067811865E-1,-7.071067811865E-1));
#2771=AXIS2_PLACEMENT_3D('',#2768,#2769,#2770);
#2772=PLANE('',#2771);
#2773=ORIENTED_EDGE('',*,*,#2681,.T.);
#2775=ORIENTED_EDGE('',*,*,#2774,.F.);
#2776=ORIENTED_EDGE('',*,*,#2727,.T.);
#2777=ORIENTED_EDGE('',*,*,#2762,.T.);
#2778=EDGE_LOOP('',(#2773,#2775,#2776,#2777));
#2779=FACE_OUTER_BOUND('',#2778,.F.);
#2780=ADVANCED_FACE('',(#2779),#2772,.T.);
#2781=CARTESIAN_POINT('',(-4.675E0,-2.425E0,-2.E0));
#2782=DIRECTION('',(0.E0,1.E0,0.E0));
#2783=DIRECTION('',(0.E0,0.E0,1.E0));
#2784=AXIS2_PLACEMENT_3D('',#2781,#2782,#2783);
#2785=PLANE('',#2784);
#2786=ORIENTED_EDGE('',*,*,#2663,.F.);
#2787=ORIENTED_EDGE('',*,*,#2750,.T.);
#2789=ORIENTED_EDGE('',*,*,#2788,.T.);
#2790=ORIENTED_EDGE('',*,*,#2729,.T.);
#2791=ORIENTED_EDGE('',*,*,#2774,.T.);
#2792=ORIENTED_EDGE('',*,*,#2679,.F.);
#2794=ORIENTED_EDGE('',*,*,#2793,.T.);
#2795=ORIENTED_EDGE('',*,*,#2694,.F.);
#2796=EDGE_LOOP('',(#2786,#2787,#2789,#2790,#2791,#2792,#2794,#2795));
#2797=FACE_OUTER_BOUND('',#2796,.F.);
#2798=ADVANCED_FACE('',(#2797),#2785,.T.);
#2799=CARTESIAN_POINT('',(-4.065E0,-2.55E0,-6.E-1));
#2800=DIRECTION('',(0.E0,1.E0,0.E0));
#2801=DIRECTION('',(-6.E-1,0.E0,-8.E-1));
#2802=AXIS2_PLACEMENT_3D('',#2799,#2800,#2801);
#2803=CYLINDRICAL_SURFACE('',#2802,2.5E-1);
#2804=ORIENTED_EDGE('',*,*,#2788,.F.);
#2805=ORIENTED_EDGE('',*,*,#2748,.T.);
#2807=ORIENTED_EDGE('',*,*,#2806,.T.);
#2808=ORIENTED_EDGE('',*,*,#2731,.F.);
#2809=EDGE_LOOP('',(#2804,#2805,#2807,#2808));
#2810=FACE_OUTER_BOUND('',#2809,.F.);
#2811=ADVANCED_FACE('',(#2810),#2803,.F.);
#2812=CARTESIAN_POINT('',(-4.675E0,-2.675E0,-2.E0));
#2813=DIRECTION('',(0.E0,1.E0,0.E0));
#2814=DIRECTION('',(0.E0,0.E0,1.E0));
#2815=AXIS2_PLACEMENT_3D('',#2812,#2813,#2814);
#2816=PLANE('',#2815);
#2817=ORIENTED_EDGE('',*,*,#2711,.T.);
#2818=ORIENTED_EDGE('',*,*,#2733,.F.);
#2819=ORIENTED_EDGE('',*,*,#2806,.F.);
#2820=ORIENTED_EDGE('',*,*,#2746,.F.);
#2822=ORIENTED_EDGE('',*,*,#2821,.F.);
#2823=ORIENTED_EDGE('',*,*,#2698,.T.);
#2825=ORIENTED_EDGE('',*,*,#2824,.F.);
#2826=ORIENTED_EDGE('',*,*,#2675,.T.);
#2827=EDGE_LOOP('',(#2817,#2818,#2819,#2820,#2822,#2823,#2825,#2826));
#2828=FACE_OUTER_BOUND('',#2827,.F.);
#2829=ADVANCED_FACE('',(#2828),#2816,.F.);
#2830=CARTESIAN_POINT('',(-4.675E0,-4.E0,-1.75E0));
#2831=DIRECTION('',(0.E0,0.E0,-1.E0));
#2832=DIRECTION('',(0.E0,1.E0,0.E0));
#2833=AXIS2_PLACEMENT_3D('',#2830,#2831,#2832);
#2834=PLANE('',#2833);
#2836=ORIENTED_EDGE('',*,*,#2835,.F.);
#2837=ORIENTED_EDGE('',*,*,#2500,.F.);
#2838=ORIENTED_EDGE('',*,*,#2640,.T.);
#2839=ORIENTED_EDGE('',*,*,#2821,.T.);
#2840=EDGE_LOOP('',(#2836,#2837,#2838,#2839));
#2841=FACE_OUTER_BOUND('',#2840,.F.);
#2842=ADVANCED_FACE('',(#2841),#2834,.F.);
#2843=CARTESIAN_POINT('',(-4.215E0,-3.214822602734E0,-1.875E0));
#2844=DIRECTION('',(-1.E0,0.E0,0.E0));
#2845=DIRECTION('',(0.E0,1.E0,0.E0));
#2846=AXIS2_PLACEMENT_3D('',#2843,#2844,#2845);
#2847=PLANE('',#2846);
#2848=ORIENTED_EDGE('',*,*,#2659,.F.);
#2850=ORIENTED_EDGE('',*,*,#2849,.F.);
#2851=ORIENTED_EDGE('',*,*,#2624,.F.);
#2852=ORIENTED_EDGE('',*,*,#2479,.T.);
#2853=ORIENTED_EDGE('',*,*,#2835,.T.);
#2854=ORIENTED_EDGE('',*,*,#2744,.F.);
#2855=EDGE_LOOP('',(#2848,#2850,#2851,#2852,#2853,#2854));
#2856=FACE_OUTER_BOUND('',#2855,.F.);
#2857=ADVANCED_FACE('',(#2856),#2847,.F.);
#2858=CARTESIAN_POINT('',(-4.675E0,-4.E0,-2.E0));
#2859=DIRECTION('',(0.E0,0.E0,-1.E0));
#2860=DIRECTION('',(0.E0,1.E0,0.E0));
#2861=AXIS2_PLACEMENT_3D('',#2858,#2859,#2860);
#2862=PLANE('',#2861);
#2863=ORIENTED_EDGE('',*,*,#2657,.T.);
#2864=ORIENTED_EDGE('',*,*,#2644,.F.);
#2865=ORIENTED_EDGE('',*,*,#2626,.F.);
#2866=ORIENTED_EDGE('',*,*,#2849,.T.);
#2867=EDGE_LOOP('',(#2863,#2864,#2865,#2866));
#2868=FACE_OUTER_BOUND('',#2867,.F.);
#2869=ADVANCED_FACE('',(#2868),#2862,.T.);
#2870=CARTESIAN_POINT('',(-4.825E0,-2.55E0,-6.E-1));
#2871=DIRECTION('',(0.E0,1.E0,0.E0));
#2872=DIRECTION('',(6.E-1,0.E0,8.E-1));
#2873=AXIS2_PLACEMENT_3D('',#2870,#2871,#2872);
#2874=CYLINDRICAL_SURFACE('',#2873,2.5E-1);
#2875=ORIENTED_EDGE('',*,*,#2793,.F.);
#2876=ORIENTED_EDGE('',*,*,#2677,.T.);
#2877=ORIENTED_EDGE('',*,*,#2824,.T.);
#2878=ORIENTED_EDGE('',*,*,#2696,.F.);
#2879=EDGE_LOOP('',(#2875,#2876,#2877,#2878));
#2880=FACE_OUTER_BOUND('',#2879,.F.);
#2881=ADVANCED_FACE('',(#2880),#2874,.F.);
#2882=CLOSED_SHELL('',(#2451,#2470,#2491,#2505,#2527,#2546,#2559,#2572,#2585,
#2600,#2613,#2630,#2648,#2667,#2687,#2703,#2718,#2737,#2754,#2767,#2780,#2798,
#2811,#2829,#2842,#2857,#2869,#2881));
#2883=MANIFOLD_SOLID_BREP('',#2882);
#2885=DIRECTION('',(0.E0,3.194704605204E-2,9.994895628512E-1));
#2886=VECTOR('',#2885,2.5E-1);
#2887=CARTESIAN_POINT('',(4.215E0,-4.725E0,7.761848703907E-4));
#2888=LINE('',#2887,#2886);
#2889=CARTESIAN_POINT('',(4.215E0,-4.171398614185E0,-1.169698460450E-1));
#2890=DIRECTION('',(-1.E0,0.E0,0.E0));
#2891=DIRECTION('',(0.E0,3.194704605204E-2,9.994895628512E-1));
#2892=AXIS2_PLACEMENT_3D('',#2889,#2890,#2891);
#2894=DIRECTION('',(2.417947237170E-14,7.050148331501E-1,7.091925585047E-1));
#2895=VECTOR('',#2894,3.673274610986E-2);
#2896=CARTESIAN_POINT('',(4.215E0,-4.100897130870E0,-4.605059019455E-2));
#2897=LINE('',#2896,#2895);
#2898=DIRECTION('',(0.E0,7.050148331501E-1,7.091925585046E-1));
#2899=VECTOR('',#2898,2.132672538901E-1);
#2900=CARTESIAN_POINT('',(4.215E0,-4.075E0,-2.E-2));
#2901=LINE('',#2900,#2899);
#2902=CARTESIAN_POINT('',(4.675E0,-4.171398614185E0,-1.169698460450E-1));
#2903=DIRECTION('',(1.E0,0.E0,0.E0));
#2904=DIRECTION('',(0.E0,9.992833697894E-1,3.785164279505E-2));
#2905=AXIS2_PLACEMENT_3D('',#2902,#2903,#2904);
#2907=DIRECTION('',(0.E0,3.785164279505E-2,-9.992833697894E-1));
#2908=VECTOR('',#2907,1.647458847714E0);
#2909=CARTESIAN_POINT('',(4.675E0,-3.821649434758E0,-1.037217710667E-1));
#2910=LINE('',#2909,#2908);
#2911=CARTESIAN_POINT('',(4.675E0,-3.759290410935E0,-1.75E0));
#2912=DIRECTION('',(1.E0,0.E0,0.E0));
#2913=DIRECTION('',(0.E0,-9.992833697894E-1,-3.785164279505E-2));
#2914=AXIS2_PLACEMENT_3D('',#2911,#2912,#2913);
#2916=DIRECTION('',(0.E0,3.785164279505E-2,-9.992833697894E-1));
#2917=VECTOR('',#2916,1.647458847714E0);
#2918=CARTESIAN_POINT('',(4.675E0,-4.071470277206E0,-1.131846817655E-1));
#2919=LINE('',#2918,#2917);
#2920=DIRECTION('',(0.E0,7.050148331501E-1,7.091925585046E-1));
#2921=VECTOR('',#2920,3.673274610986E-2);
#2922=CARTESIAN_POINT('',(4.675E0,-4.100897130870E0,-4.605059019455E-2));
#2923=LINE('',#2922,#2921);
#2924=DIRECTION('',(0.E0,7.050148331501E-1,7.091925585046E-1));
#2925=VECTOR('',#2924,2.132672538901E-1);
#2926=CARTESIAN_POINT('',(4.675E0,-4.075E0,-2.E-2));
#2927=LINE('',#2926,#2925);
#2928=DIRECTION('',(1.E0,0.E0,0.E0));
#2929=VECTOR('',#2928,4.6E-1);
#2930=CARTESIAN_POINT('',(4.215E0,-3.821649434758E0,-1.037217710667E-1));
#2931=LINE('',#2930,#2929);
#2932=DIRECTION('',(0.E0,3.785164279505E-2,-9.992833697894E-1));
#2933=VECTOR('',#2932,1.647458847714E0);
#2934=CARTESIAN_POINT('',(4.215E0,-3.821649434758E0,-1.037217710667E-1));
#2935=LINE('',#2934,#2933);
#2936=CARTESIAN_POINT('',(4.215E0,-4.171398614185E0,-1.169698460450E-1));
#2937=DIRECTION('',(-1.E0,0.E0,0.E0));
#2938=DIRECTION('',(0.E0,7.050148331501E-1,7.091925585046E-1));
#2939=AXIS2_PLACEMENT_3D('',#2936,#2937,#2938);
#2941=CARTESIAN_POINT('',(4.215E0,-3.759290410935E0,-1.75E0));
#2942=DIRECTION('',(-1.E0,0.E0,0.E0));
#2943=DIRECTION('',(0.E0,-6.935951114321E-1,-7.203650611999E-1));
#2944=AXIS2_PLACEMENT_3D('',#2941,#2942,#2943);
#2946=DIRECTION('',(0.E0,6.935951114321E-1,7.203650611999E-1));
#2947=VECTOR('',#2946,2.5E-1);
#2948=CARTESIAN_POINT('',(4.215E0,-3.932689188793E0,-1.930091265300E0));
#2949=LINE('',#2948,#2947);
#2950=CARTESIAN_POINT('',(4.215E0,-4.171398614185E0,-1.169698460450E-1));
#2951=DIRECTION('',(1.E0,0.E0,0.E0));
#2952=DIRECTION('',(0.E0,9.992833697894E-1,3.785164279506E-2));
#2953=AXIS2_PLACEMENT_3D('',#2950,#2951,#2952);
#2955=CARTESIAN_POINT('',(4.215E0,-4.171398614185E0,-1.169698460450E-1));
#2956=DIRECTION('',(1.E0,0.E0,0.E0));
#2957=DIRECTION('',(0.E0,7.050148331501E-1,7.091925585046E-1));
#2958=AXIS2_PLACEMENT_3D('',#2955,#2956,#2957);
#2960=CARTESIAN_POINT('',(4.675E0,-4.171398614185E0,-1.169698460450E-1));
#2961=DIRECTION('',(-1.E0,0.E0,0.E0));
#2962=DIRECTION('',(0.E0,3.194704605204E-2,9.994895628512E-1));
#2963=AXIS2_PLACEMENT_3D('',#2960,#2961,#2962);
#2965=CARTESIAN_POINT('',(4.675E0,-4.171398614185E0,-1.169698460450E-1));
#2966=DIRECTION('',(-1.E0,0.E0,0.E0));
#2967=DIRECTION('',(0.E0,7.050148331501E-1,7.091925585046E-1));
#2968=AXIS2_PLACEMENT_3D('',#2965,#2966,#2967);
#2970=DIRECTION('',(1.E0,0.E0,0.E0));
#2971=VECTOR('',#2970,4.6E-1);
#2972=CARTESIAN_POINT('',(4.215E0,-4.071470277206E0,-1.131846817655E-1));
#2973=LINE('',#2972,#2971);
#2974=DIRECTION('',(-1.E0,0.E0,0.E0));
#2975=VECTOR('',#2974,4.6E-1);
#2976=CARTESIAN_POINT('',(4.675E0,-4.009111253383E0,-1.759462910699E0));
#2977=LINE('',#2976,#2975);
#2978=DIRECTION('',(0.E0,3.785164279505E-2,-9.992833697894E-1));
#2979=VECTOR('',#2978,1.647458847714E0);
#2980=CARTESIAN_POINT('',(4.215E0,-4.071470277206E0,-1.131846817655E-1));
#2981=LINE('',#2980,#2979);
#2982=CARTESIAN_POINT('',(4.215E0,-3.759290410935E0,-1.75E0));
#2983=DIRECTION('',(-1.E0,0.E0,0.E0));
#2984=DIRECTION('',(0.E0,0.E0,-1.E0));
#2985=AXIS2_PLACEMENT_3D('',#2982,#2983,#2984);
#2987=CARTESIAN_POINT('',(4.215E0,-2.675E0,-1.75E0));
#2988=DIRECTION('',(-1.E0,0.E0,0.E0));
#2989=DIRECTION('',(0.E0,7.071067811865E-1,-7.071067811865E-1));
#2990=AXIS2_PLACEMENT_3D('',#2987,#2988,#2989);
#2992=DIRECTION('',(0.E0,-7.071067811865E-1,7.071067811865E-1));
#2993=VECTOR('',#2992,2.5E-1);
#2994=CARTESIAN_POINT('',(4.215E0,-2.498223304703E0,-1.926776695297E0));
#2995=LINE('',#2994,#2993);
#2996=DIRECTION('',(-1.E0,0.E0,0.E0));
#2997=VECTOR('',#2996,4.6E-1);
#2998=CARTESIAN_POINT('',(4.675E0,-3.759290410935E0,-2.E0));
#2999=LINE('',#2998,#2997);
#3000=DIRECTION('',(-1.E0,0.E0,0.E0));
#3001=VECTOR('',#3000,4.6E-1);
#3002=CARTESIAN_POINT('',(4.675E0,-2.675E0,-2.E0));
#3003=LINE('',#3002,#3001);
#3004=DIRECTION('',(0.E0,1.E0,0.E0));
#3005=VECTOR('',#3004,1.084290410935E0);
#3006=CARTESIAN_POINT('',(4.215E0,-3.759290410935E0,-2.E0));
#3007=LINE('',#3006,#3005);
#3008=CARTESIAN_POINT('',(4.675E0,-3.759290410935E0,-1.75E0));
#3009=DIRECTION('',(1.E0,0.E0,0.E0));
#3010=DIRECTION('',(0.E0,-6.935951114321E-1,-7.203650611999E-1));
#3011=AXIS2_PLACEMENT_3D('',#3008,#3009,#3010);
#3013=DIRECTION('',(0.E0,6.935951114321E-1,7.203650611999E-1));
#3014=VECTOR('',#3013,2.5E-1);
#3015=CARTESIAN_POINT('',(4.675E0,-3.932689188793E0,-1.930091265300E0));
#3016=LINE('',#3015,#3014);
#3017=DIRECTION('',(0.E0,1.E0,0.E0));
#3018=VECTOR('',#3017,1.084290410935E0);
#3019=CARTESIAN_POINT('',(4.675E0,-3.759290410935E0,-1.75E0));
#3020=LINE('',#3019,#3018);
#3021=CARTESIAN_POINT('',(4.675E0,-2.675E0,-1.75E0));
#3022=DIRECTION('',(1.E0,0.E0,0.E0));
#3023=DIRECTION('',(0.E0,0.E0,-1.E0));
#3024=AXIS2_PLACEMENT_3D('',#3021,#3022,#3023);
#3026=DIRECTION('',(0.E0,1.E0,0.E0));
#3027=VECTOR('',#3026,1.084290410935E0);
#3028=CARTESIAN_POINT('',(4.675E0,-3.759290410935E0,-2.E0));
#3029=LINE('',#3028,#3027);
#3030=DIRECTION('',(0.E0,1.E0,0.E0));
#3031=VECTOR('',#3030,1.084290410935E0);
#3032=CARTESIAN_POINT('',(4.215E0,-3.759290410935E0,-1.75E0));
#3033=LINE('',#3032,#3031);
#3034=DIRECTION('',(1.E0,0.E0,0.E0));
#3035=VECTOR('',#3034,4.6E-1);
#3036=CARTESIAN_POINT('',(4.215E0,-3.759290410935E0,-1.75E0));
#3037=LINE('',#3036,#3035);
#3038=DIRECTION('',(1.E0,0.E0,0.E0));
#3039=VECTOR('',#3038,4.6E-1);
#3040=CARTESIAN_POINT('',(4.215E0,-2.675E0,-1.8E-1));
#3041=LINE('',#3040,#3039);
#3042=CARTESIAN_POINT('',(4.825E0,-2.675E0,-6.E-1));
#3043=DIRECTION('',(0.E0,1.E0,0.E0));
#3044=DIRECTION('',(-6.E-1,0.E0,-8.E-1));
#3045=AXIS2_PLACEMENT_3D('',#3042,#3043,#3044);
#3047=DIRECTION('',(1.E0,0.E0,0.E0));
#3048=VECTOR('',#3047,4.6E-1);
#3049=CARTESIAN_POINT('',(4.215E0,-2.675E0,-1.75E0));
#3050=LINE('',#3049,#3048);
#3051=DIRECTION('',(0.E0,0.E0,1.E0));
#3052=VECTOR('',#3051,9.5E-1);
#3053=CARTESIAN_POINT('',(4.215E0,-2.675E0,-1.75E0));
#3054=LINE('',#3053,#3052);
#3055=CARTESIAN_POINT('',(4.065E0,-2.675E0,-6.E-1));
#3056=DIRECTION('',(0.E0,1.E0,0.E0));
#3057=DIRECTION('',(6.E-1,0.E0,8.E-1));
#3058=AXIS2_PLACEMENT_3D('',#3055,#3056,#3057);
#3060=DIRECTION('',(0.E0,0.E0,1.E0));
#3061=VECTOR('',#3060,2.2E-1);
#3062=CARTESIAN_POINT('',(4.215E0,-2.675E0,-4.E-1));
#3063=LINE('',#3062,#3061);
#3064=DIRECTION('',(0.E0,-7.071067811865E-1,-7.071067811865E-1));
#3065=VECTOR('',#3064,1.131370849898E-1);
#3066=CARTESIAN_POINT('',(4.675E0,-2.595E0,-1.E-1));
#3067=LINE('',#3066,#3065);
#3068=DIRECTION('',(0.E0,-7.071067811865E-1,7.071067811865E-1));
#3069=VECTOR('',#3068,1.060660171780E-1);
#3070=CARTESIAN_POINT('',(4.675E0,-2.425E0,-1.75E-1));
#3071=LINE('',#3070,#3069);
#3072=DIRECTION('',(0.E0,0.E0,1.E0));
#3073=VECTOR('',#3072,2.25E-1);
#3074=CARTESIAN_POINT('',(4.675E0,-2.425E0,-4.E-1));
#3075=LINE('',#3074,#3073);
#3076=DIRECTION('',(0.E0,-1.E0,0.E0));
#3077=VECTOR('',#3076,2.5E-1);
#3078=CARTESIAN_POINT('',(4.675E0,-2.425E0,-4.E-1));
#3079=LINE('',#3078,#3077);
#3080=DIRECTION('',(0.E0,0.E0,1.E0));
#3081=VECTOR('',#3080,2.2E-1);
#3082=CARTESIAN_POINT('',(4.675E0,-2.675E0,-4.E-1));
#3083=LINE('',#3082,#3081);
#3084=CARTESIAN_POINT('',(4.675E0,-2.675E0,-1.75E0));
#3085=DIRECTION('',(1.E0,0.E0,0.E0));
#3086=DIRECTION('',(0.E0,7.071067811865E-1,-7.071067811865E-1));
#3087=AXIS2_PLACEMENT_3D('',#3084,#3085,#3086);
#3089=DIRECTION('',(0.E0,-7.071067811865E-1,7.071067811865E-1));
#3090=VECTOR('',#3089,2.5E-1);
#3091=CARTESIAN_POINT('',(4.675E0,-2.498223304703E0,-1.926776695297E0));
#3092=LINE('',#3091,#3090);
#3093=DIRECTION('',(0.E0,0.E0,1.E0));
#3094=VECTOR('',#3093,9.5E-1);
#3095=CARTESIAN_POINT('',(4.675E0,-2.675E0,-1.75E0));
#3096=LINE('',#3095,#3094);
#3097=DIRECTION('',(0.E0,0.E0,1.E0));
#3098=VECTOR('',#3097,9.5E-1);
#3099=CARTESIAN_POINT('',(4.675E0,-2.425E0,-1.75E0));
#3100=LINE('',#3099,#3098);
#3101=DIRECTION('',(1.E0,0.E0,0.E0));
#3102=VECTOR('',#3101,4.6E-1);
#3103=CARTESIAN_POINT('',(4.215E0,-2.595E0,-1.E-1));
#3104=LINE('',#3103,#3102);
#3105=DIRECTION('',(-1.E0,0.E0,0.E0));
#3106=VECTOR('',#3105,4.6E-1);
#3107=CARTESIAN_POINT('',(4.675E0,-2.5E0,-1.E-1));
#3108=LINE('',#3107,#3106);
#3109=DIRECTION('',(0.E0,-1.E0,0.E0));
#3110=VECTOR('',#3109,9.5E-2);
#3111=CARTESIAN_POINT('',(4.675E0,-2.5E0,-1.E-1));
#3112=LINE('',#3111,#3110);
#3113=DIRECTION('',(0.E0,7.071067811865E-1,7.071067811865E-1));
#3114=VECTOR('',#3113,1.131370849898E-1);
#3115=CARTESIAN_POINT('',(4.215E0,-2.675E0,-1.8E-1));
#3116=LINE('',#3115,#3114);
#3117=DIRECTION('',(0.E0,7.071067811865E-1,-7.071067811865E-1));
#3118=VECTOR('',#3117,1.060660171780E-1);
#3119=CARTESIAN_POINT('',(4.215E0,-2.5E0,-1.E-1));
#3120=LINE('',#3119,#3118);
#3121=DIRECTION('',(0.E0,-1.E0,0.E0));
#3122=VECTOR('',#3121,9.5E-2);
#3123=CARTESIAN_POINT('',(4.215E0,-2.5E0,-1.E-1));
#3124=LINE('',#3123,#3122);
#3125=CARTESIAN_POINT('',(4.215E0,-2.675E0,-1.75E0));
#3126=DIRECTION('',(-1.E0,0.E0,0.E0));
#3127=DIRECTION('',(0.E0,1.E0,0.E0));
#3128=AXIS2_PLACEMENT_3D('',#3125,#3126,#3127);
#3130=DIRECTION('',(0.E0,-1.E0,0.E0));
#3131=VECTOR('',#3130,2.5E-1);
#3132=CARTESIAN_POINT('',(4.215E0,-2.425E0,-8.E-1));
#3133=LINE('',#3132,#3131);
#3134=DIRECTION('',(0.E0,-1.E0,0.E0));
#3135=VECTOR('',#3134,2.5E-1);
#3136=CARTESIAN_POINT('',(4.215E0,-2.425E0,-4.E-1));
#3137=LINE('',#3136,#3135);
#3138=DIRECTION('',(-1.E0,0.E0,0.E0));
#3139=VECTOR('',#3138,4.6E-1);
#3140=CARTESIAN_POINT('',(4.675E0,-2.425E0,-1.75E0));
#3141=LINE('',#3140,#3139);
#3142=CARTESIAN_POINT('',(4.825E0,-2.425E0,-6.E-1));
#3143=DIRECTION('',(0.E0,1.E0,0.E0));
#3144=DIRECTION('',(-6.E-1,0.E0,-8.E-1));
#3145=AXIS2_PLACEMENT_3D('',#3142,#3143,#3144);
#3147=DIRECTION('',(-1.E0,0.E0,0.E0));
#3148=VECTOR('',#3147,4.6E-1);
#3149=CARTESIAN_POINT('',(4.675E0,-2.425E0,-1.75E-1));
#3150=LINE('',#3149,#3148);
#3151=DIRECTION('',(0.E0,0.E0,1.E0));
#3152=VECTOR('',#3151,2.25E-1);
#3153=CARTESIAN_POINT('',(4.215E0,-2.425E0,-4.E-1));
#3154=LINE('',#3153,#3152);
#3155=CARTESIAN_POINT('',(4.065E0,-2.425E0,-6.E-1));
#3156=DIRECTION('',(0.E0,1.E0,0.E0));
#3157=DIRECTION('',(6.E-1,0.E0,8.E-1));
#3158=AXIS2_PLACEMENT_3D('',#3155,#3156,#3157);
#3160=DIRECTION('',(0.E0,0.E0,1.E0));
#3161=VECTOR('',#3160,9.5E-1);
#3162=CARTESIAN_POINT('',(4.215E0,-2.425E0,-1.75E0));
#3163=LINE('',#3162,#3161);
#3164=DIRECTION('',(0.E0,-1.E0,0.E0));
#3165=VECTOR('',#3164,2.5E-1);
#3166=CARTESIAN_POINT('',(4.675E0,-2.425E0,-8.E-1));
#3167=LINE('',#3166,#3165);
#3168=DIRECTION('',(1.E0,0.E0,0.E0));
#3169=VECTOR('',#3168,4.6E-1);
#3170=CARTESIAN_POINT('',(4.215E0,-4.168203909580E0,-1.702088975989E-2));
#3171=LINE('',#3170,#3169);
#3172=DIRECTION('',(0.E0,9.994895628512E-1,-3.194704605204E-2));
#3173=VECTOR('',#3172,5.570804449744E-1);
#3174=CARTESIAN_POINT('',(4.215E0,-4.725E0,7.761848703907E-4));
#3175=LINE('',#3174,#3173);
#3176=DIRECTION('',(1.E0,0.E0,0.E0));
#3177=VECTOR('',#3176,4.6E-1);
#3178=CARTESIAN_POINT('',(4.215E0,-4.725E0,7.761848703907E-4));
#3179=LINE('',#3178,#3177);
#3180=CARTESIAN_POINT('',(4.675E0,-4.171398614185E0,-1.169698460450E-1));
#3181=DIRECTION('',(1.E0,0.E0,0.E0));
#3182=DIRECTION('',(0.E0,7.050148331501E-1,7.091925585046E-1));
#3183=AXIS2_PLACEMENT_3D('',#3180,#3181,#3182);
#3185=DIRECTION('',(0.E0,9.994895628512E-1,-3.194704605204E-2));
#3186=VECTOR('',#3185,5.570804449744E-1);
#3187=CARTESIAN_POINT('',(4.675E0,-4.725E0,7.761848703908E-4));
#3188=LINE('',#3187,#3186);
#3189=DIRECTION('',(0.E0,3.194704605204E-2,9.994895628512E-1));
#3190=VECTOR('',#3189,2.5E-1);
#3191=CARTESIAN_POINT('',(4.675E0,-4.725E0,7.761848703908E-4));
#3192=LINE('',#3191,#3190);
#3193=DIRECTION('',(0.E0,9.994895628512E-1,-3.194704605204E-2));
#3194=VECTOR('',#3193,5.570804449744E-1);
#3195=CARTESIAN_POINT('',(4.675E0,-4.717013238487E0,2.506485755832E-1));
#3196=LINE('',#3195,#3194);
#3197=DIRECTION('',(1.E0,0.E0,0.E0));
#3198=VECTOR('',#3197,4.6E-1);
#3199=CARTESIAN_POINT('',(4.215E0,-4.160217148067E0,2.328515009529E-1));
#3200=LINE('',#3199,#3198);
#3201=DIRECTION('',(1.E0,0.E0,0.E0));
#3202=VECTOR('',#3201,4.6E-1);
#3203=CARTESIAN_POINT('',(4.215E0,-4.717013238487E0,2.506485755832E-1));
#3204=LINE('',#3203,#3202);
#3205=DIRECTION('',(0.E0,9.994895628512E-1,-3.194704605204E-2));
#3206=VECTOR('',#3205,5.570804449744E-1);
#3207=CARTESIAN_POINT('',(4.215E0,-4.717013238487E0,2.506485755832E-1));
#3208=LINE('',#3207,#3206);
#3209=CARTESIAN_POINT('',(4.675E0,-3.759290410935E0,-1.75E0));
#3210=CARTESIAN_POINT('',(4.675E0,-2.675E0,-1.75E0));
#3211=VERTEX_POINT('',#3209);
#3212=VERTEX_POINT('',#3210);
#3213=CARTESIAN_POINT('',(4.215E0,-3.759290410935E0,-1.75E0));
#3214=CARTESIAN_POINT('',(4.215E0,-2.675E0,-1.75E0));
#3215=VERTEX_POINT('',#3213);
#3216=VERTEX_POINT('',#3214);
#3217=CARTESIAN_POINT('',(4.675E0,-2.425E0,-8.E-1));
#3218=CARTESIAN_POINT('',(4.675E0,-2.425E0,-4.E-1));
#3219=VERTEX_POINT('',#3217);
#3220=VERTEX_POINT('',#3218);
#3221=CARTESIAN_POINT('',(4.215E0,-2.425E0,-4.E-1));
#3222=CARTESIAN_POINT('',(4.215E0,-2.425E0,-8.E-1));
#3223=VERTEX_POINT('',#3221);
#3224=VERTEX_POINT('',#3222);
#3225=CARTESIAN_POINT('',(4.675E0,-2.675E0,-8.E-1));
#3226=CARTESIAN_POINT('',(4.675E0,-2.675E0,-4.E-1));
#3227=VERTEX_POINT('',#3225);
#3228=VERTEX_POINT('',#3226);
#3229=CARTESIAN_POINT('',(4.215E0,-2.675E0,-4.E-1));
#3230=CARTESIAN_POINT('',(4.215E0,-2.675E0,-8.E-1));
#3231=VERTEX_POINT('',#3229);
#3232=VERTEX_POINT('',#3230);
#3233=CARTESIAN_POINT('',(4.675E0,-2.595E0,-1.E-1));
#3234=CARTESIAN_POINT('',(4.675E0,-2.675E0,-1.8E-1));
#3235=VERTEX_POINT('',#3233);
#3236=VERTEX_POINT('',#3234);
#3237=CARTESIAN_POINT('',(4.215E0,-2.675E0,-1.8E-1));
#3238=VERTEX_POINT('',#3237);
#3239=CARTESIAN_POINT('',(4.215E0,-2.595E0,-1.E-1));
#3240=VERTEX_POINT('',#3239);
#3241=CARTESIAN_POINT('',(4.215E0,-2.5E0,-1.E-1));
#3242=CARTESIAN_POINT('',(4.215E0,-2.425E0,-1.75E-1));
#3243=VERTEX_POINT('',#3241);
#3244=VERTEX_POINT('',#3242);
#3245=CARTESIAN_POINT('',(4.675E0,-2.425E0,-1.75E-1));
#3246=VERTEX_POINT('',#3245);
#3247=CARTESIAN_POINT('',(4.675E0,-2.5E0,-1.E-1));
#3248=VERTEX_POINT('',#3247);
#3249=CARTESIAN_POINT('',(4.215E0,-3.759290410935E0,-2.E0));
#3250=CARTESIAN_POINT('',(4.215E0,-3.932689188793E0,-1.930091265300E0));
#3251=VERTEX_POINT('',#3249);
#3252=VERTEX_POINT('',#3250);
#3253=CARTESIAN_POINT('',(4.215E0,-4.009111253383E0,-1.759462910699E0));
#3254=VERTEX_POINT('',#3253);
#3255=CARTESIAN_POINT('',(4.675E0,-4.009111253383E0,-1.759462910699E0));
#3256=VERTEX_POINT('',#3255);
#3257=CARTESIAN_POINT('',(4.675E0,-3.932689188793E0,-1.930091265300E0));
#3258=VERTEX_POINT('',#3257);
#3259=CARTESIAN_POINT('',(4.675E0,-3.759290410935E0,-2.E0));
#3260=VERTEX_POINT('',#3259);
#3261=CARTESIAN_POINT('',(4.215E0,-2.425E0,-1.75E0));
#3262=CARTESIAN_POINT('',(4.215E0,-2.498223304703E0,-1.926776695297E0));
#3263=VERTEX_POINT('',#3261);
#3264=VERTEX_POINT('',#3262);
#3265=CARTESIAN_POINT('',(4.215E0,-2.675E0,-2.E0));
#3266=VERTEX_POINT('',#3265);
#3267=CARTESIAN_POINT('',(4.675E0,-2.675E0,-2.E0));
#3268=VERTEX_POINT('',#3267);
#3269=CARTESIAN_POINT('',(4.675E0,-2.498223304703E0,-1.926776695297E0));
#3270=VERTEX_POINT('',#3269);
#3271=CARTESIAN_POINT('',(4.675E0,-2.425E0,-1.75E0));
#3272=VERTEX_POINT('',#3271);
#3273=CARTESIAN_POINT('',(4.675E0,-4.725E0,7.761848703908E-4));
#3274=CARTESIAN_POINT('',(4.675E0,-4.717013238487E0,2.506485755832E-1));
#3275=VERTEX_POINT('',#3273);
#3276=VERTEX_POINT('',#3274);
#3277=CARTESIAN_POINT('',(4.215E0,-4.725E0,7.761848703907E-4));
#3278=VERTEX_POINT('',#3277);
#3279=CARTESIAN_POINT('',(4.215E0,-4.717013238487E0,2.506485755832E-1));
#3280=VERTEX_POINT('',#3279);
#3281=CARTESIAN_POINT('',(4.215E0,-4.071470277206E0,-1.131846817655E-1));
#3282=CARTESIAN_POINT('',(4.675E0,-4.071470277206E0,-1.131846817655E-1));
#3283=VERTEX_POINT('',#3281);
#3284=VERTEX_POINT('',#3282);
#3285=CARTESIAN_POINT('',(4.215E0,-4.168203909580E0,-1.702088975989E-2));
#3286=CARTESIAN_POINT('',(4.675E0,-4.168203909580E0,-1.702088975989E-2));
#3287=VERTEX_POINT('',#3285);
#3288=VERTEX_POINT('',#3286);
#3289=CARTESIAN_POINT('',(4.215E0,-4.100897130870E0,-4.605059019455E-2));
#3290=CARTESIAN_POINT('',(4.215E0,-4.075E0,-2.E-2));
#3291=VERTEX_POINT('',#3289);
#3292=VERTEX_POINT('',#3290);
#3293=CARTESIAN_POINT('',(4.675E0,-4.100897130870E0,-4.605059019455E-2));
#3294=CARTESIAN_POINT('',(4.675E0,-4.075E0,-2.E-2));
#3295=VERTEX_POINT('',#3293);
#3296=VERTEX_POINT('',#3294);
#3297=CARTESIAN_POINT('',(4.675E0,-3.821649434758E0,-1.037217710667E-1));
#3298=CARTESIAN_POINT('',(4.675E0,-3.924643422582E0,1.312475494316E-1));
#3299=VERTEX_POINT('',#3297);
#3300=VERTEX_POINT('',#3298);
#3301=CARTESIAN_POINT('',(4.675E0,-4.160217148067E0,2.328515009529E-1));
#3302=VERTEX_POINT('',#3301);
#3303=CARTESIAN_POINT('',(4.215E0,-4.160217148067E0,2.328515009529E-1));
#3304=VERTEX_POINT('',#3303);
#3305=CARTESIAN_POINT('',(4.215E0,-3.924643422582E0,1.312475494316E-1));
#3306=VERTEX_POINT('',#3305);
#3307=CARTESIAN_POINT('',(4.215E0,-3.821649434758E0,-1.037217710667E-1));
#3308=VERTEX_POINT('',#3307);
#3309=CARTESIAN_POINT('',(0.E0,-4.721006619243E0,1.257123802268E-1));
#3310=DIRECTION('',(0.E0,9.994895628512E-1,-3.194704605204E-2));
#3311=DIRECTION('',(1.E0,0.E0,0.E0));
#3312=AXIS2_PLACEMENT_3D('',#3309,#3310,#3311);
#3313=PLANE('',#3312);
#3315=ORIENTED_EDGE('',*,*,#3314,.T.);
#3317=ORIENTED_EDGE('',*,*,#3316,.T.);
#3319=ORIENTED_EDGE('',*,*,#3318,.F.);
#3321=ORIENTED_EDGE('',*,*,#3320,.F.);
#3322=EDGE_LOOP('',(#3315,#3317,#3319,#3321));
#3323=FACE_OUTER_BOUND('',#3322,.F.);
#3324=ADVANCED_FACE('',(#3323),#3313,.F.);
#3325=CARTESIAN_POINT('',(4.215E0,-4.337754175756E0,1.134623438915E-1));
#3326=DIRECTION('',(-1.E0,0.E0,0.E0));
#3327=DIRECTION('',(0.E0,9.994895628512E-1,-3.194704605204E-2));
#3328=AXIS2_PLACEMENT_3D('',#3325,#3326,#3327);
#3329=PLANE('',#3328);
#3331=ORIENTED_EDGE('',*,*,#3330,.F.);
#3333=ORIENTED_EDGE('',*,*,#3332,.F.);
#3334=ORIENTED_EDGE('',*,*,#3314,.F.);
#3336=ORIENTED_EDGE('',*,*,#3335,.T.);
#3338=ORIENTED_EDGE('',*,*,#3337,.F.);
#3340=ORIENTED_EDGE('',*,*,#3339,.T.);
#3342=ORIENTED_EDGE('',*,*,#3341,.T.);
#3343=EDGE_LOOP('',(#3331,#3333,#3334,#3336,#3338,#3340,#3342));
#3344=FACE_OUTER_BOUND('',#3343,.F.);
#3345=ADVANCED_FACE('',(#3344),#3329,.T.);
#3346=CARTESIAN_POINT('',(-1.686366E1,-4.171398614185E0,-1.169698460450E-1));
#3347=DIRECTION('',(1.E0,0.E0,0.E0));
#3348=DIRECTION('',(0.E0,9.992833697894E-1,3.785164279505E-2));
#3349=AXIS2_PLACEMENT_3D('',#3346,#3347,#3348);
#3350=CYLINDRICAL_SURFACE('',#3349,3.5E-1);
#3352=ORIENTED_EDGE('',*,*,#3351,.T.);
#3354=ORIENTED_EDGE('',*,*,#3353,.T.);
#3356=ORIENTED_EDGE('',*,*,#3355,.F.);
#3357=ORIENTED_EDGE('',*,*,#3330,.T.);
#3359=ORIENTED_EDGE('',*,*,#3358,.T.);
#3361=ORIENTED_EDGE('',*,*,#3360,.T.);
#3362=EDGE_LOOP('',(#3352,#3354,#3356,#3357,#3359,#3361));
#3363=FACE_OUTER_BOUND('',#3362,.F.);
#3364=ADVANCED_FACE('',(#3363),#3350,.T.);
#3365=CARTESIAN_POINT('',(4.675E0,-3.917073468868E0,-8.868938462219E-1));
#3366=DIRECTION('',(-1.E0,0.E0,0.E0));
#3367=DIRECTION('',(0.E0,3.785164279505E-2,-9.992833697894E-1));
#3368=AXIS2_PLACEMENT_3D('',#3365,#3366,#3367);
#3369=PLANE('',#3368);
#3370=ORIENTED_EDGE('',*,*,#3351,.F.);
#3372=ORIENTED_EDGE('',*,*,#3371,.T.);
#3374=ORIENTED_EDGE('',*,*,#3373,.F.);
#3376=ORIENTED_EDGE('',*,*,#3375,.F.);
#3378=ORIENTED_EDGE('',*,*,#3377,.F.);
#3380=ORIENTED_EDGE('',*,*,#3379,.F.);
#3382=ORIENTED_EDGE('',*,*,#3381,.T.);
#3384=ORIENTED_EDGE('',*,*,#3383,.T.);
#3385=EDGE_LOOP('',(#3370,#3372,#3374,#3376,#3378,#3380,#3382,#3384));
#3386=FACE_OUTER_BOUND('',#3385,.F.);
#3387=ADVANCED_FACE('',(#3386),#3369,.F.);
#3388=CARTESIAN_POINT('',(-4.675E0,-3.825179157553E0,-1.053708930124E-2));
#3389=DIRECTION('',(0.E0,-9.992833697894E-1,-3.785164279505E-2));
#3390=DIRECTION('',(0.E0,3.785164279505E-2,-9.992833697894E-1));
#3391=AXIS2_PLACEMENT_3D('',#3388,#3389,#3390);
#3392=PLANE('',#3391);
#3393=ORIENTED_EDGE('',*,*,#3360,.F.);
#3395=ORIENTED_EDGE('',*,*,#3394,.T.);
#3397=ORIENTED_EDGE('',*,*,#3396,.T.);
#3398=ORIENTED_EDGE('',*,*,#3371,.F.);
#3399=EDGE_LOOP('',(#3393,#3395,#3397,#3398));
#3400=FACE_OUTER_BOUND('',#3399,.F.);
#3401=ADVANCED_FACE('',(#3400),#3392,.F.);
#3402=CARTESIAN_POINT('',(4.215E0,-3.917073468868E0,-8.868938462219E-1));
#3403=DIRECTION('',(-1.E0,0.E0,0.E0));
#3404=DIRECTION('',(0.E0,3.785164279505E-2,-9.992833697894E-1));
#3405=AXIS2_PLACEMENT_3D('',#3402,#3403,#3404);
#3406=PLANE('',#3405);
#3407=ORIENTED_EDGE('',*,*,#3358,.F.);
#3408=ORIENTED_EDGE('',*,*,#3341,.F.);
#3409=ORIENTED_EDGE('',*,*,#3339,.F.);
#3411=ORIENTED_EDGE('',*,*,#3410,.F.);
#3413=ORIENTED_EDGE('',*,*,#3412,.T.);
#3415=ORIENTED_EDGE('',*,*,#3414,.F.);
#3417=ORIENTED_EDGE('',*,*,#3416,.T.);
#3418=ORIENTED_EDGE('',*,*,#3394,.F.);
#3419=EDGE_LOOP('',(#3407,#3408,#3409,#3411,#3413,#3415,#3417,#3418));
#3420=FACE_OUTER_BOUND('',#3419,.F.);
#3421=ADVANCED_FACE('',(#3420),#3406,.T.);
#3422=CARTESIAN_POINT('',(-1.686366E1,-4.171398614185E0,-1.169698460450E-1));
#3423=DIRECTION('',(1.E0,0.E0,0.E0));
#3424=DIRECTION('',(0.E0,9.992833697894E-1,3.785164279505E-2));
#3425=AXIS2_PLACEMENT_3D('',#3422,#3423,#3424);
#3426=CYLINDRICAL_SURFACE('',#3425,1.E-1);
#3428=ORIENTED_EDGE('',*,*,#3427,.F.);
#3429=ORIENTED_EDGE('',*,*,#3410,.T.);
#3430=ORIENTED_EDGE('',*,*,#3337,.T.);
#3432=ORIENTED_EDGE('',*,*,#3431,.T.);
#3434=ORIENTED_EDGE('',*,*,#3433,.T.);
#3435=ORIENTED_EDGE('',*,*,#3379,.T.);
#3436=EDGE_LOOP('',(#3428,#3429,#3430,#3432,#3434,#3435));
#3437=FACE_OUTER_BOUND('',#3436,.F.);
#3438=ADVANCED_FACE('',(#3437),#3426,.F.);
#3439=CARTESIAN_POINT('',(-4.675E0,-4.075E0,-2.E-2));
#3440=DIRECTION('',(0.E0,-9.992833697894E-1,-3.785164279505E-2));
#3441=DIRECTION('',(0.E0,3.785164279505E-2,-9.992833697894E-1));
#3442=AXIS2_PLACEMENT_3D('',#3439,#3440,#3441);
#3443=PLANE('',#3442);
#3444=ORIENTED_EDGE('',*,*,#3427,.T.);
#3445=ORIENTED_EDGE('',*,*,#3377,.T.);
#3447=ORIENTED_EDGE('',*,*,#3446,.T.);
#3448=ORIENTED_EDGE('',*,*,#3412,.F.);
#3449=EDGE_LOOP('',(#3444,#3445,#3447,#3448));
#3450=FACE_OUTER_BOUND('',#3449,.F.);
#3451=ADVANCED_FACE('',(#3450),#3443,.T.);
#3452=CARTESIAN_POINT('',(1.686366E1,-3.759290410935E0,-1.75E0));
#3453=DIRECTION('',(-1.E0,0.E0,0.E0));
#3454=DIRECTION('',(0.E0,0.E0,-1.E0));
#3455=AXIS2_PLACEMENT_3D('',#3452,#3453,#3454);
#3456=CYLINDRICAL_SURFACE('',#3455,2.5E-1);
#3458=ORIENTED_EDGE('',*,*,#3457,.T.);
#3459=ORIENTED_EDGE('',*,*,#3414,.T.);
#3460=ORIENTED_EDGE('',*,*,#3446,.F.);
#3461=ORIENTED_EDGE('',*,*,#3375,.T.);
#3463=ORIENTED_EDGE('',*,*,#3462,.T.);
#3465=ORIENTED_EDGE('',*,*,#3464,.T.);
#3466=EDGE_LOOP('',(#3458,#3459,#3460,#3461,#3463,#3465));
#3467=FACE_OUTER_BOUND('',#3466,.F.);
#3468=ADVANCED_FACE('',(#3467),#3456,.T.);
#3469=CARTESIAN_POINT('',(4.215E0,-3.214822602734E0,-1.875E0));
#3470=DIRECTION('',(-1.E0,0.E0,0.E0));
#3471=DIRECTION('',(0.E0,1.E0,0.E0));
#3472=AXIS2_PLACEMENT_3D('',#3469,#3470,#3471);
#3473=PLANE('',#3472);
#3474=ORIENTED_EDGE('',*,*,#3457,.F.);
#3476=ORIENTED_EDGE('',*,*,#3475,.T.);
#3478=ORIENTED_EDGE('',*,*,#3477,.F.);
#3480=ORIENTED_EDGE('',*,*,#3479,.T.);
#3482=ORIENTED_EDGE('',*,*,#3481,.F.);
#3483=ORIENTED_EDGE('',*,*,#3416,.F.);
#3484=EDGE_LOOP('',(#3474,#3476,#3478,#3480,#3482,#3483));
#3485=FACE_OUTER_BOUND('',#3484,.F.);
#3486=ADVANCED_FACE('',(#3485),#3473,.T.);
#3487=CARTESIAN_POINT('',(-4.675E0,-4.E0,-2.E0));
#3488=DIRECTION('',(0.E0,0.E0,-1.E0));
#3489=DIRECTION('',(0.E0,1.E0,0.E0));
#3490=AXIS2_PLACEMENT_3D('',#3487,#3488,#3489);
#3491=PLANE('',#3490);
#3492=ORIENTED_EDGE('',*,*,#3464,.F.);
#3494=ORIENTED_EDGE('',*,*,#3493,.T.);
#3496=ORIENTED_EDGE('',*,*,#3495,.T.);
#3497=ORIENTED_EDGE('',*,*,#3475,.F.);
#3498=EDGE_LOOP('',(#3492,#3494,#3496,#3497));
#3499=FACE_OUTER_BOUND('',#3498,.F.);
#3500=ADVANCED_FACE('',(#3499),#3491,.T.);
#3501=CARTESIAN_POINT('',(4.675E0,-3.214822602734E0,-1.875E0));
#3502=DIRECTION('',(-1.E0,0.E0,0.E0));
#3503=DIRECTION('',(0.E0,1.E0,0.E0));
#3504=AXIS2_PLACEMENT_3D('',#3501,#3502,#3503);
#3505=PLANE('',#3504);
#3506=ORIENTED_EDGE('',*,*,#3462,.F.);
#3507=ORIENTED_EDGE('',*,*,#3373,.T.);
#3509=ORIENTED_EDGE('',*,*,#3508,.T.);
#3511=ORIENTED_EDGE('',*,*,#3510,.F.);
#3513=ORIENTED_EDGE('',*,*,#3512,.F.);
#3514=ORIENTED_EDGE('',*,*,#3493,.F.);
#3515=EDGE_LOOP('',(#3506,#3507,#3509,#3511,#3513,#3514));
#3516=FACE_OUTER_BOUND('',#3515,.F.);
#3517=ADVANCED_FACE('',(#3516),#3505,.F.);
#3518=CARTESIAN_POINT('',(-4.675E0,-4.E0,-1.75E0));
#3519=DIRECTION('',(0.E0,0.E0,-1.E0));
#3520=DIRECTION('',(0.E0,1.E0,0.E0));
#3521=AXIS2_PLACEMENT_3D('',#3518,#3519,#3520);
#3522=PLANE('',#3521);
#3523=ORIENTED_EDGE('',*,*,#3481,.T.);
#3525=ORIENTED_EDGE('',*,*,#3524,.T.);
#3526=ORIENTED_EDGE('',*,*,#3508,.F.);
#3527=ORIENTED_EDGE('',*,*,#3396,.F.);
#3528=EDGE_LOOP('',(#3523,#3525,#3526,#3527));
#3529=FACE_OUTER_BOUND('',#3528,.F.);
#3530=ADVANCED_FACE('',(#3529),#3522,.F.);
#3531=CARTESIAN_POINT('',(-4.675E0,-2.675E0,-2.E0));
#3532=DIRECTION('',(0.E0,1.E0,0.E0));
#3533=DIRECTION('',(0.E0,0.E0,1.E0));
#3534=AXIS2_PLACEMENT_3D('',#3531,#3532,#3533);
#3535=PLANE('',#3534);
#3537=ORIENTED_EDGE('',*,*,#3536,.T.);
#3539=ORIENTED_EDGE('',*,*,#3538,.F.);
#3541=ORIENTED_EDGE('',*,*,#3540,.F.);
#3543=ORIENTED_EDGE('',*,*,#3542,.F.);
#3544=ORIENTED_EDGE('',*,*,#3524,.F.);
#3546=ORIENTED_EDGE('',*,*,#3545,.T.);
#3548=ORIENTED_EDGE('',*,*,#3547,.F.);
#3550=ORIENTED_EDGE('',*,*,#3549,.T.);
#3551=EDGE_LOOP('',(#3537,#3539,#3541,#3543,#3544,#3546,#3548,#3550));
#3552=FACE_OUTER_BOUND('',#3551,.F.);
#3553=ADVANCED_FACE('',(#3552),#3535,.F.);
#3554=CARTESIAN_POINT('',(4.445E0,-2.635E0,-1.4E-1));
#3555=DIRECTION('',(0.E0,-7.071067811865E-1,7.071067811865E-1));
#3556=DIRECTION('',(0.E0,-7.071067811865E-1,-7.071067811865E-1));
#3557=AXIS2_PLACEMENT_3D('',#3554,#3555,#3556);
#3558=PLANE('',#3557);
#3560=ORIENTED_EDGE('',*,*,#3559,.T.);
#3561=ORIENTED_EDGE('',*,*,#3536,.F.);
#3563=ORIENTED_EDGE('',*,*,#3562,.T.);
#3565=ORIENTED_EDGE('',*,*,#3564,.T.);
#3566=EDGE_LOOP('',(#3560,#3561,#3563,#3565));
#3567=FACE_OUTER_BOUND('',#3566,.F.);
#3568=ADVANCED_FACE('',(#3567),#3558,.T.);
#3569=CARTESIAN_POINT('',(4.675E0,-2.55E0,-9.875E-1));
#3570=DIRECTION('',(-1.E0,0.E0,0.E0));
#3571=DIRECTION('',(0.E0,0.E0,1.E0));
#3572=AXIS2_PLACEMENT_3D('',#3569,#3570,#3571);
#3573=PLANE('',#3572);
#3574=ORIENTED_EDGE('',*,*,#3559,.F.);
#3576=ORIENTED_EDGE('',*,*,#3575,.F.);
#3578=ORIENTED_EDGE('',*,*,#3577,.F.);
#3580=ORIENTED_EDGE('',*,*,#3579,.F.);
#3582=ORIENTED_EDGE('',*,*,#3581,.T.);
#3583=ORIENTED_EDGE('',*,*,#3538,.T.);
#3584=EDGE_LOOP('',(#3574,#3576,#3578,#3580,#3582,#3583));
#3585=FACE_OUTER_BOUND('',#3584,.F.);
#3586=ADVANCED_FACE('',(#3585),#3573,.F.);
#3587=CARTESIAN_POINT('',(4.675E0,-2.55E0,-9.875E-1));
#3588=DIRECTION('',(-1.E0,0.E0,0.E0));
#3589=DIRECTION('',(0.E0,0.E0,1.E0));
#3590=AXIS2_PLACEMENT_3D('',#3587,#3588,#3589);
#3591=PLANE('',#3590);
#3593=ORIENTED_EDGE('',*,*,#3592,.F.);
#3594=ORIENTED_EDGE('',*,*,#3510,.T.);
#3595=ORIENTED_EDGE('',*,*,#3542,.T.);
#3597=ORIENTED_EDGE('',*,*,#3596,.F.);
#3599=ORIENTED_EDGE('',*,*,#3598,.F.);
#3600=EDGE_LOOP('',(#3593,#3594,#3595,#3597,#3599));
#3601=FACE_OUTER_BOUND('',#3600,.F.);
#3602=ADVANCED_FACE('',(#3601),#3591,.F.);
#3603=CARTESIAN_POINT('',(0.E0,-2.55E0,-1.E-1));
#3604=DIRECTION('',(0.E0,0.E0,1.E0));
#3605=DIRECTION('',(1.E0,0.E0,0.E0));
#3606=AXIS2_PLACEMENT_3D('',#3603,#3604,#3605);
#3607=PLANE('',#3606);
#3608=ORIENTED_EDGE('',*,*,#3564,.F.);
#3610=ORIENTED_EDGE('',*,*,#3609,.F.);
#3612=ORIENTED_EDGE('',*,*,#3611,.F.);
#3613=ORIENTED_EDGE('',*,*,#3575,.T.);
#3614=EDGE_LOOP('',(#3608,#3610,#3612,#3613));
#3615=FACE_OUTER_BOUND('',#3614,.F.);
#3616=ADVANCED_FACE('',(#3615),#3607,.T.);
#3617=CARTESIAN_POINT('',(4.215E0,-2.55E0,-9.875E-1));
#3618=DIRECTION('',(-1.E0,0.E0,0.E0));
#3619=DIRECTION('',(0.E0,0.E0,1.E0));
#3620=AXIS2_PLACEMENT_3D('',#3617,#3618,#3619);
#3621=PLANE('',#3620);
#3622=ORIENTED_EDGE('',*,*,#3562,.F.);
#3623=ORIENTED_EDGE('',*,*,#3549,.F.);
#3625=ORIENTED_EDGE('',*,*,#3624,.F.);
#3627=ORIENTED_EDGE('',*,*,#3626,.T.);
#3629=ORIENTED_EDGE('',*,*,#3628,.F.);
#3630=ORIENTED_EDGE('',*,*,#3609,.T.);
#3631=EDGE_LOOP('',(#3622,#3623,#3625,#3627,#3629,#3630));
#3632=FACE_OUTER_BOUND('',#3631,.F.);
#3633=ADVANCED_FACE('',(#3632),#3621,.T.);
#3634=CARTESIAN_POINT('',(4.215E0,-2.55E0,-9.875E-1));
#3635=DIRECTION('',(-1.E0,0.E0,0.E0));
#3636=DIRECTION('',(0.E0,0.E0,1.E0));
#3637=AXIS2_PLACEMENT_3D('',#3634,#3635,#3636);
#3638=PLANE('',#3637);
#3640=ORIENTED_EDGE('',*,*,#3639,.F.);
#3642=ORIENTED_EDGE('',*,*,#3641,.T.);
#3644=ORIENTED_EDGE('',*,*,#3643,.T.);
#3645=ORIENTED_EDGE('',*,*,#3545,.F.);
#3646=ORIENTED_EDGE('',*,*,#3479,.F.);
#3647=EDGE_LOOP('',(#3640,#3642,#3644,#3645,#3646));
#3648=FACE_OUTER_BOUND('',#3647,.F.);
#3649=ADVANCED_FACE('',(#3648),#3638,.T.);
#3650=CARTESIAN_POINT('',(4.065E0,-2.55E0,-6.E-1));
#3651=DIRECTION('',(0.E0,1.E0,0.E0));
#3652=DIRECTION('',(6.E-1,0.E0,8.E-1));
#3653=AXIS2_PLACEMENT_3D('',#3650,#3651,#3652);
#3654=CYLINDRICAL_SURFACE('',#3653,2.5E-1);
#3656=ORIENTED_EDGE('',*,*,#3655,.F.);
#3657=ORIENTED_EDGE('',*,*,#3624,.T.);
#3658=ORIENTED_EDGE('',*,*,#3547,.T.);
#3659=ORIENTED_EDGE('',*,*,#3643,.F.);
#3660=EDGE_LOOP('',(#3656,#3657,#3658,#3659));
#3661=FACE_OUTER_BOUND('',#3660,.F.);
#3662=ADVANCED_FACE('',(#3661),#3654,.F.);
#3663=CARTESIAN_POINT('',(-4.675E0,-2.425E0,-2.E0));
#3664=DIRECTION('',(0.E0,1.E0,0.E0));
#3665=DIRECTION('',(0.E0,0.E0,1.E0));
#3666=AXIS2_PLACEMENT_3D('',#3663,#3664,#3665);
#3667=PLANE('',#3666);
#3669=ORIENTED_EDGE('',*,*,#3668,.F.);
#3670=ORIENTED_EDGE('',*,*,#3598,.T.);
#3672=ORIENTED_EDGE('',*,*,#3671,.T.);
#3673=ORIENTED_EDGE('',*,*,#3579,.T.);
#3675=ORIENTED_EDGE('',*,*,#3674,.T.);
#3676=ORIENTED_EDGE('',*,*,#3626,.F.);
#3677=ORIENTED_EDGE('',*,*,#3655,.T.);
#3678=ORIENTED_EDGE('',*,*,#3641,.F.);
#3679=EDGE_LOOP('',(#3669,#3670,#3672,#3673,#3675,#3676,#3677,#3678));
#3680=FACE_OUTER_BOUND('',#3679,.F.);
#3681=ADVANCED_FACE('',(#3680),#3667,.T.);
#3682=CARTESIAN_POINT('',(1.686366E1,-2.675E0,-1.75E0));
#3683=DIRECTION('',(-1.E0,0.E0,0.E0));
#3684=DIRECTION('',(0.E0,1.E0,0.E0));
#3685=AXIS2_PLACEMENT_3D('',#3682,#3683,#3684);
#3686=CYLINDRICAL_SURFACE('',#3685,2.5E-1);
#3687=ORIENTED_EDGE('',*,*,#3639,.T.);
#3688=ORIENTED_EDGE('',*,*,#3477,.T.);
#3689=ORIENTED_EDGE('',*,*,#3495,.F.);
#3690=ORIENTED_EDGE('',*,*,#3512,.T.);
#3691=ORIENTED_EDGE('',*,*,#3592,.T.);
#3692=ORIENTED_EDGE('',*,*,#3668,.T.);
#3693=EDGE_LOOP('',(#3687,#3688,#3689,#3690,#3691,#3692));
#3694=FACE_OUTER_BOUND('',#3693,.F.);
#3695=ADVANCED_FACE('',(#3694),#3686,.T.);
#3696=CARTESIAN_POINT('',(4.825E0,-2.55E0,-6.E-1));
#3697=DIRECTION('',(0.E0,1.E0,0.E0));
#3698=DIRECTION('',(-6.E-1,0.E0,-8.E-1));
#3699=AXIS2_PLACEMENT_3D('',#3696,#3697,#3698);
#3700=CYLINDRICAL_SURFACE('',#3699,2.5E-1);
#3701=ORIENTED_EDGE('',*,*,#3671,.F.);
#3702=ORIENTED_EDGE('',*,*,#3596,.T.);
#3703=ORIENTED_EDGE('',*,*,#3540,.T.);
#3704=ORIENTED_EDGE('',*,*,#3581,.F.);
#3705=EDGE_LOOP('',(#3701,#3702,#3703,#3704));
#3706=FACE_OUTER_BOUND('',#3705,.F.);
#3707=ADVANCED_FACE('',(#3706),#3700,.F.);
#3708=CARTESIAN_POINT('',(4.445E0,-2.4625E0,-1.375E-1));
#3709=DIRECTION('',(0.E0,7.071067811865E-1,7.071067811865E-1));
#3710=DIRECTION('',(0.E0,7.071067811865E-1,-7.071067811865E-1));
#3711=AXIS2_PLACEMENT_3D('',#3708,#3709,#3710);
#3712=PLANE('',#3711);
#3713=ORIENTED_EDGE('',*,*,#3628,.T.);
#3714=ORIENTED_EDGE('',*,*,#3674,.F.);
#3715=ORIENTED_EDGE('',*,*,#3577,.T.);
#3716=ORIENTED_EDGE('',*,*,#3611,.T.);
#3717=EDGE_LOOP('',(#3713,#3714,#3715,#3716));
#3718=FACE_OUTER_BOUND('',#3717,.F.);
#3719=ADVANCED_FACE('',(#3718),#3712,.T.);
#3720=CARTESIAN_POINT('',(-4.675E0,-4.725E0,7.761848703908E-4));
#3721=DIRECTION('',(0.E0,-3.194704605204E-2,-9.994895628512E-1));
#3722=DIRECTION('',(0.E0,9.994895628512E-1,-3.194704605204E-2));
#3723=AXIS2_PLACEMENT_3D('',#3720,#3721,#3722);
#3724=PLANE('',#3723);
#3725=ORIENTED_EDGE('',*,*,#3431,.F.);
#3726=ORIENTED_EDGE('',*,*,#3335,.F.);
#3727=ORIENTED_EDGE('',*,*,#3320,.T.);
#3729=ORIENTED_EDGE('',*,*,#3728,.T.);
#3730=EDGE_LOOP('',(#3725,#3726,#3727,#3729));
#3731=FACE_OUTER_BOUND('',#3730,.F.);
#3732=ADVANCED_FACE('',(#3731),#3724,.T.);
#3733=CARTESIAN_POINT('',(4.675E0,-4.337754175756E0,1.134623438915E-1));
#3734=DIRECTION('',(-1.E0,0.E0,0.E0));
#3735=DIRECTION('',(0.E0,9.994895628512E-1,-3.194704605204E-2));
#3736=AXIS2_PLACEMENT_3D('',#3733,#3734,#3735);
#3737=PLANE('',#3736);
#3738=ORIENTED_EDGE('',*,*,#3353,.F.);
#3739=ORIENTED_EDGE('',*,*,#3383,.F.);
#3740=ORIENTED_EDGE('',*,*,#3381,.F.);
#3741=ORIENTED_EDGE('',*,*,#3433,.F.);
#3742=ORIENTED_EDGE('',*,*,#3728,.F.);
#3743=ORIENTED_EDGE('',*,*,#3318,.T.);
#3745=ORIENTED_EDGE('',*,*,#3744,.T.);
#3746=EDGE_LOOP('',(#3738,#3739,#3740,#3741,#3742,#3743,#3745));
#3747=FACE_OUTER_BOUND('',#3746,.F.);
#3748=ADVANCED_FACE('',(#3747),#3737,.F.);
#3749=CARTESIAN_POINT('',(-4.675E0,-4.717013238487E0,2.506485755832E-1));
#3750=DIRECTION('',(0.E0,-3.194704605204E-2,-9.994895628512E-1));
#3751=DIRECTION('',(0.E0,9.994895628512E-1,-3.194704605204E-2));
#3752=AXIS2_PLACEMENT_3D('',#3749,#3750,#3751);
#3753=PLANE('',#3752);
#3754=ORIENTED_EDGE('',*,*,#3355,.T.);
#3755=ORIENTED_EDGE('',*,*,#3744,.F.);
#3756=ORIENTED_EDGE('',*,*,#3316,.F.);
#3757=ORIENTED_EDGE('',*,*,#3332,.T.);
#3758=EDGE_LOOP('',(#3754,#3755,#3756,#3757));
#3759=FACE_OUTER_BOUND('',#3758,.F.);
#3760=ADVANCED_FACE('',(#3759),#3753,.F.);
#3761=CLOSED_SHELL('',(#3324,#3345,#3364,#3387,#3401,#3421,#3438,#3451,#3468,
#3486,#3500,#3517,#3530,#3553,#3568,#3586,#3602,#3616,#3633,#3649,#3662,#3681,
#3695,#3707,#3719,#3732,#3748,#3760));
#3762=MANIFOLD_SOLID_BREP('',#3761);
#3764=DIRECTION('',(0.E0,3.194704605204E-2,9.994895628512E-1));
#3765=VECTOR('',#3764,2.5E-1);
#3766=CARTESIAN_POINT('',(4.05E-1,-4.725E0,7.761848703907E-4));
#3767=LINE('',#3766,#3765);
#3768=CARTESIAN_POINT('',(4.05E-1,-4.171398614185E0,-1.169698460450E-1));
#3769=DIRECTION('',(-1.E0,0.E0,0.E0));
#3770=DIRECTION('',(0.E0,3.194704605204E-2,9.994895628512E-1));
#3771=AXIS2_PLACEMENT_3D('',#3768,#3769,#3770);
#3773=DIRECTION('',(0.E0,7.050148331501E-1,7.091925585047E-1));
#3774=VECTOR('',#3773,3.673274610986E-2);
#3775=CARTESIAN_POINT('',(4.05E-1,-4.100897130870E0,-4.605059019455E-2));
#3776=LINE('',#3775,#3774);
#3777=DIRECTION('',(0.E0,7.050148331501E-1,7.091925585046E-1));
#3778=VECTOR('',#3777,2.132672538901E-1);
#3779=CARTESIAN_POINT('',(4.05E-1,-4.075E0,-2.E-2));
#3780=LINE('',#3779,#3778);
#3781=CARTESIAN_POINT('',(8.65E-1,-4.171398614185E0,-1.169698460450E-1));
#3782=DIRECTION('',(1.E0,0.E0,0.E0));
#3783=DIRECTION('',(0.E0,9.992833697894E-1,3.785164279506E-2));
#3784=AXIS2_PLACEMENT_3D('',#3781,#3782,#3783);
#3786=CARTESIAN_POINT('',(8.65E-1,-3.759290410935E0,-1.75E0));
#3787=DIRECTION('',(1.E0,0.E0,0.E0));
#3788=DIRECTION('',(0.E0,-9.992833697894E-1,-3.785164279505E-2));
#3789=AXIS2_PLACEMENT_3D('',#3786,#3787,#3788);
#3791=DIRECTION('',(1.813460427878E-14,7.050148331501E-1,7.091925585046E-1));
#3792=VECTOR('',#3791,3.673274610986E-2);
#3793=CARTESIAN_POINT('',(8.65E-1,-4.100897130870E0,-4.605059019455E-2));
#3794=LINE('',#3793,#3792);
#3795=DIRECTION('',(0.E0,7.050148331501E-1,7.091925585046E-1));
#3796=VECTOR('',#3795,2.132672538901E-1);
#3797=CARTESIAN_POINT('',(8.65E-1,-4.075E0,-2.E-2));
#3798=LINE('',#3797,#3796);
#3799=DIRECTION('',(1.E0,0.E0,0.E0));
#3800=VECTOR('',#3799,4.6E-1);
#3801=CARTESIAN_POINT('',(4.05E-1,-3.821649434758E0,-1.037217710667E-1));
#3802=LINE('',#3801,#3800);
#3803=DIRECTION('',(0.E0,3.785164279505E-2,-9.992833697894E-1));
#3804=VECTOR('',#3803,1.647458847714E0);
#3805=CARTESIAN_POINT('',(4.05E-1,-3.821649434758E0,-1.037217710667E-1));
#3806=LINE('',#3805,#3804);
#3807=DIRECTION('',(0.E0,3.785164279505E-2,-9.992833697894E-1));
#3808=VECTOR('',#3807,1.647458847714E0);
#3809=CARTESIAN_POINT('',(8.65E-1,-3.821649434758E0,-1.037217710667E-1));
#3810=LINE('',#3809,#3808);
#3811=CARTESIAN_POINT('',(4.05E-1,-4.171398614185E0,-1.169698460450E-1));
#3812=DIRECTION('',(-1.E0,0.E0,0.E0));
#3813=DIRECTION('',(0.E0,7.050148331501E-1,7.091925585046E-1));
#3814=AXIS2_PLACEMENT_3D('',#3811,#3812,#3813);
#3816=CARTESIAN_POINT('',(4.05E-1,-3.759290410935E0,-1.75E0));
#3817=DIRECTION('',(-1.E0,0.E0,0.E0));
#3818=DIRECTION('',(0.E0,-6.935951114321E-1,-7.203650611999E-1));
#3819=AXIS2_PLACEMENT_3D('',#3816,#3817,#3818);
#3821=DIRECTION('',(0.E0,6.935951114321E-1,7.203650611999E-1));
#3822=VECTOR('',#3821,2.5E-1);
#3823=CARTESIAN_POINT('',(4.05E-1,-3.932689188793E0,-1.930091265300E0));
#3824=LINE('',#3823,#3822);
#3825=CARTESIAN_POINT('',(4.05E-1,-4.171398614185E0,-1.169698460450E-1));
#3826=DIRECTION('',(1.E0,0.E0,0.E0));
#3827=DIRECTION('',(0.E0,9.992833697894E-1,3.785164279506E-2));
#3828=AXIS2_PLACEMENT_3D('',#3825,#3826,#3827);
#3830=CARTESIAN_POINT('',(4.05E-1,-4.171398614185E0,-1.169698460450E-1));
#3831=DIRECTION('',(1.E0,0.E0,0.E0));
#3832=DIRECTION('',(0.E0,7.050148331501E-1,7.091925585046E-1));
#3833=AXIS2_PLACEMENT_3D('',#3830,#3831,#3832);
#3835=CARTESIAN_POINT('',(8.65E-1,-4.171398614185E0,-1.169698460450E-1));
#3836=DIRECTION('',(-1.E0,0.E0,0.E0));
#3837=DIRECTION('',(0.E0,3.194704605205E-2,9.994895628512E-1));
#3838=AXIS2_PLACEMENT_3D('',#3835,#3836,#3837);
#3840=CARTESIAN_POINT('',(8.65E-1,-4.171398614185E0,-1.169698460450E-1));
#3841=DIRECTION('',(-1.E0,0.E0,0.E0));
#3842=DIRECTION('',(0.E0,7.050148331501E-1,7.091925585046E-1));
#3843=AXIS2_PLACEMENT_3D('',#3840,#3841,#3842);
#3845=DIRECTION('',(1.E0,0.E0,0.E0));
#3846=VECTOR('',#3845,4.6E-1);
#3847=CARTESIAN_POINT('',(4.05E-1,-4.071470277206E0,-1.131846817655E-1));
#3848=LINE('',#3847,#3846);
#3849=DIRECTION('',(0.E0,3.785164279505E-2,-9.992833697894E-1));
#3850=VECTOR('',#3849,1.647458847714E0);
#3851=CARTESIAN_POINT('',(8.65E-1,-4.071470277206E0,-1.131846817655E-1));
#3852=LINE('',#3851,#3850);
#3853=DIRECTION('',(-1.E0,0.E0,0.E0));
#3854=VECTOR('',#3853,4.6E-1);
#3855=CARTESIAN_POINT('',(8.65E-1,-4.009111253383E0,-1.759462910699E0));
#3856=LINE('',#3855,#3854);
#3857=DIRECTION('',(0.E0,3.785164279505E-2,-9.992833697894E-1));
#3858=VECTOR('',#3857,1.647458847714E0);
#3859=CARTESIAN_POINT('',(4.05E-1,-4.071470277206E0,-1.131846817655E-1));
#3860=LINE('',#3859,#3858);
#3861=CARTESIAN_POINT('',(4.05E-1,-2.675E0,-1.75E0));
#3862=DIRECTION('',(-1.E0,0.E0,0.E0));
#3863=DIRECTION('',(0.E0,7.071067811865E-1,-7.071067811865E-1));
#3864=AXIS2_PLACEMENT_3D('',#3861,#3862,#3863);
#3866=DIRECTION('',(0.E0,-7.071067811865E-1,7.071067811865E-1));
#3867=VECTOR('',#3866,2.5E-1);
#3868=CARTESIAN_POINT('',(4.05E-1,-2.498223304703E0,-1.926776695297E0));
#3869=LINE('',#3868,#3867);
#3870=CARTESIAN_POINT('',(4.05E-1,-3.759290410935E0,-1.75E0));
#3871=DIRECTION('',(-1.E0,0.E0,0.E0));
#3872=DIRECTION('',(0.E0,0.E0,-1.E0));
#3873=AXIS2_PLACEMENT_3D('',#3870,#3871,#3872);
#3875=DIRECTION('',(0.E0,7.071067811865E-1,7.071067811865E-1));
#3876=VECTOR('',#3875,1.131370849898E-1);
#3877=CARTESIAN_POINT('',(4.05E-1,-2.675E0,-1.8E-1));
#3878=LINE('',#3877,#3876);
#3879=DIRECTION('',(0.E0,7.071067811865E-1,-7.071067811865E-1));
#3880=VECTOR('',#3879,1.131370849898E-1);
#3881=CARTESIAN_POINT('',(4.05E-1,-2.505E0,-1.E-1));
#3882=LINE('',#3881,#3880);
#3883=DIRECTION('',(0.E0,-1.E0,0.E0));
#3884=VECTOR('',#3883,9.E-2);
#3885=CARTESIAN_POINT('',(4.05E-1,-2.505E0,-1.E-1));
#3886=LINE('',#3885,#3884);
#3887=CARTESIAN_POINT('',(4.05E-1,-2.675E0,-1.75E0));
#3888=DIRECTION('',(-1.E0,0.E0,0.E0));
#3889=DIRECTION('',(0.E0,1.E0,0.E0));
#3890=AXIS2_PLACEMENT_3D('',#3887,#3888,#3889);
#3892=DIRECTION('',(0.E0,-1.E0,0.E0));
#3893=VECTOR('',#3892,2.5E-1);
#3894=CARTESIAN_POINT('',(4.05E-1,-2.425E0,-8.E-1));
#3895=LINE('',#3894,#3893);
#3896=DIRECTION('',(0.E0,-7.071067811865E-1,-7.071067811865E-1));
#3897=VECTOR('',#3896,1.131370849898E-1);
#3898=CARTESIAN_POINT('',(8.65E-1,-2.595E0,-1.E-1));
#3899=LINE('',#3898,#3897);
#3900=DIRECTION('',(0.E0,-7.071067811865E-1,7.071067811865E-1));
#3901=VECTOR('',#3900,1.131370849898E-1);
#3902=CARTESIAN_POINT('',(8.65E-1,-2.425E0,-1.8E-1));
#3903=LINE('',#3902,#3901);
#3904=DIRECTION('',(0.E0,-1.E0,0.E0));
#3905=VECTOR('',#3904,2.5E-1);
#3906=CARTESIAN_POINT('',(8.65E-1,-2.425E0,-4.E-1));
#3907=LINE('',#3906,#3905);
#3908=CARTESIAN_POINT('',(8.65E-1,-2.675E0,-1.75E0));
#3909=DIRECTION('',(1.E0,0.E0,0.E0));
#3910=DIRECTION('',(0.E0,7.071067811865E-1,-7.071067811865E-1));
#3911=AXIS2_PLACEMENT_3D('',#3908,#3909,#3910);
#3913=DIRECTION('',(0.E0,-7.071067811865E-1,7.071067811865E-1));
#3914=VECTOR('',#3913,2.5E-1);
#3915=CARTESIAN_POINT('',(8.65E-1,-2.498223304703E0,-1.926776695297E0));
#3916=LINE('',#3915,#3914);
#3917=DIRECTION('',(1.E0,0.E0,0.E0));
#3918=VECTOR('',#3917,4.6E-1);
#3919=CARTESIAN_POINT('',(4.05E-1,-2.595E0,-1.E-1));
#3920=LINE('',#3919,#3918);
#3921=DIRECTION('',(-1.E0,0.E0,0.E0));
#3922=VECTOR('',#3921,4.6E-1);
#3923=CARTESIAN_POINT('',(8.65E-1,-2.505E0,-1.E-1));
#3924=LINE('',#3923,#3922);
#3925=DIRECTION('',(0.E0,-1.E0,0.E0));
#3926=VECTOR('',#3925,9.E-2);
#3927=CARTESIAN_POINT('',(8.65E-1,-2.505E0,-1.E-1));
#3928=LINE('',#3927,#3926);
#3929=DIRECTION('',(-1.E0,0.E0,0.E0));
#3930=VECTOR('',#3929,4.6E-1);
#3931=CARTESIAN_POINT('',(8.65E-1,-2.425E0,-1.75E0));
#3932=LINE('',#3931,#3930);
#3933=DIRECTION('',(0.E0,0.E0,1.E0));
#3934=VECTOR('',#3933,9.5E-1);
#3935=CARTESIAN_POINT('',(8.65E-1,-2.425E0,-1.75E0));
#3936=LINE('',#3935,#3934);
#3937=CARTESIAN_POINT('',(1.015E0,-2.425E0,-6.E-1));
#3938=DIRECTION('',(0.E0,1.E0,0.E0));
#3939=DIRECTION('',(-6.E-1,0.E0,-8.E-1));
#3940=AXIS2_PLACEMENT_3D('',#3937,#3938,#3939);
#3942=DIRECTION('',(0.E0,0.E0,1.E0));
#3943=VECTOR('',#3942,2.2E-1);
#3944=CARTESIAN_POINT('',(8.65E-1,-2.425E0,-4.E-1));
#3945=LINE('',#3944,#3943);
#3946=DIRECTION('',(-1.E0,0.E0,0.E0));
#3947=VECTOR('',#3946,4.6E-1);
#3948=CARTESIAN_POINT('',(8.65E-1,-2.425E0,-1.8E-1));
#3949=LINE('',#3948,#3947);
#3950=DIRECTION('',(0.E0,0.E0,1.E0));
#3951=VECTOR('',#3950,2.2E-1);
#3952=CARTESIAN_POINT('',(4.05E-1,-2.425E0,-4.E-1));
#3953=LINE('',#3952,#3951);
#3954=CARTESIAN_POINT('',(2.55E-1,-2.425E0,-6.E-1));
#3955=DIRECTION('',(0.E0,1.E0,0.E0));
#3956=DIRECTION('',(6.E-1,0.E0,8.E-1));
#3957=AXIS2_PLACEMENT_3D('',#3954,#3955,#3956);
#3959=DIRECTION('',(0.E0,0.E0,1.E0));
#3960=VECTOR('',#3959,9.5E-1);
#3961=CARTESIAN_POINT('',(4.05E-1,-2.425E0,-1.75E0));
#3962=LINE('',#3961,#3960);
#3963=DIRECTION('',(0.E0,-1.E0,0.E0));
#3964=VECTOR('',#3963,2.5E-1);
#3965=CARTESIAN_POINT('',(8.65E-1,-2.425E0,-8.E-1));
#3966=LINE('',#3965,#3964);
#3967=DIRECTION('',(1.E0,0.E0,0.E0));
#3968=VECTOR('',#3967,4.6E-1);
#3969=CARTESIAN_POINT('',(4.05E-1,-2.675E0,-1.8E-1));
#3970=LINE('',#3969,#3968);
#3971=DIRECTION('',(0.E0,0.E0,1.E0));
#3972=VECTOR('',#3971,2.2E-1);
#3973=CARTESIAN_POINT('',(8.65E-1,-2.675E0,-4.E-1));
#3974=LINE('',#3973,#3972);
#3975=CARTESIAN_POINT('',(1.015E0,-2.675E0,-6.E-1));
#3976=DIRECTION('',(0.E0,1.E0,0.E0));
#3977=DIRECTION('',(-6.E-1,0.E0,-8.E-1));
#3978=AXIS2_PLACEMENT_3D('',#3975,#3976,#3977);
#3980=DIRECTION('',(0.E0,0.E0,1.E0));
#3981=VECTOR('',#3980,9.5E-1);
#3982=CARTESIAN_POINT('',(8.65E-1,-2.675E0,-1.75E0));
#3983=LINE('',#3982,#3981);
#3984=DIRECTION('',(1.E0,0.E0,0.E0));
#3985=VECTOR('',#3984,4.6E-1);
#3986=CARTESIAN_POINT('',(4.05E-1,-2.675E0,-1.75E0));
#3987=LINE('',#3986,#3985);
#3988=DIRECTION('',(0.E0,0.E0,1.E0));
#3989=VECTOR('',#3988,9.5E-1);
#3990=CARTESIAN_POINT('',(4.05E-1,-2.675E0,-1.75E0));
#3991=LINE('',#3990,#3989);
#3992=CARTESIAN_POINT('',(2.55E-1,-2.675E0,-6.E-1));
#3993=DIRECTION('',(0.E0,1.E0,0.E0));
#3994=DIRECTION('',(6.E-1,0.E0,8.E-1));
#3995=AXIS2_PLACEMENT_3D('',#3992,#3993,#3994);
#3997=DIRECTION('',(0.E0,0.E0,1.E0));
#3998=VECTOR('',#3997,2.2E-1);
#3999=CARTESIAN_POINT('',(4.05E-1,-2.675E0,-4.E-1));
#4000=LINE('',#3999,#3998);
#4001=DIRECTION('',(0.E0,1.E0,0.E0));
#4002=VECTOR('',#4001,1.084290410935E0);
#4003=CARTESIAN_POINT('',(4.05E-1,-3.759290410935E0,-1.75E0));
#4004=LINE('',#4003,#4002);
#4005=DIRECTION('',(0.E0,1.E0,0.E0));
#4006=VECTOR('',#4005,1.084290410935E0);
#4007=CARTESIAN_POINT('',(8.65E-1,-3.759290410935E0,-1.75E0));
#4008=LINE('',#4007,#4006);
#4009=DIRECTION('',(1.E0,0.E0,0.E0));
#4010=VECTOR('',#4009,4.6E-1);
#4011=CARTESIAN_POINT('',(4.05E-1,-3.759290410935E0,-1.75E0));
#4012=LINE('',#4011,#4010);
#4013=CARTESIAN_POINT('',(8.65E-1,-2.675E0,-1.75E0));
#4014=DIRECTION('',(1.E0,0.E0,0.E0));
#4015=DIRECTION('',(0.E0,0.E0,-1.E0));
#4016=AXIS2_PLACEMENT_3D('',#4013,#4014,#4015);
#4018=CARTESIAN_POINT('',(8.65E-1,-3.759290410935E0,-1.75E0));
#4019=DIRECTION('',(1.E0,0.E0,0.E0));
#4020=DIRECTION('',(0.E0,-6.935951114321E-1,-7.203650611999E-1));
#4021=AXIS2_PLACEMENT_3D('',#4018,#4019,#4020);
#4023=DIRECTION('',(0.E0,6.935951114321E-1,7.203650611999E-1));
#4024=VECTOR('',#4023,2.5E-1);
#4025=CARTESIAN_POINT('',(8.65E-1,-3.932689188793E0,-1.930091265300E0));
#4026=LINE('',#4025,#4024);
#4027=DIRECTION('',(-1.E0,0.E0,0.E0));
#4028=VECTOR('',#4027,4.6E-1);
#4029=CARTESIAN_POINT('',(8.65E-1,-2.675E0,-2.E0));
#4030=LINE('',#4029,#4028);
#4031=DIRECTION('',(0.E0,1.E0,0.E0));
#4032=VECTOR('',#4031,1.084290410935E0);
#4033=CARTESIAN_POINT('',(4.05E-1,-3.759290410935E0,-2.E0));
#4034=LINE('',#4033,#4032);
#4035=DIRECTION('',(-1.E0,0.E0,0.E0));
#4036=VECTOR('',#4035,4.6E-1);
#4037=CARTESIAN_POINT('',(8.65E-1,-3.759290410935E0,-2.E0));
#4038=LINE('',#4037,#4036);
#4039=DIRECTION('',(0.E0,1.E0,0.E0));
#4040=VECTOR('',#4039,1.084290410935E0);
#4041=CARTESIAN_POINT('',(8.65E-1,-3.759290410935E0,-2.E0));
#4042=LINE('',#4041,#4040);
#4043=DIRECTION('',(0.E0,-1.E0,0.E0));
#4044=VECTOR('',#4043,2.5E-1);
#4045=CARTESIAN_POINT('',(4.05E-1,-2.425E0,-4.E-1));
#4046=LINE('',#4045,#4044);
#4047=DIRECTION('',(1.E0,0.E0,0.E0));
#4048=VECTOR('',#4047,4.6E-1);
#4049=CARTESIAN_POINT('',(4.05E-1,-4.168203909580E0,-1.702088975989E-2));
#4050=LINE('',#4049,#4048);
#4051=DIRECTION('',(0.E0,9.994895628512E-1,-3.194704605204E-2));
#4052=VECTOR('',#4051,5.570804449744E-1);
#4053=CARTESIAN_POINT('',(4.05E-1,-4.725E0,7.761848703907E-4));
#4054=LINE('',#4053,#4052);
#4055=DIRECTION('',(1.E0,0.E0,0.E0));
#4056=VECTOR('',#4055,4.6E-1);
#4057=CARTESIAN_POINT('',(4.05E-1,-4.725E0,7.761848703907E-4));
#4058=LINE('',#4057,#4056);
#4059=DIRECTION('',(0.E0,9.994895628512E-1,-3.194704605204E-2));
#4060=VECTOR('',#4059,5.570804449744E-1);
#4061=CARTESIAN_POINT('',(8.65E-1,-4.725E0,7.761848703907E-4));
#4062=LINE('',#4061,#4060);
#4063=CARTESIAN_POINT('',(8.65E-1,-4.171398614185E0,-1.169698460450E-1));
#4064=DIRECTION('',(1.E0,0.E0,0.E0));
#4065=DIRECTION('',(0.E0,7.050148331501E-1,7.091925585046E-1));
#4066=AXIS2_PLACEMENT_3D('',#4063,#4064,#4065);
#4068=DIRECTION('',(0.E0,3.194704605204E-2,9.994895628512E-1));
#4069=VECTOR('',#4068,2.5E-1);
#4070=CARTESIAN_POINT('',(8.65E-1,-4.725E0,7.761848703907E-4));
#4071=LINE('',#4070,#4069);
#4072=DIRECTION('',(1.E0,0.E0,0.E0));
#4073=VECTOR('',#4072,4.6E-1);
#4074=CARTESIAN_POINT('',(4.05E-1,-4.160217148067E0,2.328515009529E-1));
#4075=LINE('',#4074,#4073);
#4076=DIRECTION('',(0.E0,9.994895628512E-1,-3.194704605204E-2));
#4077=VECTOR('',#4076,5.570804449744E-1);
#4078=CARTESIAN_POINT('',(8.65E-1,-4.717013238487E0,2.506485755832E-1));
#4079=LINE('',#4078,#4077);
#4080=DIRECTION('',(1.E0,0.E0,0.E0));
#4081=VECTOR('',#4080,4.6E-1);
#4082=CARTESIAN_POINT('',(4.05E-1,-4.717013238487E0,2.506485755832E-1));
#4083=LINE('',#4082,#4081);
#4084=DIRECTION('',(0.E0,9.994895628512E-1,-3.194704605204E-2));
#4085=VECTOR('',#4084,5.570804449744E-1);
#4086=CARTESIAN_POINT('',(4.05E-1,-4.717013238487E0,2.506485755832E-1));
#4087=LINE('',#4086,#4085);
#4088=CARTESIAN_POINT('',(4.05E-1,-3.759290410935E0,-1.75E0));
#4089=CARTESIAN_POINT('',(4.05E-1,-2.675E0,-1.75E0));
#4090=VERTEX_POINT('',#4088);
#4091=VERTEX_POINT('',#4089);
#4092=CARTESIAN_POINT('',(8.65E-1,-3.759290410935E0,-1.75E0));
#4093=CARTESIAN_POINT('',(8.65E-1,-2.675E0,-1.75E0));
#4094=VERTEX_POINT('',#4092);
#4095=VERTEX_POINT('',#4093);
#4096=CARTESIAN_POINT('',(8.65E-1,-2.425E0,-8.E-1));
#4097=CARTESIAN_POINT('',(8.65E-1,-2.425E0,-4.E-1));
#4098=VERTEX_POINT('',#4096);
#4099=VERTEX_POINT('',#4097);
#4100=CARTESIAN_POINT('',(4.05E-1,-2.425E0,-4.E-1));
#4101=CARTESIAN_POINT('',(4.05E-1,-2.425E0,-8.E-1));
#4102=VERTEX_POINT('',#4100);
#4103=VERTEX_POINT('',#4101);
#4104=CARTESIAN_POINT('',(8.65E-1,-2.675E0,-8.E-1));
#4105=CARTESIAN_POINT('',(8.65E-1,-2.675E0,-4.E-1));
#4106=VERTEX_POINT('',#4104);
#4107=VERTEX_POINT('',#4105);
#4108=CARTESIAN_POINT('',(4.05E-1,-2.675E0,-4.E-1));
#4109=CARTESIAN_POINT('',(4.05E-1,-2.675E0,-8.E-1));
#4110=VERTEX_POINT('',#4108);
#4111=VERTEX_POINT('',#4109);
#4112=CARTESIAN_POINT('',(8.65E-1,-2.595E0,-1.E-1));
#4113=CARTESIAN_POINT('',(8.65E-1,-2.675E0,-1.8E-1));
#4114=VERTEX_POINT('',#4112);
#4115=VERTEX_POINT('',#4113);
#4116=CARTESIAN_POINT('',(4.05E-1,-2.675E0,-1.8E-1));
#4117=VERTEX_POINT('',#4116);
#4118=CARTESIAN_POINT('',(4.05E-1,-2.595E0,-1.E-1));
#4119=VERTEX_POINT('',#4118);
#4120=CARTESIAN_POINT('',(4.05E-1,-2.505E0,-1.E-1));
#4121=CARTESIAN_POINT('',(4.05E-1,-2.425E0,-1.8E-1));
#4122=VERTEX_POINT('',#4120);
#4123=VERTEX_POINT('',#4121);
#4124=CARTESIAN_POINT('',(8.65E-1,-2.425E0,-1.8E-1));
#4125=VERTEX_POINT('',#4124);
#4126=CARTESIAN_POINT('',(8.65E-1,-2.505E0,-1.E-1));
#4127=VERTEX_POINT('',#4126);
#4128=CARTESIAN_POINT('',(4.05E-1,-2.425E0,-1.75E0));
#4129=CARTESIAN_POINT('',(4.05E-1,-2.498223304703E0,-1.926776695297E0));
#4130=VERTEX_POINT('',#4128);
#4131=VERTEX_POINT('',#4129);
#4132=CARTESIAN_POINT('',(4.05E-1,-2.675E0,-2.E0));
#4133=VERTEX_POINT('',#4132);
#4134=CARTESIAN_POINT('',(8.65E-1,-2.675E0,-2.E0));
#4135=VERTEX_POINT('',#4134);
#4136=CARTESIAN_POINT('',(8.65E-1,-2.498223304703E0,-1.926776695297E0));
#4137=VERTEX_POINT('',#4136);
#4138=CARTESIAN_POINT('',(8.65E-1,-2.425E0,-1.75E0));
#4139=VERTEX_POINT('',#4138);
#4140=CARTESIAN_POINT('',(4.05E-1,-3.759290410935E0,-2.E0));
#4141=CARTESIAN_POINT('',(4.05E-1,-3.932689188793E0,-1.930091265300E0));
#4142=VERTEX_POINT('',#4140);
#4143=VERTEX_POINT('',#4141);
#4144=CARTESIAN_POINT('',(4.05E-1,-4.009111253383E0,-1.759462910699E0));
#4145=VERTEX_POINT('',#4144);
#4146=CARTESIAN_POINT('',(8.65E-1,-4.009111253383E0,-1.759462910699E0));
#4147=VERTEX_POINT('',#4146);
#4148=CARTESIAN_POINT('',(8.65E-1,-3.932689188793E0,-1.930091265300E0));
#4149=VERTEX_POINT('',#4148);
#4150=CARTESIAN_POINT('',(8.65E-1,-3.759290410935E0,-2.E0));
#4151=VERTEX_POINT('',#4150);
#4152=CARTESIAN_POINT('',(4.05E-1,-4.725E0,7.761848703907E-4));
#4153=CARTESIAN_POINT('',(8.65E-1,-4.725E0,7.761848703907E-4));
#4154=VERTEX_POINT('',#4152);
#4155=VERTEX_POINT('',#4153);
#4156=CARTESIAN_POINT('',(4.05E-1,-4.717013238487E0,2.506485755832E-1));
#4157=CARTESIAN_POINT('',(8.65E-1,-4.717013238487E0,2.506485755832E-1));
#4158=VERTEX_POINT('',#4156);
#4159=VERTEX_POINT('',#4157);
#4160=CARTESIAN_POINT('',(4.05E-1,-4.071470277206E0,-1.131846817655E-1));
#4161=CARTESIAN_POINT('',(8.65E-1,-4.071470277206E0,-1.131846817655E-1));
#4162=VERTEX_POINT('',#4160);
#4163=VERTEX_POINT('',#4161);
#4164=CARTESIAN_POINT('',(4.05E-1,-4.168203909580E0,-1.702088975989E-2));
#4165=CARTESIAN_POINT('',(8.65E-1,-4.168203909580E0,-1.702088975989E-2));
#4166=VERTEX_POINT('',#4164);
#4167=VERTEX_POINT('',#4165);
#4168=CARTESIAN_POINT('',(4.05E-1,-4.100897130870E0,-4.605059019455E-2));
#4169=CARTESIAN_POINT('',(4.05E-1,-4.075E0,-2.E-2));
#4170=VERTEX_POINT('',#4168);
#4171=VERTEX_POINT('',#4169);
#4172=CARTESIAN_POINT('',(8.65E-1,-4.100897130870E0,-4.605059019455E-2));
#4173=CARTESIAN_POINT('',(8.65E-1,-4.075E0,-2.E-2));
#4174=VERTEX_POINT('',#4172);
#4175=VERTEX_POINT('',#4173);
#4176=CARTESIAN_POINT('',(8.65E-1,-3.821649434758E0,-1.037217710667E-1));
#4177=CARTESIAN_POINT('',(8.65E-1,-3.924643422582E0,1.312475494316E-1));
#4178=VERTEX_POINT('',#4176);
#4179=VERTEX_POINT('',#4177);
#4180=CARTESIAN_POINT('',(8.65E-1,-4.160217148067E0,2.328515009529E-1));
#4181=VERTEX_POINT('',#4180);
#4182=CARTESIAN_POINT('',(4.05E-1,-4.160217148067E0,2.328515009529E-1));
#4183=VERTEX_POINT('',#4182);
#4184=CARTESIAN_POINT('',(4.05E-1,-3.924643422582E0,1.312475494316E-1));
#4185=VERTEX_POINT('',#4184);
#4186=CARTESIAN_POINT('',(4.05E-1,-3.821649434758E0,-1.037217710667E-1));
#4187=VERTEX_POINT('',#4186);
#4188=CARTESIAN_POINT('',(0.E0,-4.721006619243E0,1.257123802268E-1));
#4189=DIRECTION('',(0.E0,9.994895628512E-1,-3.194704605204E-2));
#4190=DIRECTION('',(1.E0,0.E0,0.E0));
#4191=AXIS2_PLACEMENT_3D('',#4188,#4189,#4190);
#4192=PLANE('',#4191);
#4194=ORIENTED_EDGE('',*,*,#4193,.T.);
#4196=ORIENTED_EDGE('',*,*,#4195,.T.);
#4198=ORIENTED_EDGE('',*,*,#4197,.F.);
#4200=ORIENTED_EDGE('',*,*,#4199,.F.);
#4201=EDGE_LOOP('',(#4194,#4196,#4198,#4200));
#4202=FACE_OUTER_BOUND('',#4201,.F.);
#4203=ADVANCED_FACE('',(#4202),#4192,.F.);
#4204=CARTESIAN_POINT('',(4.05E-1,-4.337754175756E0,1.134623438915E-1));
#4205=DIRECTION('',(-1.E0,0.E0,0.E0));
#4206=DIRECTION('',(0.E0,9.994895628512E-1,-3.194704605204E-2));
#4207=AXIS2_PLACEMENT_3D('',#4204,#4205,#4206);
#4208=PLANE('',#4207);
#4210=ORIENTED_EDGE('',*,*,#4209,.F.);
#4212=ORIENTED_EDGE('',*,*,#4211,.F.);
#4213=ORIENTED_EDGE('',*,*,#4193,.F.);
#4215=ORIENTED_EDGE('',*,*,#4214,.T.);
#4217=ORIENTED_EDGE('',*,*,#4216,.F.);
#4219=ORIENTED_EDGE('',*,*,#4218,.T.);
#4221=ORIENTED_EDGE('',*,*,#4220,.T.);
#4222=EDGE_LOOP('',(#4210,#4212,#4213,#4215,#4217,#4219,#4221));
#4223=FACE_OUTER_BOUND('',#4222,.F.);
#4224=ADVANCED_FACE('',(#4223),#4208,.T.);
#4225=CARTESIAN_POINT('',(-1.686366E1,-4.171398614185E0,-1.169698460450E-1));
#4226=DIRECTION('',(1.E0,0.E0,0.E0));
#4227=DIRECTION('',(0.E0,9.992833697894E-1,3.785164279505E-2));
#4228=AXIS2_PLACEMENT_3D('',#4225,#4226,#4227);
#4229=CYLINDRICAL_SURFACE('',#4228,3.5E-1);
#4231=ORIENTED_EDGE('',*,*,#4230,.T.);
#4233=ORIENTED_EDGE('',*,*,#4232,.T.);
#4235=ORIENTED_EDGE('',*,*,#4234,.F.);
#4236=ORIENTED_EDGE('',*,*,#4209,.T.);
#4238=ORIENTED_EDGE('',*,*,#4237,.T.);
#4240=ORIENTED_EDGE('',*,*,#4239,.T.);
#4241=EDGE_LOOP('',(#4231,#4233,#4235,#4236,#4238,#4240));
#4242=FACE_OUTER_BOUND('',#4241,.F.);
#4243=ADVANCED_FACE('',(#4242),#4229,.T.);
#4244=CARTESIAN_POINT('',(8.65E-1,-3.917073468868E0,-8.868938462219E-1));
#4245=DIRECTION('',(-1.E0,0.E0,0.E0));
#4246=DIRECTION('',(0.E0,3.785164279505E-2,-9.992833697894E-1));
#4247=AXIS2_PLACEMENT_3D('',#4244,#4245,#4246);
#4248=PLANE('',#4247);
#4249=ORIENTED_EDGE('',*,*,#4230,.F.);
#4251=ORIENTED_EDGE('',*,*,#4250,.T.);
#4253=ORIENTED_EDGE('',*,*,#4252,.F.);
#4255=ORIENTED_EDGE('',*,*,#4254,.F.);
#4257=ORIENTED_EDGE('',*,*,#4256,.F.);
#4259=ORIENTED_EDGE('',*,*,#4258,.F.);
#4261=ORIENTED_EDGE('',*,*,#4260,.T.);
#4263=ORIENTED_EDGE('',*,*,#4262,.T.);
#4264=EDGE_LOOP('',(#4249,#4251,#4253,#4255,#4257,#4259,#4261,#4263));
#4265=FACE_OUTER_BOUND('',#4264,.F.);
#4266=ADVANCED_FACE('',(#4265),#4248,.F.);
#4267=CARTESIAN_POINT('',(-4.675E0,-3.825179157553E0,-1.053708930124E-2));
#4268=DIRECTION('',(0.E0,-9.992833697894E-1,-3.785164279505E-2));
#4269=DIRECTION('',(0.E0,3.785164279505E-2,-9.992833697894E-1));
#4270=AXIS2_PLACEMENT_3D('',#4267,#4268,#4269);
#4271=PLANE('',#4270);
#4272=ORIENTED_EDGE('',*,*,#4239,.F.);
#4274=ORIENTED_EDGE('',*,*,#4273,.T.);
#4276=ORIENTED_EDGE('',*,*,#4275,.T.);
#4277=ORIENTED_EDGE('',*,*,#4250,.F.);
#4278=EDGE_LOOP('',(#4272,#4274,#4276,#4277));
#4279=FACE_OUTER_BOUND('',#4278,.F.);
#4280=ADVANCED_FACE('',(#4279),#4271,.F.);
#4281=CARTESIAN_POINT('',(4.05E-1,-3.917073468868E0,-8.868938462219E-1));
#4282=DIRECTION('',(-1.E0,0.E0,0.E0));
#4283=DIRECTION('',(0.E0,3.785164279505E-2,-9.992833697894E-1));
#4284=AXIS2_PLACEMENT_3D('',#4281,#4282,#4283);
#4285=PLANE('',#4284);
#4286=ORIENTED_EDGE('',*,*,#4237,.F.);
#4287=ORIENTED_EDGE('',*,*,#4220,.F.);
#4288=ORIENTED_EDGE('',*,*,#4218,.F.);
#4290=ORIENTED_EDGE('',*,*,#4289,.F.);
#4292=ORIENTED_EDGE('',*,*,#4291,.T.);
#4294=ORIENTED_EDGE('',*,*,#4293,.F.);
#4296=ORIENTED_EDGE('',*,*,#4295,.T.);
#4297=ORIENTED_EDGE('',*,*,#4273,.F.);
#4298=EDGE_LOOP('',(#4286,#4287,#4288,#4290,#4292,#4294,#4296,#4297));
#4299=FACE_OUTER_BOUND('',#4298,.F.);
#4300=ADVANCED_FACE('',(#4299),#4285,.T.);
#4301=CARTESIAN_POINT('',(-1.686366E1,-4.171398614185E0,-1.169698460450E-1));
#4302=DIRECTION('',(1.E0,0.E0,0.E0));
#4303=DIRECTION('',(0.E0,9.992833697894E-1,3.785164279505E-2));
#4304=AXIS2_PLACEMENT_3D('',#4301,#4302,#4303);
#4305=CYLINDRICAL_SURFACE('',#4304,1.E-1);
#4307=ORIENTED_EDGE('',*,*,#4306,.F.);
#4308=ORIENTED_EDGE('',*,*,#4289,.T.);
#4309=ORIENTED_EDGE('',*,*,#4216,.T.);
#4311=ORIENTED_EDGE('',*,*,#4310,.T.);
#4313=ORIENTED_EDGE('',*,*,#4312,.T.);
#4314=ORIENTED_EDGE('',*,*,#4258,.T.);
#4315=EDGE_LOOP('',(#4307,#4308,#4309,#4311,#4313,#4314));
#4316=FACE_OUTER_BOUND('',#4315,.F.);
#4317=ADVANCED_FACE('',(#4316),#4305,.F.);
#4318=CARTESIAN_POINT('',(-4.675E0,-4.075E0,-2.E-2));
#4319=DIRECTION('',(0.E0,-9.992833697894E-1,-3.785164279505E-2));
#4320=DIRECTION('',(0.E0,3.785164279505E-2,-9.992833697894E-1));
#4321=AXIS2_PLACEMENT_3D('',#4318,#4319,#4320);
#4322=PLANE('',#4321);
#4323=ORIENTED_EDGE('',*,*,#4306,.T.);
#4324=ORIENTED_EDGE('',*,*,#4256,.T.);
#4326=ORIENTED_EDGE('',*,*,#4325,.T.);
#4327=ORIENTED_EDGE('',*,*,#4291,.F.);
#4328=EDGE_LOOP('',(#4323,#4324,#4326,#4327));
#4329=FACE_OUTER_BOUND('',#4328,.F.);
#4330=ADVANCED_FACE('',(#4329),#4322,.T.);
#4331=CARTESIAN_POINT('',(1.686366E1,-3.759290410935E0,-1.75E0));
#4332=DIRECTION('',(-1.E0,0.E0,0.E0));
#4333=DIRECTION('',(0.E0,0.E0,-1.E0));
#4334=AXIS2_PLACEMENT_3D('',#4331,#4332,#4333);
#4335=CYLINDRICAL_SURFACE('',#4334,2.5E-1);
#4337=ORIENTED_EDGE('',*,*,#4336,.T.);
#4338=ORIENTED_EDGE('',*,*,#4293,.T.);
#4339=ORIENTED_EDGE('',*,*,#4325,.F.);
#4340=ORIENTED_EDGE('',*,*,#4254,.T.);
#4342=ORIENTED_EDGE('',*,*,#4341,.T.);
#4344=ORIENTED_EDGE('',*,*,#4343,.T.);
#4345=EDGE_LOOP('',(#4337,#4338,#4339,#4340,#4342,#4344));
#4346=FACE_OUTER_BOUND('',#4345,.F.);
#4347=ADVANCED_FACE('',(#4346),#4335,.T.);
#4348=CARTESIAN_POINT('',(4.05E-1,-3.214822602734E0,-1.875E0));
#4349=DIRECTION('',(-1.E0,0.E0,0.E0));
#4350=DIRECTION('',(0.E0,1.E0,0.E0));
#4351=AXIS2_PLACEMENT_3D('',#4348,#4349,#4350);
#4352=PLANE('',#4351);
#4354=ORIENTED_EDGE('',*,*,#4353,.F.);
#4356=ORIENTED_EDGE('',*,*,#4355,.T.);
#4358=ORIENTED_EDGE('',*,*,#4357,.F.);
#4359=ORIENTED_EDGE('',*,*,#4295,.F.);
#4360=ORIENTED_EDGE('',*,*,#4336,.F.);
#4362=ORIENTED_EDGE('',*,*,#4361,.T.);
#4363=EDGE_LOOP('',(#4354,#4356,#4358,#4359,#4360,#4362));
#4364=FACE_OUTER_BOUND('',#4363,.F.);
#4365=ADVANCED_FACE('',(#4364),#4352,.T.);
#4366=CARTESIAN_POINT('',(1.686366E1,-2.675E0,-1.75E0));
#4367=DIRECTION('',(-1.E0,0.E0,0.E0));
#4368=DIRECTION('',(0.E0,1.E0,0.E0));
#4369=AXIS2_PLACEMENT_3D('',#4366,#4367,#4368);
#4370=CYLINDRICAL_SURFACE('',#4369,2.5E-1);
#4372=ORIENTED_EDGE('',*,*,#4371,.T.);
#4373=ORIENTED_EDGE('',*,*,#4353,.T.);
#4375=ORIENTED_EDGE('',*,*,#4374,.F.);
#4377=ORIENTED_EDGE('',*,*,#4376,.T.);
#4379=ORIENTED_EDGE('',*,*,#4378,.T.);
#4381=ORIENTED_EDGE('',*,*,#4380,.T.);
#4382=EDGE_LOOP('',(#4372,#4373,#4375,#4377,#4379,#4381));
#4383=FACE_OUTER_BOUND('',#4382,.F.);
#4384=ADVANCED_FACE('',(#4383),#4370,.T.);
#4385=CARTESIAN_POINT('',(4.05E-1,-2.55E0,-9.875E-1));
#4386=DIRECTION('',(-1.E0,0.E0,0.E0));
#4387=DIRECTION('',(0.E0,0.E0,1.E0));
#4388=AXIS2_PLACEMENT_3D('',#4385,#4386,#4387);
#4389=PLANE('',#4388);
#4391=ORIENTED_EDGE('',*,*,#4390,.F.);
#4393=ORIENTED_EDGE('',*,*,#4392,.F.);
#4395=ORIENTED_EDGE('',*,*,#4394,.F.);
#4397=ORIENTED_EDGE('',*,*,#4396,.T.);
#4399=ORIENTED_EDGE('',*,*,#4398,.F.);
#4401=ORIENTED_EDGE('',*,*,#4400,.T.);
#4402=EDGE_LOOP('',(#4391,#4393,#4395,#4397,#4399,#4401));
#4403=FACE_OUTER_BOUND('',#4402,.F.);
#4404=ADVANCED_FACE('',(#4403),#4389,.T.);
#4405=CARTESIAN_POINT('',(4.05E-1,-2.55E0,-9.875E-1));
#4406=DIRECTION('',(-1.E0,0.E0,0.E0));
#4407=DIRECTION('',(0.E0,0.E0,1.E0));
#4408=AXIS2_PLACEMENT_3D('',#4405,#4406,#4407);
#4409=PLANE('',#4408);
#4410=ORIENTED_EDGE('',*,*,#4371,.F.);
#4412=ORIENTED_EDGE('',*,*,#4411,.T.);
#4414=ORIENTED_EDGE('',*,*,#4413,.T.);
#4416=ORIENTED_EDGE('',*,*,#4415,.F.);
#4417=ORIENTED_EDGE('',*,*,#4355,.F.);
#4418=EDGE_LOOP('',(#4410,#4412,#4414,#4416,#4417));
#4419=FACE_OUTER_BOUND('',#4418,.F.);
#4420=ADVANCED_FACE('',(#4419),#4409,.T.);
#4421=CARTESIAN_POINT('',(6.35E-1,-2.635E0,-1.4E-1));
#4422=DIRECTION('',(0.E0,-7.071067811865E-1,7.071067811865E-1));
#4423=DIRECTION('',(0.E0,-7.071067811865E-1,-7.071067811865E-1));
#4424=AXIS2_PLACEMENT_3D('',#4421,#4422,#4423);
#4425=PLANE('',#4424);
#4427=ORIENTED_EDGE('',*,*,#4426,.T.);
#4429=ORIENTED_EDGE('',*,*,#4428,.F.);
#4430=ORIENTED_EDGE('',*,*,#4390,.T.);
#4432=ORIENTED_EDGE('',*,*,#4431,.T.);
#4433=EDGE_LOOP('',(#4427,#4429,#4430,#4432));
#4434=FACE_OUTER_BOUND('',#4433,.F.);
#4435=ADVANCED_FACE('',(#4434),#4425,.T.);
#4436=CARTESIAN_POINT('',(8.65E-1,-2.55E0,-9.875E-1));
#4437=DIRECTION('',(-1.E0,0.E0,0.E0));
#4438=DIRECTION('',(0.E0,0.E0,1.E0));
#4439=AXIS2_PLACEMENT_3D('',#4436,#4437,#4438);
#4440=PLANE('',#4439);
#4441=ORIENTED_EDGE('',*,*,#4426,.F.);
#4443=ORIENTED_EDGE('',*,*,#4442,.F.);
#4445=ORIENTED_EDGE('',*,*,#4444,.F.);
#4447=ORIENTED_EDGE('',*,*,#4446,.F.);
#4449=ORIENTED_EDGE('',*,*,#4448,.T.);
#4451=ORIENTED_EDGE('',*,*,#4450,.T.);
#4452=EDGE_LOOP('',(#4441,#4443,#4445,#4447,#4449,#4451));
#4453=FACE_OUTER_BOUND('',#4452,.F.);
#4454=ADVANCED_FACE('',(#4453),#4440,.F.);
#4455=CARTESIAN_POINT('',(8.65E-1,-2.55E0,-9.875E-1));
#4456=DIRECTION('',(-1.E0,0.E0,0.E0));
#4457=DIRECTION('',(0.E0,0.E0,1.E0));
#4458=AXIS2_PLACEMENT_3D('',#4455,#4456,#4457);
#4459=PLANE('',#4458);
#4460=ORIENTED_EDGE('',*,*,#4378,.F.);
#4462=ORIENTED_EDGE('',*,*,#4461,.T.);
#4464=ORIENTED_EDGE('',*,*,#4463,.T.);
#4466=ORIENTED_EDGE('',*,*,#4465,.F.);
#4468=ORIENTED_EDGE('',*,*,#4467,.F.);
#4469=EDGE_LOOP('',(#4460,#4462,#4464,#4466,#4468));
#4470=FACE_OUTER_BOUND('',#4469,.F.);
#4471=ADVANCED_FACE('',(#4470),#4459,.F.);
#4472=CARTESIAN_POINT('',(0.E0,-2.55E0,-1.E-1));
#4473=DIRECTION('',(0.E0,0.E0,1.E0));
#4474=DIRECTION('',(1.E0,0.E0,0.E0));
#4475=AXIS2_PLACEMENT_3D('',#4472,#4473,#4474);
#4476=PLANE('',#4475);
#4477=ORIENTED_EDGE('',*,*,#4431,.F.);
#4478=ORIENTED_EDGE('',*,*,#4400,.F.);
#4480=ORIENTED_EDGE('',*,*,#4479,.F.);
#4481=ORIENTED_EDGE('',*,*,#4442,.T.);
#4482=EDGE_LOOP('',(#4477,#4478,#4480,#4481));
#4483=FACE_OUTER_BOUND('',#4482,.F.);
#4484=ADVANCED_FACE('',(#4483),#4476,.T.);
#4485=CARTESIAN_POINT('',(6.35E-1,-2.465E0,-1.4E-1));
#4486=DIRECTION('',(0.E0,7.071067811865E-1,7.071067811865E-1));
#4487=DIRECTION('',(0.E0,7.071067811865E-1,-7.071067811865E-1));
#4488=AXIS2_PLACEMENT_3D('',#4485,#4486,#4487);
#4489=PLANE('',#4488);
#4490=ORIENTED_EDGE('',*,*,#4398,.T.);
#4492=ORIENTED_EDGE('',*,*,#4491,.F.);
#4493=ORIENTED_EDGE('',*,*,#4444,.T.);
#4494=ORIENTED_EDGE('',*,*,#4479,.T.);
#4495=EDGE_LOOP('',(#4490,#4492,#4493,#4494));
#4496=FACE_OUTER_BOUND('',#4495,.F.);
#4497=ADVANCED_FACE('',(#4496),#4489,.T.);
#4498=CARTESIAN_POINT('',(-4.675E0,-2.425E0,-2.E0));
#4499=DIRECTION('',(0.E0,1.E0,0.E0));
#4500=DIRECTION('',(0.E0,0.E0,1.E0));
#4501=AXIS2_PLACEMENT_3D('',#4498,#4499,#4500);
#4502=PLANE('',#4501);
#4503=ORIENTED_EDGE('',*,*,#4380,.F.);
#4504=ORIENTED_EDGE('',*,*,#4467,.T.);
#4506=ORIENTED_EDGE('',*,*,#4505,.T.);
#4507=ORIENTED_EDGE('',*,*,#4446,.T.);
#4508=ORIENTED_EDGE('',*,*,#4491,.T.);
#4509=ORIENTED_EDGE('',*,*,#4396,.F.);
#4511=ORIENTED_EDGE('',*,*,#4510,.T.);
#4512=ORIENTED_EDGE('',*,*,#4411,.F.);
#4513=EDGE_LOOP('',(#4503,#4504,#4506,#4507,#4508,#4509,#4511,#4512));
#4514=FACE_OUTER_BOUND('',#4513,.F.);
#4515=ADVANCED_FACE('',(#4514),#4502,.T.);
#4516=CARTESIAN_POINT('',(1.015E0,-2.55E0,-6.E-1));
#4517=DIRECTION('',(0.E0,1.E0,0.E0));
#4518=DIRECTION('',(-6.E-1,0.E0,-8.E-1));
#4519=AXIS2_PLACEMENT_3D('',#4516,#4517,#4518);
#4520=CYLINDRICAL_SURFACE('',#4519,2.5E-1);
#4521=ORIENTED_EDGE('',*,*,#4505,.F.);
#4522=ORIENTED_EDGE('',*,*,#4465,.T.);
#4524=ORIENTED_EDGE('',*,*,#4523,.T.);
#4525=ORIENTED_EDGE('',*,*,#4448,.F.);
#4526=EDGE_LOOP('',(#4521,#4522,#4524,#4525));
#4527=FACE_OUTER_BOUND('',#4526,.F.);
#4528=ADVANCED_FACE('',(#4527),#4520,.F.);
#4529=CARTESIAN_POINT('',(-4.675E0,-2.675E0,-2.E0));
#4530=DIRECTION('',(0.E0,1.E0,0.E0));
#4531=DIRECTION('',(0.E0,0.E0,1.E0));
#4532=AXIS2_PLACEMENT_3D('',#4529,#4530,#4531);
#4533=PLANE('',#4532);
#4534=ORIENTED_EDGE('',*,*,#4428,.T.);
#4535=ORIENTED_EDGE('',*,*,#4450,.F.);
#4536=ORIENTED_EDGE('',*,*,#4523,.F.);
#4537=ORIENTED_EDGE('',*,*,#4463,.F.);
#4539=ORIENTED_EDGE('',*,*,#4538,.F.);
#4540=ORIENTED_EDGE('',*,*,#4415,.T.);
#4542=ORIENTED_EDGE('',*,*,#4541,.F.);
#4543=ORIENTED_EDGE('',*,*,#4392,.T.);
#4544=EDGE_LOOP('',(#4534,#4535,#4536,#4537,#4539,#4540,#4542,#4543));
#4545=FACE_OUTER_BOUND('',#4544,.F.);
#4546=ADVANCED_FACE('',(#4545),#4533,.F.);
#4547=CARTESIAN_POINT('',(-4.675E0,-4.E0,-1.75E0));
#4548=DIRECTION('',(0.E0,0.E0,-1.E0));
#4549=DIRECTION('',(0.E0,1.E0,0.E0));
#4550=AXIS2_PLACEMENT_3D('',#4547,#4548,#4549);
#4551=PLANE('',#4550);
#4552=ORIENTED_EDGE('',*,*,#4357,.T.);
#4553=ORIENTED_EDGE('',*,*,#4538,.T.);
#4555=ORIENTED_EDGE('',*,*,#4554,.F.);
#4556=ORIENTED_EDGE('',*,*,#4275,.F.);
#4557=EDGE_LOOP('',(#4552,#4553,#4555,#4556));
#4558=FACE_OUTER_BOUND('',#4557,.F.);
#4559=ADVANCED_FACE('',(#4558),#4551,.F.);
#4560=CARTESIAN_POINT('',(8.65E-1,-3.214822602734E0,-1.875E0));
#4561=DIRECTION('',(-1.E0,0.E0,0.E0));
#4562=DIRECTION('',(0.E0,1.E0,0.E0));
#4563=AXIS2_PLACEMENT_3D('',#4560,#4561,#4562);
#4564=PLANE('',#4563);
#4565=ORIENTED_EDGE('',*,*,#4376,.F.);
#4567=ORIENTED_EDGE('',*,*,#4566,.F.);
#4568=ORIENTED_EDGE('',*,*,#4341,.F.);
#4569=ORIENTED_EDGE('',*,*,#4252,.T.);
#4570=ORIENTED_EDGE('',*,*,#4554,.T.);
#4571=ORIENTED_EDGE('',*,*,#4461,.F.);
#4572=EDGE_LOOP('',(#4565,#4567,#4568,#4569,#4570,#4571));
#4573=FACE_OUTER_BOUND('',#4572,.F.);
#4574=ADVANCED_FACE('',(#4573),#4564,.F.);
#4575=CARTESIAN_POINT('',(-4.675E0,-4.E0,-2.E0));
#4576=DIRECTION('',(0.E0,0.E0,-1.E0));
#4577=DIRECTION('',(0.E0,1.E0,0.E0));
#4578=AXIS2_PLACEMENT_3D('',#4575,#4576,#4577);
#4579=PLANE('',#4578);
#4580=ORIENTED_EDGE('',*,*,#4374,.T.);
#4581=ORIENTED_EDGE('',*,*,#4361,.F.);
#4582=ORIENTED_EDGE('',*,*,#4343,.F.);
#4583=ORIENTED_EDGE('',*,*,#4566,.T.);
#4584=EDGE_LOOP('',(#4580,#4581,#4582,#4583));
#4585=FACE_OUTER_BOUND('',#4584,.F.);
#4586=ADVANCED_FACE('',(#4585),#4579,.T.);
#4587=CARTESIAN_POINT('',(2.55E-1,-2.55E0,-6.E-1));
#4588=DIRECTION('',(0.E0,1.E0,0.E0));
#4589=DIRECTION('',(6.E-1,0.E0,8.E-1));
#4590=AXIS2_PLACEMENT_3D('',#4587,#4588,#4589);
#4591=CYLINDRICAL_SURFACE('',#4590,2.5E-1);
#4592=ORIENTED_EDGE('',*,*,#4510,.F.);
#4593=ORIENTED_EDGE('',*,*,#4394,.T.);
#4594=ORIENTED_EDGE('',*,*,#4541,.T.);
#4595=ORIENTED_EDGE('',*,*,#4413,.F.);
#4596=EDGE_LOOP('',(#4592,#4593,#4594,#4595));
#4597=FACE_OUTER_BOUND('',#4596,.F.);
#4598=ADVANCED_FACE('',(#4597),#4591,.F.);
#4599=CARTESIAN_POINT('',(-4.675E0,-4.725E0,7.761848703908E-4));
#4600=DIRECTION('',(0.E0,-3.194704605204E-2,-9.994895628512E-1));
#4601=DIRECTION('',(0.E0,9.994895628512E-1,-3.194704605204E-2));
#4602=AXIS2_PLACEMENT_3D('',#4599,#4600,#4601);
#4603=PLANE('',#4602);
#4604=ORIENTED_EDGE('',*,*,#4310,.F.);
#4605=ORIENTED_EDGE('',*,*,#4214,.F.);
#4606=ORIENTED_EDGE('',*,*,#4199,.T.);
#4608=ORIENTED_EDGE('',*,*,#4607,.T.);
#4609=EDGE_LOOP('',(#4604,#4605,#4606,#4608));
#4610=FACE_OUTER_BOUND('',#4609,.F.);
#4611=ADVANCED_FACE('',(#4610),#4603,.T.);
#4612=CARTESIAN_POINT('',(8.65E-1,-4.337754175756E0,1.134623438915E-1));
#4613=DIRECTION('',(-1.E0,0.E0,0.E0));
#4614=DIRECTION('',(0.E0,9.994895628512E-1,-3.194704605204E-2));
#4615=AXIS2_PLACEMENT_3D('',#4612,#4613,#4614);
#4616=PLANE('',#4615);
#4617=ORIENTED_EDGE('',*,*,#4232,.F.);
#4618=ORIENTED_EDGE('',*,*,#4262,.F.);
#4619=ORIENTED_EDGE('',*,*,#4260,.F.);
#4620=ORIENTED_EDGE('',*,*,#4312,.F.);
#4621=ORIENTED_EDGE('',*,*,#4607,.F.);
#4622=ORIENTED_EDGE('',*,*,#4197,.T.);
#4624=ORIENTED_EDGE('',*,*,#4623,.T.);
#4625=EDGE_LOOP('',(#4617,#4618,#4619,#4620,#4621,#4622,#4624));
#4626=FACE_OUTER_BOUND('',#4625,.F.);
#4627=ADVANCED_FACE('',(#4626),#4616,.F.);
#4628=CARTESIAN_POINT('',(-4.675E0,-4.717013238487E0,2.506485755832E-1));
#4629=DIRECTION('',(0.E0,-3.194704605204E-2,-9.994895628512E-1));
#4630=DIRECTION('',(0.E0,9.994895628512E-1,-3.194704605204E-2));
#4631=AXIS2_PLACEMENT_3D('',#4628,#4629,#4630);
#4632=PLANE('',#4631);
#4633=ORIENTED_EDGE('',*,*,#4234,.T.);
#4634=ORIENTED_EDGE('',*,*,#4623,.F.);
#4635=ORIENTED_EDGE('',*,*,#4195,.F.);
#4636=ORIENTED_EDGE('',*,*,#4211,.T.);
#4637=EDGE_LOOP('',(#4633,#4634,#4635,#4636));
#4638=FACE_OUTER_BOUND('',#4637,.F.);
#4639=ADVANCED_FACE('',(#4638),#4632,.F.);
#4640=CLOSED_SHELL('',(#4203,#4224,#4243,#4266,#4280,#4300,#4317,#4330,#4347,
#4365,#4384,#4404,#4420,#4435,#4454,#4471,#4484,#4497,#4515,#4528,#4546,#4559,
#4574,#4586,#4598,#4611,#4627,#4639));
#4641=MANIFOLD_SOLID_BREP('',#4640);
#4643=DIRECTION('',(0.E0,3.194704605204E-2,9.994895628512E-1));
#4644=VECTOR('',#4643,2.5E-1);
#4645=CARTESIAN_POINT('',(-8.65E-1,-4.725E0,7.761848703907E-4));
#4646=LINE('',#4645,#4644);
#4647=CARTESIAN_POINT('',(-8.65E-1,-4.171398614185E0,-1.169698460450E-1));
#4648=DIRECTION('',(-1.E0,0.E0,0.E0));
#4649=DIRECTION('',(0.E0,3.194704605204E-2,9.994895628512E-1));
#4650=AXIS2_PLACEMENT_3D('',#4647,#4648,#4649);
#4652=DIRECTION('',(0.E0,7.050148331501E-1,7.091925585047E-1));
#4653=VECTOR('',#4652,3.673274610986E-2);
#4654=CARTESIAN_POINT('',(-8.65E-1,-4.100897130870E0,-4.605059019455E-2));
#4655=LINE('',#4654,#4653);
#4656=DIRECTION('',(0.E0,7.050148331501E-1,7.091925585046E-1));
#4657=VECTOR('',#4656,2.132672538901E-1);
#4658=CARTESIAN_POINT('',(-8.65E-1,-4.075E0,-2.E-2));
#4659=LINE('',#4658,#4657);
#4660=CARTESIAN_POINT('',(-4.05E-1,-4.171398614185E0,-1.169698460450E-1));
#4661=DIRECTION('',(1.E0,0.E0,0.E0));
#4662=DIRECTION('',(0.E0,9.992833697894E-1,3.785164279506E-2));
#4663=AXIS2_PLACEMENT_3D('',#4660,#4661,#4662);
#4665=CARTESIAN_POINT('',(-4.05E-1,-3.759290410935E0,-1.75E0));
#4666=DIRECTION('',(1.E0,0.E0,0.E0));
#4667=DIRECTION('',(0.E0,-9.992833697894E-1,-3.785164279505E-2));
#4668=AXIS2_PLACEMENT_3D('',#4665,#4666,#4667);
#4670=DIRECTION('',(0.E0,7.050148331501E-1,7.091925585046E-1));
#4671=VECTOR('',#4670,3.673274610986E-2);
#4672=CARTESIAN_POINT('',(-4.05E-1,-4.100897130870E0,-4.605059019455E-2));
#4673=LINE('',#4672,#4671);
#4674=DIRECTION('',(0.E0,7.050148331501E-1,7.091925585046E-1));
#4675=VECTOR('',#4674,2.132672538901E-1);
#4676=CARTESIAN_POINT('',(-4.05E-1,-4.075E0,-2.E-2));
#4677=LINE('',#4676,#4675);
#4678=DIRECTION('',(1.E0,0.E0,0.E0));
#4679=VECTOR('',#4678,4.6E-1);
#4680=CARTESIAN_POINT('',(-8.65E-1,-3.821649434758E0,-1.037217710667E-1));
#4681=LINE('',#4680,#4679);
#4682=DIRECTION('',(0.E0,3.785164279505E-2,-9.992833697894E-1));
#4683=VECTOR('',#4682,1.647458847714E0);
#4684=CARTESIAN_POINT('',(-8.65E-1,-3.821649434758E0,-1.037217710667E-1));
#4685=LINE('',#4684,#4683);
#4686=DIRECTION('',(0.E0,3.785164279505E-2,-9.992833697894E-1));
#4687=VECTOR('',#4686,1.647458847714E0);
#4688=CARTESIAN_POINT('',(-4.05E-1,-3.821649434758E0,-1.037217710667E-1));
#4689=LINE('',#4688,#4687);
#4690=CARTESIAN_POINT('',(-8.65E-1,-4.171398614185E0,-1.169698460450E-1));
#4691=DIRECTION('',(-1.E0,0.E0,0.E0));
#4692=DIRECTION('',(0.E0,7.050148331501E-1,7.091925585046E-1));
#4693=AXIS2_PLACEMENT_3D('',#4690,#4691,#4692);
#4695=CARTESIAN_POINT('',(-8.65E-1,-3.759290410935E0,-1.75E0));
#4696=DIRECTION('',(-1.E0,0.E0,0.E0));
#4697=DIRECTION('',(0.E0,-6.935951114321E-1,-7.203650611999E-1));
#4698=AXIS2_PLACEMENT_3D('',#4695,#4696,#4697);
#4700=DIRECTION('',(0.E0,6.935951114321E-1,7.203650611999E-1));
#4701=VECTOR('',#4700,2.5E-1);
#4702=CARTESIAN_POINT('',(-8.65E-1,-3.932689188793E0,-1.930091265300E0));
#4703=LINE('',#4702,#4701);
#4704=CARTESIAN_POINT('',(-8.65E-1,-4.171398614185E0,-1.169698460450E-1));
#4705=DIRECTION('',(1.E0,0.E0,0.E0));
#4706=DIRECTION('',(0.E0,9.992833697894E-1,3.785164279506E-2));
#4707=AXIS2_PLACEMENT_3D('',#4704,#4705,#4706);
#4709=CARTESIAN_POINT('',(-8.65E-1,-4.171398614185E0,-1.169698460450E-1));
#4710=DIRECTION('',(1.E0,0.E0,0.E0));
#4711=DIRECTION('',(0.E0,7.050148331501E-1,7.091925585046E-1));
#4712=AXIS2_PLACEMENT_3D('',#4709,#4710,#4711);
#4714=CARTESIAN_POINT('',(-4.05E-1,-4.171398614185E0,-1.169698460450E-1));
#4715=DIRECTION('',(-1.E0,0.E0,0.E0));
#4716=DIRECTION('',(0.E0,3.194704605205E-2,9.994895628512E-1));
#4717=AXIS2_PLACEMENT_3D('',#4714,#4715,#4716);
#4719=CARTESIAN_POINT('',(-4.05E-1,-4.171398614185E0,-1.169698460450E-1));
#4720=DIRECTION('',(-1.E0,0.E0,0.E0));
#4721=DIRECTION('',(0.E0,7.050148331501E-1,7.091925585046E-1));
#4722=AXIS2_PLACEMENT_3D('',#4719,#4720,#4721);
#4724=DIRECTION('',(1.E0,0.E0,0.E0));
#4725=VECTOR('',#4724,4.6E-1);
#4726=CARTESIAN_POINT('',(-8.65E-1,-4.071470277206E0,-1.131846817655E-1));
#4727=LINE('',#4726,#4725);
#4728=DIRECTION('',(0.E0,3.785164279505E-2,-9.992833697894E-1));
#4729=VECTOR('',#4728,1.647458847714E0);
#4730=CARTESIAN_POINT('',(-4.05E-1,-4.071470277206E0,-1.131846817655E-1));
#4731=LINE('',#4730,#4729);
#4732=DIRECTION('',(-1.E0,0.E0,0.E0));
#4733=VECTOR('',#4732,4.6E-1);
#4734=CARTESIAN_POINT('',(-4.05E-1,-4.009111253383E0,-1.759462910699E0));
#4735=LINE('',#4734,#4733);
#4736=DIRECTION('',(0.E0,3.785164279505E-2,-9.992833697894E-1));
#4737=VECTOR('',#4736,1.647458847714E0);
#4738=CARTESIAN_POINT('',(-8.65E-1,-4.071470277206E0,-1.131846817655E-1));
#4739=LINE('',#4738,#4737);
#4740=CARTESIAN_POINT('',(-8.65E-1,-3.759290410935E0,-1.75E0));
#4741=DIRECTION('',(-1.E0,0.E0,0.E0));
#4742=DIRECTION('',(0.E0,0.E0,-1.E0));
#4743=AXIS2_PLACEMENT_3D('',#4740,#4741,#4742);
#4745=CARTESIAN_POINT('',(-8.65E-1,-2.675E0,-1.75E0));
#4746=DIRECTION('',(-1.E0,0.E0,0.E0));
#4747=DIRECTION('',(0.E0,7.071067811865E-1,-7.071067811865E-1));
#4748=AXIS2_PLACEMENT_3D('',#4745,#4746,#4747);
#4750=DIRECTION('',(0.E0,-7.071067811865E-1,7.071067811865E-1));
#4751=VECTOR('',#4750,2.5E-1);
#4752=CARTESIAN_POINT('',(-8.65E-1,-2.498223304703E0,-1.926776695297E0));
#4753=LINE('',#4752,#4751);
#4754=DIRECTION('',(-1.E0,0.E0,0.E0));
#4755=VECTOR('',#4754,4.6E-1);
#4756=CARTESIAN_POINT('',(-4.05E-1,-3.759290410935E0,-2.E0));
#4757=LINE('',#4756,#4755);
#4758=DIRECTION('',(0.E0,1.E0,0.E0));
#4759=VECTOR('',#4758,1.084290410935E0);
#4760=CARTESIAN_POINT('',(-4.05E-1,-3.759290410935E0,-2.E0));
#4761=LINE('',#4760,#4759);
#4762=DIRECTION('',(-1.E0,0.E0,0.E0));
#4763=VECTOR('',#4762,4.6E-1);
#4764=CARTESIAN_POINT('',(-4.05E-1,-2.675E0,-2.E0));
#4765=LINE('',#4764,#4763);
#4766=DIRECTION('',(0.E0,1.E0,0.E0));
#4767=VECTOR('',#4766,1.084290410935E0);
#4768=CARTESIAN_POINT('',(-8.65E-1,-3.759290410935E0,-2.E0));
#4769=LINE('',#4768,#4767);
#4770=CARTESIAN_POINT('',(-4.05E-1,-3.759290410935E0,-1.75E0));
#4771=DIRECTION('',(1.E0,0.E0,0.E0));
#4772=DIRECTION('',(0.E0,-6.935951114321E-1,-7.203650611999E-1));
#4773=AXIS2_PLACEMENT_3D('',#4770,#4771,#4772);
#4775=DIRECTION('',(0.E0,6.935951114321E-1,7.203650611999E-1));
#4776=VECTOR('',#4775,2.5E-1);
#4777=CARTESIAN_POINT('',(-4.05E-1,-3.932689188793E0,-1.930091265300E0));
#4778=LINE('',#4777,#4776);
#4779=CARTESIAN_POINT('',(-4.05E-1,-2.675E0,-1.75E0));
#4780=DIRECTION('',(1.E0,0.E0,0.E0));
#4781=DIRECTION('',(0.E0,0.E0,-1.E0));
#4782=AXIS2_PLACEMENT_3D('',#4779,#4780,#4781);
#4784=DIRECTION('',(0.E0,1.E0,0.E0));
#4785=VECTOR('',#4784,1.084290410935E0);
#4786=CARTESIAN_POINT('',(-4.05E-1,-3.759290410935E0,-1.75E0));
#4787=LINE('',#4786,#4785);
#4788=DIRECTION('',(1.E0,0.E0,0.E0));
#4789=VECTOR('',#4788,4.6E-1);
#4790=CARTESIAN_POINT('',(-8.65E-1,-3.759290410935E0,-1.75E0));
#4791=LINE('',#4790,#4789);
#4792=DIRECTION('',(0.E0,1.E0,0.E0));
#4793=VECTOR('',#4792,1.084290410935E0);
#4794=CARTESIAN_POINT('',(-8.65E-1,-3.759290410935E0,-1.75E0));
#4795=LINE('',#4794,#4793);
#4796=DIRECTION('',(1.E0,0.E0,0.E0));
#4797=VECTOR('',#4796,4.6E-1);
#4798=CARTESIAN_POINT('',(-8.65E-1,-2.675E0,-1.8E-1));
#4799=LINE('',#4798,#4797);
#4800=DIRECTION('',(0.E0,0.E0,1.E0));
#4801=VECTOR('',#4800,2.2E-1);
#4802=CARTESIAN_POINT('',(-4.05E-1,-2.675E0,-4.E-1));
#4803=LINE('',#4802,#4801);
#4804=CARTESIAN_POINT('',(-2.55E-1,-2.675E0,-6.E-1));
#4805=DIRECTION('',(0.E0,1.E0,0.E0));
#4806=DIRECTION('',(-6.E-1,0.E0,-8.E-1));
#4807=AXIS2_PLACEMENT_3D('',#4804,#4805,#4806);
#4809=DIRECTION('',(0.E0,0.E0,1.E0));
#4810=VECTOR('',#4809,9.5E-1);
#4811=CARTESIAN_POINT('',(-4.05E-1,-2.675E0,-1.75E0));
#4812=LINE('',#4811,#4810);
#4813=DIRECTION('',(1.E0,0.E0,0.E0));
#4814=VECTOR('',#4813,4.6E-1);
#4815=CARTESIAN_POINT('',(-8.65E-1,-2.675E0,-1.75E0));
#4816=LINE('',#4815,#4814);
#4817=DIRECTION('',(0.E0,0.E0,1.E0));
#4818=VECTOR('',#4817,9.5E-1);
#4819=CARTESIAN_POINT('',(-8.65E-1,-2.675E0,-1.75E0));
#4820=LINE('',#4819,#4818);
#4821=CARTESIAN_POINT('',(-1.015E0,-2.675E0,-6.E-1));
#4822=DIRECTION('',(0.E0,1.E0,0.E0));
#4823=DIRECTION('',(6.E-1,0.E0,8.E-1));
#4824=AXIS2_PLACEMENT_3D('',#4821,#4822,#4823);
#4826=DIRECTION('',(0.E0,0.E0,1.E0));
#4827=VECTOR('',#4826,2.2E-1);
#4828=CARTESIAN_POINT('',(-8.65E-1,-2.675E0,-4.E-1));
#4829=LINE('',#4828,#4827);
#4830=DIRECTION('',(0.E0,-7.071067811865E-1,-7.071067811865E-1));
#4831=VECTOR('',#4830,1.131370849898E-1);
#4832=CARTESIAN_POINT('',(-4.05E-1,-2.595E0,-1.E-1));
#4833=LINE('',#4832,#4831);
#4834=DIRECTION('',(0.E0,-7.071067811865E-1,7.071067811865E-1));
#4835=VECTOR('',#4834,1.131370849898E-1);
#4836=CARTESIAN_POINT('',(-4.05E-1,-2.425E0,-1.8E-1));
#4837=LINE('',#4836,#4835);
#4838=DIRECTION('',(0.E0,-1.E0,0.E0));
#4839=VECTOR('',#4838,2.5E-1);
#4840=CARTESIAN_POINT('',(-4.05E-1,-2.425E0,-4.E-1));
#4841=LINE('',#4840,#4839);
#4842=CARTESIAN_POINT('',(-4.05E-1,-2.675E0,-1.75E0));
#4843=DIRECTION('',(1.E0,0.E0,0.E0));
#4844=DIRECTION('',(0.E0,7.071067811865E-1,-7.071067811865E-1));
#4845=AXIS2_PLACEMENT_3D('',#4842,#4843,#4844);
#4847=DIRECTION('',(0.E0,-7.071067811865E-1,7.071067811865E-1));
#4848=VECTOR('',#4847,2.5E-1);
#4849=CARTESIAN_POINT('',(-4.05E-1,-2.498223304703E0,-1.926776695297E0));
#4850=LINE('',#4849,#4848);
#4851=DIRECTION('',(1.E0,0.E0,0.E0));
#4852=VECTOR('',#4851,4.6E-1);
#4853=CARTESIAN_POINT('',(-8.65E-1,-2.595E0,-1.E-1));
#4854=LINE('',#4853,#4852);
#4855=DIRECTION('',(-1.E0,0.E0,0.E0));
#4856=VECTOR('',#4855,4.6E-1);
#4857=CARTESIAN_POINT('',(-4.05E-1,-2.505E0,-1.E-1));
#4858=LINE('',#4857,#4856);
#4859=DIRECTION('',(0.E0,-1.E0,0.E0));
#4860=VECTOR('',#4859,9.E-2);
#4861=CARTESIAN_POINT('',(-4.05E-1,-2.505E0,-1.E-1));
#4862=LINE('',#4861,#4860);
#4863=DIRECTION('',(0.E0,7.071067811865E-1,7.071067811865E-1));
#4864=VECTOR('',#4863,1.131370849898E-1);
#4865=CARTESIAN_POINT('',(-8.65E-1,-2.675E0,-1.8E-1));
#4866=LINE('',#4865,#4864);
#4867=DIRECTION('',(0.E0,7.071067811865E-1,-7.071067811865E-1));
#4868=VECTOR('',#4867,1.131370849898E-1);
#4869=CARTESIAN_POINT('',(-8.65E-1,-2.505E0,-1.E-1));
#4870=LINE('',#4869,#4868);
#4871=DIRECTION('',(0.E0,-1.E0,0.E0));
#4872=VECTOR('',#4871,9.E-2);
#4873=CARTESIAN_POINT('',(-8.65E-1,-2.505E0,-1.E-1));
#4874=LINE('',#4873,#4872);
#4875=CARTESIAN_POINT('',(-8.65E-1,-2.675E0,-1.75E0));
#4876=DIRECTION('',(-1.E0,0.E0,0.E0));
#4877=DIRECTION('',(0.E0,1.E0,0.E0));
#4878=AXIS2_PLACEMENT_3D('',#4875,#4876,#4877);
#4880=DIRECTION('',(0.E0,-1.E0,0.E0));
#4881=VECTOR('',#4880,2.5E-1);
#4882=CARTESIAN_POINT('',(-8.65E-1,-2.425E0,-8.E-1));
#4883=LINE('',#4882,#4881);
#4884=DIRECTION('',(0.E0,-1.E0,0.E0));
#4885=VECTOR('',#4884,2.5E-1);
#4886=CARTESIAN_POINT('',(-8.65E-1,-2.425E0,-4.E-1));
#4887=LINE('',#4886,#4885);
#4888=DIRECTION('',(-1.E0,0.E0,0.E0));
#4889=VECTOR('',#4888,4.6E-1);
#4890=CARTESIAN_POINT('',(-4.05E-1,-2.425E0,-1.75E0));
#4891=LINE('',#4890,#4889);
#4892=DIRECTION('',(0.E0,0.E0,1.E0));
#4893=VECTOR('',#4892,9.5E-1);
#4894=CARTESIAN_POINT('',(-4.05E-1,-2.425E0,-1.75E0));
#4895=LINE('',#4894,#4893);
#4896=CARTESIAN_POINT('',(-2.55E-1,-2.425E0,-6.E-1));
#4897=DIRECTION('',(0.E0,1.E0,0.E0));
#4898=DIRECTION('',(-6.E-1,0.E0,-8.E-1));
#4899=AXIS2_PLACEMENT_3D('',#4896,#4897,#4898);
#4901=DIRECTION('',(0.E0,0.E0,1.E0));
#4902=VECTOR('',#4901,2.2E-1);
#4903=CARTESIAN_POINT('',(-4.05E-1,-2.425E0,-4.E-1));
#4904=LINE('',#4903,#4902);
#4905=DIRECTION('',(-1.E0,0.E0,0.E0));
#4906=VECTOR('',#4905,4.6E-1);
#4907=CARTESIAN_POINT('',(-4.05E-1,-2.425E0,-1.8E-1));
#4908=LINE('',#4907,#4906);
#4909=DIRECTION('',(0.E0,0.E0,1.E0));
#4910=VECTOR('',#4909,2.2E-1);
#4911=CARTESIAN_POINT('',(-8.65E-1,-2.425E0,-4.E-1));
#4912=LINE('',#4911,#4910);
#4913=CARTESIAN_POINT('',(-1.015E0,-2.425E0,-6.E-1));
#4914=DIRECTION('',(0.E0,1.E0,0.E0));
#4915=DIRECTION('',(6.E-1,0.E0,8.E-1));
#4916=AXIS2_PLACEMENT_3D('',#4913,#4914,#4915);
#4918=DIRECTION('',(0.E0,0.E0,1.E0));
#4919=VECTOR('',#4918,9.5E-1);
#4920=CARTESIAN_POINT('',(-8.65E-1,-2.425E0,-1.75E0));
#4921=LINE('',#4920,#4919);
#4922=DIRECTION('',(0.E0,-1.E0,0.E0));
#4923=VECTOR('',#4922,2.5E-1);
#4924=CARTESIAN_POINT('',(-4.05E-1,-2.425E0,-8.E-1));
#4925=LINE('',#4924,#4923);
#4926=DIRECTION('',(1.E0,0.E0,0.E0));
#4927=VECTOR('',#4926,4.6E-1);
#4928=CARTESIAN_POINT('',(-8.65E-1,-4.168203909580E0,-1.702088975989E-2));
#4929=LINE('',#4928,#4927);
#4930=DIRECTION('',(0.E0,9.994895628512E-1,-3.194704605204E-2));
#4931=VECTOR('',#4930,5.570804449744E-1);
#4932=CARTESIAN_POINT('',(-8.65E-1,-4.725E0,7.761848703907E-4));
#4933=LINE('',#4932,#4931);
#4934=DIRECTION('',(1.E0,0.E0,0.E0));
#4935=VECTOR('',#4934,4.6E-1);
#4936=CARTESIAN_POINT('',(-8.65E-1,-4.725E0,7.761848703907E-4));
#4937=LINE('',#4936,#4935);
#4938=DIRECTION('',(0.E0,9.994895628512E-1,-3.194704605204E-2));
#4939=VECTOR('',#4938,5.570804449744E-1);
#4940=CARTESIAN_POINT('',(-4.05E-1,-4.725E0,7.761848703907E-4));
#4941=LINE('',#4940,#4939);
#4942=CARTESIAN_POINT('',(-4.05E-1,-4.171398614185E0,-1.169698460450E-1));
#4943=DIRECTION('',(1.E0,0.E0,0.E0));
#4944=DIRECTION('',(0.E0,7.050148331501E-1,7.091925585046E-1));
#4945=AXIS2_PLACEMENT_3D('',#4942,#4943,#4944);
#4947=DIRECTION('',(0.E0,3.194704605204E-2,9.994895628512E-1));
#4948=VECTOR('',#4947,2.5E-1);
#4949=CARTESIAN_POINT('',(-4.05E-1,-4.725E0,7.761848703907E-4));
#4950=LINE('',#4949,#4948);
#4951=DIRECTION('',(1.E0,0.E0,0.E0));
#4952=VECTOR('',#4951,4.6E-1);
#4953=CARTESIAN_POINT('',(-8.65E-1,-4.160217148067E0,2.328515009529E-1));
#4954=LINE('',#4953,#4952);
#4955=DIRECTION('',(0.E0,9.994895628512E-1,-3.194704605204E-2));
#4956=VECTOR('',#4955,5.570804449744E-1);
#4957=CARTESIAN_POINT('',(-4.05E-1,-4.717013238487E0,2.506485755832E-1));
#4958=LINE('',#4957,#4956);
#4959=DIRECTION('',(1.E0,0.E0,0.E0));
#4960=VECTOR('',#4959,4.6E-1);
#4961=CARTESIAN_POINT('',(-8.65E-1,-4.717013238487E0,2.506485755832E-1));
#4962=LINE('',#4961,#4960);
#4963=DIRECTION('',(0.E0,9.994895628512E-1,-3.194704605204E-2));
#4964=VECTOR('',#4963,5.570804449744E-1);
#4965=CARTESIAN_POINT('',(-8.65E-1,-4.717013238487E0,2.506485755832E-1));
#4966=LINE('',#4965,#4964);
#4967=CARTESIAN_POINT('',(-4.05E-1,-3.759290410935E0,-1.75E0));
#4968=CARTESIAN_POINT('',(-4.05E-1,-2.675E0,-1.75E0));
#4969=VERTEX_POINT('',#4967);
#4970=VERTEX_POINT('',#4968);
#4971=CARTESIAN_POINT('',(-8.65E-1,-3.759290410935E0,-1.75E0));
#4972=CARTESIAN_POINT('',(-8.65E-1,-2.675E0,-1.75E0));
#4973=VERTEX_POINT('',#4971);
#4974=VERTEX_POINT('',#4972);
#4975=CARTESIAN_POINT('',(-8.65E-1,-2.425E0,-4.E-1));
#4976=CARTESIAN_POINT('',(-8.65E-1,-2.425E0,-8.E-1));
#4977=VERTEX_POINT('',#4975);
#4978=VERTEX_POINT('',#4976);
#4979=CARTESIAN_POINT('',(-4.05E-1,-2.425E0,-8.E-1));
#4980=CARTESIAN_POINT('',(-4.05E-1,-2.425E0,-4.E-1));
#4981=VERTEX_POINT('',#4979);
#4982=VERTEX_POINT('',#4980);
#4983=CARTESIAN_POINT('',(-8.65E-1,-2.675E0,-4.E-1));
#4984=CARTESIAN_POINT('',(-8.65E-1,-2.675E0,-8.E-1));
#4985=VERTEX_POINT('',#4983);
#4986=VERTEX_POINT('',#4984);
#4987=CARTESIAN_POINT('',(-4.05E-1,-2.675E0,-8.E-1));
#4988=CARTESIAN_POINT('',(-4.05E-1,-2.675E0,-4.E-1));
#4989=VERTEX_POINT('',#4987);
#4990=VERTEX_POINT('',#4988);
#4991=CARTESIAN_POINT('',(-4.05E-1,-2.595E0,-1.E-1));
#4992=CARTESIAN_POINT('',(-4.05E-1,-2.675E0,-1.8E-1));
#4993=VERTEX_POINT('',#4991);
#4994=VERTEX_POINT('',#4992);
#4995=CARTESIAN_POINT('',(-8.65E-1,-2.675E0,-1.8E-1));
#4996=VERTEX_POINT('',#4995);
#4997=CARTESIAN_POINT('',(-8.65E-1,-2.595E0,-1.E-1));
#4998=VERTEX_POINT('',#4997);
#4999=CARTESIAN_POINT('',(-8.65E-1,-2.505E0,-1.E-1));
#5000=CARTESIAN_POINT('',(-8.65E-1,-2.425E0,-1.8E-1));
#5001=VERTEX_POINT('',#4999);
#5002=VERTEX_POINT('',#5000);
#5003=CARTESIAN_POINT('',(-4.05E-1,-2.425E0,-1.8E-1));
#5004=VERTEX_POINT('',#5003);
#5005=CARTESIAN_POINT('',(-4.05E-1,-2.505E0,-1.E-1));
#5006=VERTEX_POINT('',#5005);
#5007=CARTESIAN_POINT('',(-8.65E-1,-3.759290410935E0,-2.E0));
#5008=CARTESIAN_POINT('',(-8.65E-1,-3.932689188793E0,-1.930091265300E0));
#5009=VERTEX_POINT('',#5007);
#5010=VERTEX_POINT('',#5008);
#5011=CARTESIAN_POINT('',(-8.65E-1,-4.009111253383E0,-1.759462910699E0));
#5012=VERTEX_POINT('',#5011);
#5013=CARTESIAN_POINT('',(-4.05E-1,-4.009111253383E0,-1.759462910699E0));
#5014=VERTEX_POINT('',#5013);
#5015=CARTESIAN_POINT('',(-4.05E-1,-3.932689188793E0,-1.930091265300E0));
#5016=VERTEX_POINT('',#5015);
#5017=CARTESIAN_POINT('',(-4.05E-1,-3.759290410935E0,-2.E0));
#5018=VERTEX_POINT('',#5017);
#5019=CARTESIAN_POINT('',(-8.65E-1,-2.425E0,-1.75E0));
#5020=CARTESIAN_POINT('',(-8.65E-1,-2.498223304703E0,-1.926776695297E0));
#5021=VERTEX_POINT('',#5019);
#5022=VERTEX_POINT('',#5020);
#5023=CARTESIAN_POINT('',(-8.65E-1,-2.675E0,-2.E0));
#5024=VERTEX_POINT('',#5023);
#5025=CARTESIAN_POINT('',(-4.05E-1,-2.675E0,-2.E0));
#5026=VERTEX_POINT('',#5025);
#5027=CARTESIAN_POINT('',(-4.05E-1,-2.498223304703E0,-1.926776695297E0));
#5028=VERTEX_POINT('',#5027);
#5029=CARTESIAN_POINT('',(-4.05E-1,-2.425E0,-1.75E0));
#5030=VERTEX_POINT('',#5029);
#5031=CARTESIAN_POINT('',(-8.65E-1,-4.725E0,7.761848703907E-4));
#5032=CARTESIAN_POINT('',(-4.05E-1,-4.725E0,7.761848703907E-4));
#5033=VERTEX_POINT('',#5031);
#5034=VERTEX_POINT('',#5032);
#5035=CARTESIAN_POINT('',(-8.65E-1,-4.717013238487E0,2.506485755832E-1));
#5036=CARTESIAN_POINT('',(-4.05E-1,-4.717013238487E0,2.506485755832E-1));
#5037=VERTEX_POINT('',#5035);
#5038=VERTEX_POINT('',#5036);
#5039=CARTESIAN_POINT('',(-8.65E-1,-4.071470277206E0,-1.131846817655E-1));
#5040=CARTESIAN_POINT('',(-4.05E-1,-4.071470277206E0,-1.131846817655E-1));
#5041=VERTEX_POINT('',#5039);
#5042=VERTEX_POINT('',#5040);
#5043=CARTESIAN_POINT('',(-8.65E-1,-4.168203909580E0,-1.702088975989E-2));
#5044=CARTESIAN_POINT('',(-4.05E-1,-4.168203909580E0,-1.702088975989E-2));
#5045=VERTEX_POINT('',#5043);
#5046=VERTEX_POINT('',#5044);
#5047=CARTESIAN_POINT('',(-8.65E-1,-4.100897130870E0,-4.605059019455E-2));
#5048=CARTESIAN_POINT('',(-8.65E-1,-4.075E0,-2.E-2));
#5049=VERTEX_POINT('',#5047);
#5050=VERTEX_POINT('',#5048);
#5051=CARTESIAN_POINT('',(-4.05E-1,-4.100897130870E0,-4.605059019455E-2));
#5052=CARTESIAN_POINT('',(-4.05E-1,-4.075E0,-2.E-2));
#5053=VERTEX_POINT('',#5051);
#5054=VERTEX_POINT('',#5052);
#5055=CARTESIAN_POINT('',(-4.05E-1,-3.821649434758E0,-1.037217710667E-1));
#5056=CARTESIAN_POINT('',(-4.05E-1,-3.924643422582E0,1.312475494316E-1));
#5057=VERTEX_POINT('',#5055);
#5058=VERTEX_POINT('',#5056);
#5059=CARTESIAN_POINT('',(-4.05E-1,-4.160217148067E0,2.328515009529E-1));
#5060=VERTEX_POINT('',#5059);
#5061=CARTESIAN_POINT('',(-8.65E-1,-4.160217148067E0,2.328515009529E-1));
#5062=VERTEX_POINT('',#5061);
#5063=CARTESIAN_POINT('',(-8.65E-1,-3.924643422582E0,1.312475494316E-1));
#5064=VERTEX_POINT('',#5063);
#5065=CARTESIAN_POINT('',(-8.65E-1,-3.821649434758E0,-1.037217710667E-1));
#5066=VERTEX_POINT('',#5065);
#5067=CARTESIAN_POINT('',(0.E0,-4.721006619243E0,1.257123802268E-1));
#5068=DIRECTION('',(0.E0,9.994895628512E-1,-3.194704605204E-2));
#5069=DIRECTION('',(1.E0,0.E0,0.E0));
#5070=AXIS2_PLACEMENT_3D('',#5067,#5068,#5069);
#5071=PLANE('',#5070);
#5073=ORIENTED_EDGE('',*,*,#5072,.T.);
#5075=ORIENTED_EDGE('',*,*,#5074,.T.);
#5077=ORIENTED_EDGE('',*,*,#5076,.F.);
#5079=ORIENTED_EDGE('',*,*,#5078,.F.);
#5080=EDGE_LOOP('',(#5073,#5075,#5077,#5079));
#5081=FACE_OUTER_BOUND('',#5080,.F.);
#5082=ADVANCED_FACE('',(#5081),#5071,.F.);
#5083=CARTESIAN_POINT('',(-8.65E-1,-4.337754175756E0,1.134623438915E-1));
#5084=DIRECTION('',(-1.E0,0.E0,0.E0));
#5085=DIRECTION('',(0.E0,9.994895628512E-1,-3.194704605204E-2));
#5086=AXIS2_PLACEMENT_3D('',#5083,#5084,#5085);
#5087=PLANE('',#5086);
#5089=ORIENTED_EDGE('',*,*,#5088,.F.);
#5091=ORIENTED_EDGE('',*,*,#5090,.F.);
#5092=ORIENTED_EDGE('',*,*,#5072,.F.);
#5094=ORIENTED_EDGE('',*,*,#5093,.T.);
#5096=ORIENTED_EDGE('',*,*,#5095,.F.);
#5098=ORIENTED_EDGE('',*,*,#5097,.T.);
#5100=ORIENTED_EDGE('',*,*,#5099,.T.);
#5101=EDGE_LOOP('',(#5089,#5091,#5092,#5094,#5096,#5098,#5100));
#5102=FACE_OUTER_BOUND('',#5101,.F.);
#5103=ADVANCED_FACE('',(#5102),#5087,.T.);
#5104=CARTESIAN_POINT('',(-1.686366E1,-4.171398614185E0,-1.169698460450E-1));
#5105=DIRECTION('',(1.E0,0.E0,0.E0));
#5106=DIRECTION('',(0.E0,9.992833697894E-1,3.785164279505E-2));
#5107=AXIS2_PLACEMENT_3D('',#5104,#5105,#5106);
#5108=CYLINDRICAL_SURFACE('',#5107,3.5E-1);
#5110=ORIENTED_EDGE('',*,*,#5109,.T.);
#5112=ORIENTED_EDGE('',*,*,#5111,.T.);
#5114=ORIENTED_EDGE('',*,*,#5113,.F.);
#5115=ORIENTED_EDGE('',*,*,#5088,.T.);
#5117=ORIENTED_EDGE('',*,*,#5116,.T.);
#5119=ORIENTED_EDGE('',*,*,#5118,.T.);
#5120=EDGE_LOOP('',(#5110,#5112,#5114,#5115,#5117,#5119));
#5121=FACE_OUTER_BOUND('',#5120,.F.);
#5122=ADVANCED_FACE('',(#5121),#5108,.T.);
#5123=CARTESIAN_POINT('',(-4.05E-1,-3.917073468868E0,-8.868938462219E-1));
#5124=DIRECTION('',(-1.E0,0.E0,0.E0));
#5125=DIRECTION('',(0.E0,3.785164279505E-2,-9.992833697894E-1));
#5126=AXIS2_PLACEMENT_3D('',#5123,#5124,#5125);
#5127=PLANE('',#5126);
#5128=ORIENTED_EDGE('',*,*,#5109,.F.);
#5130=ORIENTED_EDGE('',*,*,#5129,.T.);
#5132=ORIENTED_EDGE('',*,*,#5131,.F.);
#5134=ORIENTED_EDGE('',*,*,#5133,.F.);
#5136=ORIENTED_EDGE('',*,*,#5135,.F.);
#5138=ORIENTED_EDGE('',*,*,#5137,.F.);
#5140=ORIENTED_EDGE('',*,*,#5139,.T.);
#5142=ORIENTED_EDGE('',*,*,#5141,.T.);
#5143=EDGE_LOOP('',(#5128,#5130,#5132,#5134,#5136,#5138,#5140,#5142));
#5144=FACE_OUTER_BOUND('',#5143,.F.);
#5145=ADVANCED_FACE('',(#5144),#5127,.F.);
#5146=CARTESIAN_POINT('',(-4.675E0,-3.825179157553E0,-1.053708930124E-2));
#5147=DIRECTION('',(0.E0,-9.992833697894E-1,-3.785164279505E-2));
#5148=DIRECTION('',(0.E0,3.785164279505E-2,-9.992833697894E-1));
#5149=AXIS2_PLACEMENT_3D('',#5146,#5147,#5148);
#5150=PLANE('',#5149);
#5151=ORIENTED_EDGE('',*,*,#5118,.F.);
#5153=ORIENTED_EDGE('',*,*,#5152,.T.);
#5155=ORIENTED_EDGE('',*,*,#5154,.T.);
#5156=ORIENTED_EDGE('',*,*,#5129,.F.);
#5157=EDGE_LOOP('',(#5151,#5153,#5155,#5156));
#5158=FACE_OUTER_BOUND('',#5157,.F.);
#5159=ADVANCED_FACE('',(#5158),#5150,.F.);
#5160=CARTESIAN_POINT('',(-8.65E-1,-3.917073468868E0,-8.868938462219E-1));
#5161=DIRECTION('',(-1.E0,0.E0,0.E0));
#5162=DIRECTION('',(0.E0,3.785164279505E-2,-9.992833697894E-1));
#5163=AXIS2_PLACEMENT_3D('',#5160,#5161,#5162);
#5164=PLANE('',#5163);
#5165=ORIENTED_EDGE('',*,*,#5116,.F.);
#5166=ORIENTED_EDGE('',*,*,#5099,.F.);
#5167=ORIENTED_EDGE('',*,*,#5097,.F.);
#5169=ORIENTED_EDGE('',*,*,#5168,.F.);
#5171=ORIENTED_EDGE('',*,*,#5170,.T.);
#5173=ORIENTED_EDGE('',*,*,#5172,.F.);
#5175=ORIENTED_EDGE('',*,*,#5174,.T.);
#5176=ORIENTED_EDGE('',*,*,#5152,.F.);
#5177=EDGE_LOOP('',(#5165,#5166,#5167,#5169,#5171,#5173,#5175,#5176));
#5178=FACE_OUTER_BOUND('',#5177,.F.);
#5179=ADVANCED_FACE('',(#5178),#5164,.T.);
#5180=CARTESIAN_POINT('',(-1.686366E1,-4.171398614185E0,-1.169698460450E-1));
#5181=DIRECTION('',(1.E0,0.E0,0.E0));
#5182=DIRECTION('',(0.E0,9.992833697894E-1,3.785164279505E-2));
#5183=AXIS2_PLACEMENT_3D('',#5180,#5181,#5182);
#5184=CYLINDRICAL_SURFACE('',#5183,1.E-1);
#5186=ORIENTED_EDGE('',*,*,#5185,.F.);
#5187=ORIENTED_EDGE('',*,*,#5168,.T.);
#5188=ORIENTED_EDGE('',*,*,#5095,.T.);
#5190=ORIENTED_EDGE('',*,*,#5189,.T.);
#5192=ORIENTED_EDGE('',*,*,#5191,.T.);
#5193=ORIENTED_EDGE('',*,*,#5137,.T.);
#5194=EDGE_LOOP('',(#5186,#5187,#5188,#5190,#5192,#5193));
#5195=FACE_OUTER_BOUND('',#5194,.F.);
#5196=ADVANCED_FACE('',(#5195),#5184,.F.);
#5197=CARTESIAN_POINT('',(-4.675E0,-4.075E0,-2.E-2));
#5198=DIRECTION('',(0.E0,-9.992833697894E-1,-3.785164279505E-2));
#5199=DIRECTION('',(0.E0,3.785164279505E-2,-9.992833697894E-1));
#5200=AXIS2_PLACEMENT_3D('',#5197,#5198,#5199);
#5201=PLANE('',#5200);
#5202=ORIENTED_EDGE('',*,*,#5185,.T.);
#5203=ORIENTED_EDGE('',*,*,#5135,.T.);
#5205=ORIENTED_EDGE('',*,*,#5204,.T.);
#5206=ORIENTED_EDGE('',*,*,#5170,.F.);
#5207=EDGE_LOOP('',(#5202,#5203,#5205,#5206));
#5208=FACE_OUTER_BOUND('',#5207,.F.);
#5209=ADVANCED_FACE('',(#5208),#5201,.T.);
#5210=CARTESIAN_POINT('',(1.686366E1,-3.759290410935E0,-1.75E0));
#5211=DIRECTION('',(-1.E0,0.E0,0.E0));
#5212=DIRECTION('',(0.E0,0.E0,-1.E0));
#5213=AXIS2_PLACEMENT_3D('',#5210,#5211,#5212);
#5214=CYLINDRICAL_SURFACE('',#5213,2.5E-1);
#5216=ORIENTED_EDGE('',*,*,#5215,.T.);
#5217=ORIENTED_EDGE('',*,*,#5172,.T.);
#5218=ORIENTED_EDGE('',*,*,#5204,.F.);
#5219=ORIENTED_EDGE('',*,*,#5133,.T.);
#5221=ORIENTED_EDGE('',*,*,#5220,.T.);
#5223=ORIENTED_EDGE('',*,*,#5222,.T.);
#5224=EDGE_LOOP('',(#5216,#5217,#5218,#5219,#5221,#5223));
#5225=FACE_OUTER_BOUND('',#5224,.F.);
#5226=ADVANCED_FACE('',(#5225),#5214,.T.);
#5227=CARTESIAN_POINT('',(-8.65E-1,-3.214822602734E0,-1.875E0));
#5228=DIRECTION('',(-1.E0,0.E0,0.E0));
#5229=DIRECTION('',(0.E0,1.E0,0.E0));
#5230=AXIS2_PLACEMENT_3D('',#5227,#5228,#5229);
#5231=PLANE('',#5230);
#5232=ORIENTED_EDGE('',*,*,#5215,.F.);
#5234=ORIENTED_EDGE('',*,*,#5233,.T.);
#5236=ORIENTED_EDGE('',*,*,#5235,.F.);
#5238=ORIENTED_EDGE('',*,*,#5237,.T.);
#5240=ORIENTED_EDGE('',*,*,#5239,.F.);
#5241=ORIENTED_EDGE('',*,*,#5174,.F.);
#5242=EDGE_LOOP('',(#5232,#5234,#5236,#5238,#5240,#5241));
#5243=FACE_OUTER_BOUND('',#5242,.F.);
#5244=ADVANCED_FACE('',(#5243),#5231,.T.);
#5245=CARTESIAN_POINT('',(-4.675E0,-4.E0,-2.E0));
#5246=DIRECTION('',(0.E0,0.E0,-1.E0));
#5247=DIRECTION('',(0.E0,1.E0,0.E0));
#5248=AXIS2_PLACEMENT_3D('',#5245,#5246,#5247);
#5249=PLANE('',#5248);
#5250=ORIENTED_EDGE('',*,*,#5222,.F.);
#5252=ORIENTED_EDGE('',*,*,#5251,.T.);
#5254=ORIENTED_EDGE('',*,*,#5253,.T.);
#5255=ORIENTED_EDGE('',*,*,#5233,.F.);
#5256=EDGE_LOOP('',(#5250,#5252,#5254,#5255));
#5257=FACE_OUTER_BOUND('',#5256,.F.);
#5258=ADVANCED_FACE('',(#5257),#5249,.T.);
#5259=CARTESIAN_POINT('',(-4.05E-1,-3.214822602734E0,-1.875E0));
#5260=DIRECTION('',(-1.E0,0.E0,0.E0));
#5261=DIRECTION('',(0.E0,1.E0,0.E0));
#5262=AXIS2_PLACEMENT_3D('',#5259,#5260,#5261);
#5263=PLANE('',#5262);
#5264=ORIENTED_EDGE('',*,*,#5220,.F.);
#5265=ORIENTED_EDGE('',*,*,#5131,.T.);
#5267=ORIENTED_EDGE('',*,*,#5266,.T.);
#5269=ORIENTED_EDGE('',*,*,#5268,.F.);
#5271=ORIENTED_EDGE('',*,*,#5270,.F.);
#5272=ORIENTED_EDGE('',*,*,#5251,.F.);
#5273=EDGE_LOOP('',(#5264,#5265,#5267,#5269,#5271,#5272));
#5274=FACE_OUTER_BOUND('',#5273,.F.);
#5275=ADVANCED_FACE('',(#5274),#5263,.F.);
#5276=CARTESIAN_POINT('',(-4.675E0,-4.E0,-1.75E0));
#5277=DIRECTION('',(0.E0,0.E0,-1.E0));
#5278=DIRECTION('',(0.E0,1.E0,0.E0));
#5279=AXIS2_PLACEMENT_3D('',#5276,#5277,#5278);
#5280=PLANE('',#5279);
#5281=ORIENTED_EDGE('',*,*,#5266,.F.);
#5282=ORIENTED_EDGE('',*,*,#5154,.F.);
#5283=ORIENTED_EDGE('',*,*,#5239,.T.);
#5285=ORIENTED_EDGE('',*,*,#5284,.T.);
#5286=EDGE_LOOP('',(#5281,#5282,#5283,#5285));
#5287=FACE_OUTER_BOUND('',#5286,.F.);
#5288=ADVANCED_FACE('',(#5287),#5280,.F.);
#5289=CARTESIAN_POINT('',(-4.675E0,-2.675E0,-2.E0));
#5290=DIRECTION('',(0.E0,1.E0,0.E0));
#5291=DIRECTION('',(0.E0,0.E0,1.E0));
#5292=AXIS2_PLACEMENT_3D('',#5289,#5290,#5291);
#5293=PLANE('',#5292);
#5295=ORIENTED_EDGE('',*,*,#5294,.T.);
#5297=ORIENTED_EDGE('',*,*,#5296,.F.);
#5299=ORIENTED_EDGE('',*,*,#5298,.F.);
#5301=ORIENTED_EDGE('',*,*,#5300,.F.);
#5302=ORIENTED_EDGE('',*,*,#5284,.F.);
#5304=ORIENTED_EDGE('',*,*,#5303,.T.);
#5306=ORIENTED_EDGE('',*,*,#5305,.F.);
#5308=ORIENTED_EDGE('',*,*,#5307,.T.);
#5309=EDGE_LOOP('',(#5295,#5297,#5299,#5301,#5302,#5304,#5306,#5308));
#5310=FACE_OUTER_BOUND('',#5309,.F.);
#5311=ADVANCED_FACE('',(#5310),#5293,.F.);
#5312=CARTESIAN_POINT('',(-6.35E-1,-2.635E0,-1.4E-1));
#5313=DIRECTION('',(0.E0,-7.071067811865E-1,7.071067811865E-1));
#5314=DIRECTION('',(0.E0,-7.071067811865E-1,-7.071067811865E-1));
#5315=AXIS2_PLACEMENT_3D('',#5312,#5313,#5314);
#5316=PLANE('',#5315);
#5318=ORIENTED_EDGE('',*,*,#5317,.T.);
#5319=ORIENTED_EDGE('',*,*,#5294,.F.);
#5321=ORIENTED_EDGE('',*,*,#5320,.T.);
#5323=ORIENTED_EDGE('',*,*,#5322,.T.);
#5324=EDGE_LOOP('',(#5318,#5319,#5321,#5323));
#5325=FACE_OUTER_BOUND('',#5324,.F.);
#5326=ADVANCED_FACE('',(#5325),#5316,.T.);
#5327=CARTESIAN_POINT('',(-4.05E-1,-2.55E0,-9.875E-1));
#5328=DIRECTION('',(-1.E0,0.E0,0.E0));
#5329=DIRECTION('',(0.E0,0.E0,1.E0));
#5330=AXIS2_PLACEMENT_3D('',#5327,#5328,#5329);
#5331=PLANE('',#5330);
#5332=ORIENTED_EDGE('',*,*,#5317,.F.);
#5334=ORIENTED_EDGE('',*,*,#5333,.F.);
#5336=ORIENTED_EDGE('',*,*,#5335,.F.);
#5338=ORIENTED_EDGE('',*,*,#5337,.F.);
#5340=ORIENTED_EDGE('',*,*,#5339,.T.);
#5341=ORIENTED_EDGE('',*,*,#5296,.T.);
#5342=EDGE_LOOP('',(#5332,#5334,#5336,#5338,#5340,#5341));
#5343=FACE_OUTER_BOUND('',#5342,.F.);
#5344=ADVANCED_FACE('',(#5343),#5331,.F.);
#5345=CARTESIAN_POINT('',(-4.05E-1,-2.55E0,-9.875E-1));
#5346=DIRECTION('',(-1.E0,0.E0,0.E0));
#5347=DIRECTION('',(0.E0,0.E0,1.E0));
#5348=AXIS2_PLACEMENT_3D('',#5345,#5346,#5347);
#5349=PLANE('',#5348);
#5351=ORIENTED_EDGE('',*,*,#5350,.F.);
#5352=ORIENTED_EDGE('',*,*,#5268,.T.);
#5353=ORIENTED_EDGE('',*,*,#5300,.T.);
#5355=ORIENTED_EDGE('',*,*,#5354,.F.);
#5357=ORIENTED_EDGE('',*,*,#5356,.F.);
#5358=EDGE_LOOP('',(#5351,#5352,#5353,#5355,#5357));
#5359=FACE_OUTER_BOUND('',#5358,.F.);
#5360=ADVANCED_FACE('',(#5359),#5349,.F.);
#5361=CARTESIAN_POINT('',(0.E0,-2.55E0,-1.E-1));
#5362=DIRECTION('',(0.E0,0.E0,1.E0));
#5363=DIRECTION('',(1.E0,0.E0,0.E0));
#5364=AXIS2_PLACEMENT_3D('',#5361,#5362,#5363);
#5365=PLANE('',#5364);
#5366=ORIENTED_EDGE('',*,*,#5322,.F.);
#5368=ORIENTED_EDGE('',*,*,#5367,.F.);
#5370=ORIENTED_EDGE('',*,*,#5369,.F.);
#5371=ORIENTED_EDGE('',*,*,#5333,.T.);
#5372=EDGE_LOOP('',(#5366,#5368,#5370,#5371));
#5373=FACE_OUTER_BOUND('',#5372,.F.);
#5374=ADVANCED_FACE('',(#5373),#5365,.T.);
#5375=CARTESIAN_POINT('',(-8.65E-1,-2.55E0,-9.875E-1));
#5376=DIRECTION('',(-1.E0,0.E0,0.E0));
#5377=DIRECTION('',(0.E0,0.E0,1.E0));
#5378=AXIS2_PLACEMENT_3D('',#5375,#5376,#5377);
#5379=PLANE('',#5378);
#5380=ORIENTED_EDGE('',*,*,#5320,.F.);
#5381=ORIENTED_EDGE('',*,*,#5307,.F.);
#5383=ORIENTED_EDGE('',*,*,#5382,.F.);
#5385=ORIENTED_EDGE('',*,*,#5384,.T.);
#5387=ORIENTED_EDGE('',*,*,#5386,.F.);
#5388=ORIENTED_EDGE('',*,*,#5367,.T.);
#5389=EDGE_LOOP('',(#5380,#5381,#5383,#5385,#5387,#5388));
#5390=FACE_OUTER_BOUND('',#5389,.F.);
#5391=ADVANCED_FACE('',(#5390),#5379,.T.);
#5392=CARTESIAN_POINT('',(-8.65E-1,-2.55E0,-9.875E-1));
#5393=DIRECTION('',(-1.E0,0.E0,0.E0));
#5394=DIRECTION('',(0.E0,0.E0,1.E0));
#5395=AXIS2_PLACEMENT_3D('',#5392,#5393,#5394);
#5396=PLANE('',#5395);
#5398=ORIENTED_EDGE('',*,*,#5397,.F.);
#5400=ORIENTED_EDGE('',*,*,#5399,.T.);
#5402=ORIENTED_EDGE('',*,*,#5401,.T.);
#5403=ORIENTED_EDGE('',*,*,#5303,.F.);
#5404=ORIENTED_EDGE('',*,*,#5237,.F.);
#5405=EDGE_LOOP('',(#5398,#5400,#5402,#5403,#5404));
#5406=FACE_OUTER_BOUND('',#5405,.F.);
#5407=ADVANCED_FACE('',(#5406),#5396,.T.);
#5408=CARTESIAN_POINT('',(-1.015E0,-2.55E0,-6.E-1));
#5409=DIRECTION('',(0.E0,1.E0,0.E0));
#5410=DIRECTION('',(6.E-1,0.E0,8.E-1));
#5411=AXIS2_PLACEMENT_3D('',#5408,#5409,#5410);
#5412=CYLINDRICAL_SURFACE('',#5411,2.5E-1);
#5414=ORIENTED_EDGE('',*,*,#5413,.F.);
#5415=ORIENTED_EDGE('',*,*,#5382,.T.);
#5416=ORIENTED_EDGE('',*,*,#5305,.T.);
#5417=ORIENTED_EDGE('',*,*,#5401,.F.);
#5418=EDGE_LOOP('',(#5414,#5415,#5416,#5417));
#5419=FACE_OUTER_BOUND('',#5418,.F.);
#5420=ADVANCED_FACE('',(#5419),#5412,.F.);
#5421=CARTESIAN_POINT('',(-4.675E0,-2.425E0,-2.E0));
#5422=DIRECTION('',(0.E0,1.E0,0.E0));
#5423=DIRECTION('',(0.E0,0.E0,1.E0));
#5424=AXIS2_PLACEMENT_3D('',#5421,#5422,#5423);
#5425=PLANE('',#5424);
#5427=ORIENTED_EDGE('',*,*,#5426,.F.);
#5428=ORIENTED_EDGE('',*,*,#5356,.T.);
#5430=ORIENTED_EDGE('',*,*,#5429,.T.);
#5431=ORIENTED_EDGE('',*,*,#5337,.T.);
#5433=ORIENTED_EDGE('',*,*,#5432,.T.);
#5434=ORIENTED_EDGE('',*,*,#5384,.F.);
#5435=ORIENTED_EDGE('',*,*,#5413,.T.);
#5436=ORIENTED_EDGE('',*,*,#5399,.F.);
#5437=EDGE_LOOP('',(#5427,#5428,#5430,#5431,#5433,#5434,#5435,#5436));
#5438=FACE_OUTER_BOUND('',#5437,.F.);
#5439=ADVANCED_FACE('',(#5438),#5425,.T.);
#5440=CARTESIAN_POINT('',(1.686366E1,-2.675E0,-1.75E0));
#5441=DIRECTION('',(-1.E0,0.E0,0.E0));
#5442=DIRECTION('',(0.E0,1.E0,0.E0));
#5443=AXIS2_PLACEMENT_3D('',#5440,#5441,#5442);
#5444=CYLINDRICAL_SURFACE('',#5443,2.5E-1);
#5445=ORIENTED_EDGE('',*,*,#5397,.T.);
#5446=ORIENTED_EDGE('',*,*,#5235,.T.);
#5447=ORIENTED_EDGE('',*,*,#5253,.F.);
#5448=ORIENTED_EDGE('',*,*,#5270,.T.);
#5449=ORIENTED_EDGE('',*,*,#5350,.T.);
#5450=ORIENTED_EDGE('',*,*,#5426,.T.);
#5451=EDGE_LOOP('',(#5445,#5446,#5447,#5448,#5449,#5450));
#5452=FACE_OUTER_BOUND('',#5451,.F.);
#5453=ADVANCED_FACE('',(#5452),#5444,.T.);
#5454=CARTESIAN_POINT('',(-2.55E-1,-2.55E0,-6.E-1));
#5455=DIRECTION('',(0.E0,1.E0,0.E0));
#5456=DIRECTION('',(-6.E-1,0.E0,-8.E-1));
#5457=AXIS2_PLACEMENT_3D('',#5454,#5455,#5456);
#5458=CYLINDRICAL_SURFACE('',#5457,2.5E-1);
#5459=ORIENTED_EDGE('',*,*,#5429,.F.);
#5460=ORIENTED_EDGE('',*,*,#5354,.T.);
#5461=ORIENTED_EDGE('',*,*,#5298,.T.);
#5462=ORIENTED_EDGE('',*,*,#5339,.F.);
#5463=EDGE_LOOP('',(#5459,#5460,#5461,#5462));
#5464=FACE_OUTER_BOUND('',#5463,.F.);
#5465=ADVANCED_FACE('',(#5464),#5458,.F.);
#5466=CARTESIAN_POINT('',(-6.35E-1,-2.465E0,-1.4E-1));
#5467=DIRECTION('',(0.E0,7.071067811865E-1,7.071067811865E-1));
#5468=DIRECTION('',(0.E0,7.071067811865E-1,-7.071067811865E-1));
#5469=AXIS2_PLACEMENT_3D('',#5466,#5467,#5468);
#5470=PLANE('',#5469);
#5471=ORIENTED_EDGE('',*,*,#5386,.T.);
#5472=ORIENTED_EDGE('',*,*,#5432,.F.);
#5473=ORIENTED_EDGE('',*,*,#5335,.T.);
#5474=ORIENTED_EDGE('',*,*,#5369,.T.);
#5475=EDGE_LOOP('',(#5471,#5472,#5473,#5474));
#5476=FACE_OUTER_BOUND('',#5475,.F.);
#5477=ADVANCED_FACE('',(#5476),#5470,.T.);
#5478=CARTESIAN_POINT('',(-4.675E0,-4.725E0,7.761848703908E-4));
#5479=DIRECTION('',(0.E0,-3.194704605204E-2,-9.994895628512E-1));
#5480=DIRECTION('',(0.E0,9.994895628512E-1,-3.194704605204E-2));
#5481=AXIS2_PLACEMENT_3D('',#5478,#5479,#5480);
#5482=PLANE('',#5481);
#5483=ORIENTED_EDGE('',*,*,#5189,.F.);
#5484=ORIENTED_EDGE('',*,*,#5093,.F.);
#5485=ORIENTED_EDGE('',*,*,#5078,.T.);
#5487=ORIENTED_EDGE('',*,*,#5486,.T.);
#5488=EDGE_LOOP('',(#5483,#5484,#5485,#5487));
#5489=FACE_OUTER_BOUND('',#5488,.F.);
#5490=ADVANCED_FACE('',(#5489),#5482,.T.);
#5491=CARTESIAN_POINT('',(-4.05E-1,-4.337754175756E0,1.134623438915E-1));
#5492=DIRECTION('',(-1.E0,0.E0,0.E0));
#5493=DIRECTION('',(0.E0,9.994895628512E-1,-3.194704605204E-2));
#5494=AXIS2_PLACEMENT_3D('',#5491,#5492,#5493);
#5495=PLANE('',#5494);
#5496=ORIENTED_EDGE('',*,*,#5111,.F.);
#5497=ORIENTED_EDGE('',*,*,#5141,.F.);
#5498=ORIENTED_EDGE('',*,*,#5139,.F.);
#5499=ORIENTED_EDGE('',*,*,#5191,.F.);
#5500=ORIENTED_EDGE('',*,*,#5486,.F.);
#5501=ORIENTED_EDGE('',*,*,#5076,.T.);
#5503=ORIENTED_EDGE('',*,*,#5502,.T.);
#5504=EDGE_LOOP('',(#5496,#5497,#5498,#5499,#5500,#5501,#5503));
#5505=FACE_OUTER_BOUND('',#5504,.F.);
#5506=ADVANCED_FACE('',(#5505),#5495,.F.);
#5507=CARTESIAN_POINT('',(-4.675E0,-4.717013238487E0,2.506485755832E-1));
#5508=DIRECTION('',(0.E0,-3.194704605204E-2,-9.994895628512E-1));
#5509=DIRECTION('',(0.E0,9.994895628512E-1,-3.194704605204E-2));
#5510=AXIS2_PLACEMENT_3D('',#5507,#5508,#5509);
#5511=PLANE('',#5510);
#5512=ORIENTED_EDGE('',*,*,#5113,.T.);
#5513=ORIENTED_EDGE('',*,*,#5502,.F.);
#5514=ORIENTED_EDGE('',*,*,#5074,.F.);
#5515=ORIENTED_EDGE('',*,*,#5090,.T.);
#5516=EDGE_LOOP('',(#5512,#5513,#5514,#5515));
#5517=FACE_OUTER_BOUND('',#5516,.F.);
#5518=ADVANCED_FACE('',(#5517),#5511,.F.);
#5519=CLOSED_SHELL('',(#5082,#5103,#5122,#5145,#5159,#5179,#5196,#5209,#5226,
#5244,#5258,#5275,#5288,#5311,#5326,#5344,#5360,#5374,#5391,#5407,#5420,#5439,
#5453,#5465,#5477,#5490,#5506,#5518));
#5520=MANIFOLD_SOLID_BREP('',#5519);
#5522=DIRECTION('',(0.E0,3.194704605204E-2,9.994895628512E-1));
#5523=VECTOR('',#5522,2.5E-1);
#5524=CARTESIAN_POINT('',(1.675E0,-4.725E0,7.761848703907E-4));
#5525=LINE('',#5524,#5523);
#5526=CARTESIAN_POINT('',(1.675E0,-4.171398614185E0,-1.169698460450E-1));
#5527=DIRECTION('',(-1.E0,0.E0,0.E0));
#5528=DIRECTION('',(0.E0,3.194704605204E-2,9.994895628512E-1));
#5529=AXIS2_PLACEMENT_3D('',#5526,#5527,#5528);
#5531=DIRECTION('',(0.E0,7.050148331501E-1,7.091925585047E-1));
#5532=VECTOR('',#5531,3.673274610986E-2);
#5533=CARTESIAN_POINT('',(1.675E0,-4.100897130870E0,-4.605059019455E-2));
#5534=LINE('',#5533,#5532);
#5535=DIRECTION('',(0.E0,7.050148331501E-1,7.091925585046E-1));
#5536=VECTOR('',#5535,2.132672538901E-1);
#5537=CARTESIAN_POINT('',(1.675E0,-4.075E0,-2.E-2));
#5538=LINE('',#5537,#5536);
#5539=CARTESIAN_POINT('',(2.135E0,-4.171398614185E0,-1.169698460450E-1));
#5540=DIRECTION('',(1.E0,0.E0,0.E0));
#5541=DIRECTION('',(0.E0,9.992833697894E-1,3.785164279506E-2));
#5542=AXIS2_PLACEMENT_3D('',#5539,#5540,#5541);
#5544=CARTESIAN_POINT('',(2.135E0,-3.759290410935E0,-1.75E0));
#5545=DIRECTION('',(1.E0,0.E0,0.E0));
#5546=DIRECTION('',(0.E0,-9.992833697894E-1,-3.785164279505E-2));
#5547=AXIS2_PLACEMENT_3D('',#5544,#5545,#5546);
#5549=DIRECTION('',(-1.208973618585E-14,7.050148331501E-1,7.091925585046E-1));
#5550=VECTOR('',#5549,3.673274610986E-2);
#5551=CARTESIAN_POINT('',(2.135E0,-4.100897130870E0,-4.605059019455E-2));
#5552=LINE('',#5551,#5550);
#5553=DIRECTION('',(0.E0,7.050148331501E-1,7.091925585046E-1));
#5554=VECTOR('',#5553,2.132672538901E-1);
#5555=CARTESIAN_POINT('',(2.135E0,-4.075E0,-2.E-2));
#5556=LINE('',#5555,#5554);
#5557=DIRECTION('',(1.E0,0.E0,0.E0));
#5558=VECTOR('',#5557,4.6E-1);
#5559=CARTESIAN_POINT('',(1.675E0,-3.821649434758E0,-1.037217710667E-1));
#5560=LINE('',#5559,#5558);
#5561=DIRECTION('',(0.E0,3.785164279505E-2,-9.992833697894E-1));
#5562=VECTOR('',#5561,1.647458847714E0);
#5563=CARTESIAN_POINT('',(1.675E0,-3.821649434758E0,-1.037217710667E-1));
#5564=LINE('',#5563,#5562);
#5565=DIRECTION('',(0.E0,3.785164279505E-2,-9.992833697894E-1));
#5566=VECTOR('',#5565,1.647458847714E0);
#5567=CARTESIAN_POINT('',(2.135E0,-3.821649434758E0,-1.037217710667E-1));
#5568=LINE('',#5567,#5566);
#5569=CARTESIAN_POINT('',(1.675E0,-4.171398614185E0,-1.169698460450E-1));
#5570=DIRECTION('',(-1.E0,0.E0,0.E0));
#5571=DIRECTION('',(0.E0,7.050148331501E-1,7.091925585046E-1));
#5572=AXIS2_PLACEMENT_3D('',#5569,#5570,#5571);
#5574=CARTESIAN_POINT('',(1.675E0,-3.759290410935E0,-1.75E0));
#5575=DIRECTION('',(-1.E0,0.E0,0.E0));
#5576=DIRECTION('',(0.E0,-6.935951114321E-1,-7.203650611999E-1));
#5577=AXIS2_PLACEMENT_3D('',#5574,#5575,#5576);
#5579=DIRECTION('',(0.E0,6.935951114321E-1,7.203650611999E-1));
#5580=VECTOR('',#5579,2.5E-1);
#5581=CARTESIAN_POINT('',(1.675E0,-3.932689188793E0,-1.930091265300E0));
#5582=LINE('',#5581,#5580);
#5583=CARTESIAN_POINT('',(1.675E0,-4.171398614185E0,-1.169698460450E-1));
#5584=DIRECTION('',(1.E0,0.E0,0.E0));
#5585=DIRECTION('',(0.E0,9.992833697894E-1,3.785164279506E-2));
#5586=AXIS2_PLACEMENT_3D('',#5583,#5584,#5585);
#5588=CARTESIAN_POINT('',(1.675E0,-4.171398614185E0,-1.169698460450E-1));
#5589=DIRECTION('',(1.E0,0.E0,0.E0));
#5590=DIRECTION('',(0.E0,7.050148331501E-1,7.091925585046E-1));
#5591=AXIS2_PLACEMENT_3D('',#5588,#5589,#5590);
#5593=CARTESIAN_POINT('',(2.135E0,-4.171398614185E0,-1.169698460450E-1));
#5594=DIRECTION('',(-1.E0,0.E0,0.E0));
#5595=DIRECTION('',(0.E0,3.194704605205E-2,9.994895628512E-1));
#5596=AXIS2_PLACEMENT_3D('',#5593,#5594,#5595);
#5598=CARTESIAN_POINT('',(2.135E0,-4.171398614185E0,-1.169698460450E-1));
#5599=DIRECTION('',(-1.E0,0.E0,0.E0));
#5600=DIRECTION('',(0.E0,7.050148331501E-1,7.091925585046E-1));
#5601=AXIS2_PLACEMENT_3D('',#5598,#5599,#5600);
#5603=DIRECTION('',(1.E0,0.E0,0.E0));
#5604=VECTOR('',#5603,4.6E-1);
#5605=CARTESIAN_POINT('',(1.675E0,-4.071470277206E0,-1.131846817655E-1));
#5606=LINE('',#5605,#5604);
#5607=DIRECTION('',(0.E0,3.785164279505E-2,-9.992833697894E-1));
#5608=VECTOR('',#5607,1.647458847714E0);
#5609=CARTESIAN_POINT('',(2.135E0,-4.071470277206E0,-1.131846817655E-1));
#5610=LINE('',#5609,#5608);
#5611=DIRECTION('',(-1.E0,0.E0,0.E0));
#5612=VECTOR('',#5611,4.6E-1);
#5613=CARTESIAN_POINT('',(2.135E0,-4.009111253383E0,-1.759462910699E0));
#5614=LINE('',#5613,#5612);
#5615=DIRECTION('',(0.E0,3.785164279505E-2,-9.992833697894E-1));
#5616=VECTOR('',#5615,1.647458847714E0);
#5617=CARTESIAN_POINT('',(1.675E0,-4.071470277206E0,-1.131846817655E-1));
#5618=LINE('',#5617,#5616);
#5619=CARTESIAN_POINT('',(1.675E0,-3.759290410935E0,-1.75E0));
#5620=DIRECTION('',(-1.E0,0.E0,0.E0));
#5621=DIRECTION('',(0.E0,0.E0,-1.E0));
#5622=AXIS2_PLACEMENT_3D('',#5619,#5620,#5621);
#5624=CARTESIAN_POINT('',(1.675E0,-2.675E0,-1.75E0));
#5625=DIRECTION('',(-1.E0,0.E0,0.E0));
#5626=DIRECTION('',(0.E0,7.071067811865E-1,-7.071067811865E-1));
#5627=AXIS2_PLACEMENT_3D('',#5624,#5625,#5626);
#5629=DIRECTION('',(0.E0,-7.071067811865E-1,7.071067811865E-1));
#5630=VECTOR('',#5629,2.5E-1);
#5631=CARTESIAN_POINT('',(1.675E0,-2.498223304703E0,-1.926776695297E0));
#5632=LINE('',#5631,#5630);
#5633=DIRECTION('',(-1.E0,0.E0,0.E0));
#5634=VECTOR('',#5633,4.6E-1);
#5635=CARTESIAN_POINT('',(2.135E0,-3.759290410935E0,-2.E0));
#5636=LINE('',#5635,#5634);
#5637=DIRECTION('',(0.E0,1.E0,0.E0));
#5638=VECTOR('',#5637,1.084290410935E0);
#5639=CARTESIAN_POINT('',(2.135E0,-3.759290410935E0,-2.E0));
#5640=LINE('',#5639,#5638);
#5641=DIRECTION('',(-1.E0,0.E0,0.E0));
#5642=VECTOR('',#5641,4.6E-1);
#5643=CARTESIAN_POINT('',(2.135E0,-2.675E0,-2.E0));
#5644=LINE('',#5643,#5642);
#5645=DIRECTION('',(0.E0,1.E0,0.E0));
#5646=VECTOR('',#5645,1.084290410935E0);
#5647=CARTESIAN_POINT('',(1.675E0,-3.759290410935E0,-2.E0));
#5648=LINE('',#5647,#5646);
#5649=CARTESIAN_POINT('',(2.135E0,-3.759290410935E0,-1.75E0));
#5650=DIRECTION('',(1.E0,0.E0,0.E0));
#5651=DIRECTION('',(0.E0,-6.935951114321E-1,-7.203650611999E-1));
#5652=AXIS2_PLACEMENT_3D('',#5649,#5650,#5651);
#5654=DIRECTION('',(0.E0,6.935951114321E-1,7.203650611999E-1));
#5655=VECTOR('',#5654,2.5E-1);
#5656=CARTESIAN_POINT('',(2.135E0,-3.932689188793E0,-1.930091265300E0));
#5657=LINE('',#5656,#5655);
#5658=CARTESIAN_POINT('',(2.135E0,-2.675E0,-1.75E0));
#5659=DIRECTION('',(1.E0,0.E0,0.E0));
#5660=DIRECTION('',(0.E0,0.E0,-1.E0));
#5661=AXIS2_PLACEMENT_3D('',#5658,#5659,#5660);
#5663=DIRECTION('',(0.E0,1.E0,0.E0));
#5664=VECTOR('',#5663,1.084290410935E0);
#5665=CARTESIAN_POINT('',(1.675E0,-3.759290410935E0,-1.75E0));
#5666=LINE('',#5665,#5664);
#5667=DIRECTION('',(0.E0,1.E0,0.E0));
#5668=VECTOR('',#5667,1.084290410935E0);
#5669=CARTESIAN_POINT('',(2.135E0,-3.759290410935E0,-1.75E0));
#5670=LINE('',#5669,#5668);
#5671=DIRECTION('',(1.E0,0.E0,0.E0));
#5672=VECTOR('',#5671,4.6E-1);
#5673=CARTESIAN_POINT('',(1.675E0,-3.759290410935E0,-1.75E0));
#5674=LINE('',#5673,#5672);
#5675=DIRECTION('',(1.E0,0.E0,0.E0));
#5676=VECTOR('',#5675,4.6E-1);
#5677=CARTESIAN_POINT('',(1.675E0,-2.675E0,-1.8E-1));
#5678=LINE('',#5677,#5676);
#5679=DIRECTION('',(0.E0,0.E0,1.E0));
#5680=VECTOR('',#5679,2.2E-1);
#5681=CARTESIAN_POINT('',(2.135E0,-2.675E0,-4.E-1));
#5682=LINE('',#5681,#5680);
#5683=CARTESIAN_POINT('',(2.285E0,-2.675E0,-6.E-1));
#5684=DIRECTION('',(0.E0,1.E0,0.E0));
#5685=DIRECTION('',(-6.E-1,0.E0,-8.E-1));
#5686=AXIS2_PLACEMENT_3D('',#5683,#5684,#5685);
#5688=DIRECTION('',(0.E0,0.E0,1.E0));
#5689=VECTOR('',#5688,9.5E-1);
#5690=CARTESIAN_POINT('',(2.135E0,-2.675E0,-1.75E0));
#5691=LINE('',#5690,#5689);
#5692=DIRECTION('',(1.E0,0.E0,0.E0));
#5693=VECTOR('',#5692,4.6E-1);
#5694=CARTESIAN_POINT('',(1.675E0,-2.675E0,-1.75E0));
#5695=LINE('',#5694,#5693);
#5696=DIRECTION('',(0.E0,0.E0,1.E0));
#5697=VECTOR('',#5696,9.5E-1);
#5698=CARTESIAN_POINT('',(1.675E0,-2.675E0,-1.75E0));
#5699=LINE('',#5698,#5697);
#5700=CARTESIAN_POINT('',(1.525E0,-2.675E0,-6.E-1));
#5701=DIRECTION('',(0.E0,1.E0,0.E0));
#5702=DIRECTION('',(6.E-1,0.E0,8.E-1));
#5703=AXIS2_PLACEMENT_3D('',#5700,#5701,#5702);
#5705=DIRECTION('',(0.E0,0.E0,1.E0));
#5706=VECTOR('',#5705,2.2E-1);
#5707=CARTESIAN_POINT('',(1.675E0,-2.675E0,-4.E-1));
#5708=LINE('',#5707,#5706);
#5709=DIRECTION('',(0.E0,-7.071067811865E-1,-7.071067811865E-1));
#5710=VECTOR('',#5709,1.131370849898E-1);
#5711=CARTESIAN_POINT('',(2.135E0,-2.595E0,-1.E-1));
#5712=LINE('',#5711,#5710);
#5713=DIRECTION('',(0.E0,-7.071067811865E-1,7.071067811865E-1));
#5714=VECTOR('',#5713,1.131370849898E-1);
#5715=CARTESIAN_POINT('',(2.135E0,-2.425E0,-1.8E-1));
#5716=LINE('',#5715,#5714);
#5717=DIRECTION('',(0.E0,-1.E0,0.E0));
#5718=VECTOR('',#5717,2.5E-1);
#5719=CARTESIAN_POINT('',(2.135E0,-2.425E0,-4.E-1));
#5720=LINE('',#5719,#5718);
#5721=CARTESIAN_POINT('',(2.135E0,-2.675E0,-1.75E0));
#5722=DIRECTION('',(1.E0,0.E0,0.E0));
#5723=DIRECTION('',(0.E0,7.071067811865E-1,-7.071067811865E-1));
#5724=AXIS2_PLACEMENT_3D('',#5721,#5722,#5723);
#5726=DIRECTION('',(0.E0,-7.071067811865E-1,7.071067811865E-1));
#5727=VECTOR('',#5726,2.5E-1);
#5728=CARTESIAN_POINT('',(2.135E0,-2.498223304703E0,-1.926776695297E0));
#5729=LINE('',#5728,#5727);
#5730=DIRECTION('',(1.E0,0.E0,0.E0));
#5731=VECTOR('',#5730,4.6E-1);
#5732=CARTESIAN_POINT('',(1.675E0,-2.595E0,-1.E-1));
#5733=LINE('',#5732,#5731);
#5734=DIRECTION('',(-1.E0,0.E0,0.E0));
#5735=VECTOR('',#5734,4.6E-1);
#5736=CARTESIAN_POINT('',(2.135E0,-2.505E0,-1.E-1));
#5737=LINE('',#5736,#5735);
#5738=DIRECTION('',(0.E0,-1.E0,0.E0));
#5739=VECTOR('',#5738,9.E-2);
#5740=CARTESIAN_POINT('',(2.135E0,-2.505E0,-1.E-1));
#5741=LINE('',#5740,#5739);
#5742=DIRECTION('',(0.E0,7.071067811865E-1,7.071067811865E-1));
#5743=VECTOR('',#5742,1.131370849898E-1);
#5744=CARTESIAN_POINT('',(1.675E0,-2.675E0,-1.8E-1));
#5745=LINE('',#5744,#5743);
#5746=DIRECTION('',(0.E0,7.071067811865E-1,-7.071067811865E-1));
#5747=VECTOR('',#5746,1.131370849898E-1);
#5748=CARTESIAN_POINT('',(1.675E0,-2.505E0,-1.E-1));
#5749=LINE('',#5748,#5747);
#5750=DIRECTION('',(0.E0,-1.E0,0.E0));
#5751=VECTOR('',#5750,9.E-2);
#5752=CARTESIAN_POINT('',(1.675E0,-2.505E0,-1.E-1));
#5753=LINE('',#5752,#5751);
#5754=CARTESIAN_POINT('',(1.675E0,-2.675E0,-1.75E0));
#5755=DIRECTION('',(-1.E0,0.E0,0.E0));
#5756=DIRECTION('',(0.E0,1.E0,0.E0));
#5757=AXIS2_PLACEMENT_3D('',#5754,#5755,#5756);
#5759=DIRECTION('',(0.E0,-1.E0,0.E0));
#5760=VECTOR('',#5759,2.5E-1);
#5761=CARTESIAN_POINT('',(1.675E0,-2.425E0,-8.E-1));
#5762=LINE('',#5761,#5760);
#5763=DIRECTION('',(0.E0,-1.E0,0.E0));
#5764=VECTOR('',#5763,2.5E-1);
#5765=CARTESIAN_POINT('',(1.675E0,-2.425E0,-4.E-1));
#5766=LINE('',#5765,#5764);
#5767=DIRECTION('',(-1.E0,0.E0,0.E0));
#5768=VECTOR('',#5767,4.6E-1);
#5769=CARTESIAN_POINT('',(2.135E0,-2.425E0,-1.75E0));
#5770=LINE('',#5769,#5768);
#5771=DIRECTION('',(0.E0,0.E0,1.E0));
#5772=VECTOR('',#5771,9.5E-1);
#5773=CARTESIAN_POINT('',(2.135E0,-2.425E0,-1.75E0));
#5774=LINE('',#5773,#5772);
#5775=CARTESIAN_POINT('',(2.285E0,-2.425E0,-6.E-1));
#5776=DIRECTION('',(0.E0,1.E0,0.E0));
#5777=DIRECTION('',(-6.E-1,0.E0,-8.E-1));
#5778=AXIS2_PLACEMENT_3D('',#5775,#5776,#5777);
#5780=DIRECTION('',(0.E0,0.E0,1.E0));
#5781=VECTOR('',#5780,2.2E-1);
#5782=CARTESIAN_POINT('',(2.135E0,-2.425E0,-4.E-1));
#5783=LINE('',#5782,#5781);
#5784=DIRECTION('',(-1.E0,0.E0,0.E0));
#5785=VECTOR('',#5784,4.6E-1);
#5786=CARTESIAN_POINT('',(2.135E0,-2.425E0,-1.8E-1));
#5787=LINE('',#5786,#5785);
#5788=DIRECTION('',(0.E0,0.E0,1.E0));
#5789=VECTOR('',#5788,2.2E-1);
#5790=CARTESIAN_POINT('',(1.675E0,-2.425E0,-4.E-1));
#5791=LINE('',#5790,#5789);
#5792=CARTESIAN_POINT('',(1.525E0,-2.425E0,-6.E-1));
#5793=DIRECTION('',(0.E0,1.E0,0.E0));
#5794=DIRECTION('',(6.E-1,0.E0,8.E-1));
#5795=AXIS2_PLACEMENT_3D('',#5792,#5793,#5794);
#5797=DIRECTION('',(0.E0,0.E0,1.E0));
#5798=VECTOR('',#5797,9.5E-1);
#5799=CARTESIAN_POINT('',(1.675E0,-2.425E0,-1.75E0));
#5800=LINE('',#5799,#5798);
#5801=DIRECTION('',(0.E0,-1.E0,0.E0));
#5802=VECTOR('',#5801,2.5E-1);
#5803=CARTESIAN_POINT('',(2.135E0,-2.425E0,-8.E-1));
#5804=LINE('',#5803,#5802);
#5805=DIRECTION('',(1.E0,0.E0,0.E0));
#5806=VECTOR('',#5805,4.6E-1);
#5807=CARTESIAN_POINT('',(1.675E0,-4.168203909580E0,-1.702088975989E-2));
#5808=LINE('',#5807,#5806);
#5809=DIRECTION('',(0.E0,9.994895628512E-1,-3.194704605204E-2));
#5810=VECTOR('',#5809,5.570804449744E-1);
#5811=CARTESIAN_POINT('',(1.675E0,-4.725E0,7.761848703907E-4));
#5812=LINE('',#5811,#5810);
#5813=DIRECTION('',(1.E0,0.E0,0.E0));
#5814=VECTOR('',#5813,4.6E-1);
#5815=CARTESIAN_POINT('',(1.675E0,-4.725E0,7.761848703907E-4));
#5816=LINE('',#5815,#5814);
#5817=DIRECTION('',(0.E0,9.994895628512E-1,-3.194704605204E-2));
#5818=VECTOR('',#5817,5.570804449744E-1);
#5819=CARTESIAN_POINT('',(2.135E0,-4.725E0,7.761848703907E-4));
#5820=LINE('',#5819,#5818);
#5821=CARTESIAN_POINT('',(2.135E0,-4.171398614185E0,-1.169698460450E-1));
#5822=DIRECTION('',(1.E0,0.E0,0.E0));
#5823=DIRECTION('',(0.E0,7.050148331501E-1,7.091925585046E-1));
#5824=AXIS2_PLACEMENT_3D('',#5821,#5822,#5823);
#5826=DIRECTION('',(0.E0,3.194704605204E-2,9.994895628512E-1));
#5827=VECTOR('',#5826,2.5E-1);
#5828=CARTESIAN_POINT('',(2.135E0,-4.725E0,7.761848703907E-4));
#5829=LINE('',#5828,#5827);
#5830=DIRECTION('',(1.E0,0.E0,0.E0));
#5831=VECTOR('',#5830,4.6E-1);
#5832=CARTESIAN_POINT('',(1.675E0,-4.160217148067E0,2.328515009529E-1));
#5833=LINE('',#5832,#5831);
#5834=DIRECTION('',(0.E0,9.994895628512E-1,-3.194704605204E-2));
#5835=VECTOR('',#5834,5.570804449744E-1);
#5836=CARTESIAN_POINT('',(2.135E0,-4.717013238487E0,2.506485755832E-1));
#5837=LINE('',#5836,#5835);
#5838=DIRECTION('',(1.E0,0.E0,0.E0));
#5839=VECTOR('',#5838,4.6E-1);
#5840=CARTESIAN_POINT('',(1.675E0,-4.717013238487E0,2.506485755832E-1));
#5841=LINE('',#5840,#5839);
#5842=DIRECTION('',(0.E0,9.994895628512E-1,-3.194704605204E-2));
#5843=VECTOR('',#5842,5.570804449744E-1);
#5844=CARTESIAN_POINT('',(1.675E0,-4.717013238487E0,2.506485755832E-1));
#5845=LINE('',#5844,#5843);
#5846=CARTESIAN_POINT('',(1.675E0,-3.759290410935E0,-1.75E0));
#5847=CARTESIAN_POINT('',(1.675E0,-2.675E0,-1.75E0));
#5848=VERTEX_POINT('',#5846);
#5849=VERTEX_POINT('',#5847);
#5850=CARTESIAN_POINT('',(2.135E0,-3.759290410935E0,-1.75E0));
#5851=CARTESIAN_POINT('',(2.135E0,-2.675E0,-1.75E0));
#5852=VERTEX_POINT('',#5850);
#5853=VERTEX_POINT('',#5851);
#5854=CARTESIAN_POINT('',(1.675E0,-2.425E0,-4.E-1));
#5855=CARTESIAN_POINT('',(1.675E0,-2.425E0,-8.E-1));
#5856=VERTEX_POINT('',#5854);
#5857=VERTEX_POINT('',#5855);
#5858=CARTESIAN_POINT('',(2.135E0,-2.425E0,-8.E-1));
#5859=CARTESIAN_POINT('',(2.135E0,-2.425E0,-4.E-1));
#5860=VERTEX_POINT('',#5858);
#5861=VERTEX_POINT('',#5859);
#5862=CARTESIAN_POINT('',(1.675E0,-2.675E0,-4.E-1));
#5863=CARTESIAN_POINT('',(1.675E0,-2.675E0,-8.E-1));
#5864=VERTEX_POINT('',#5862);
#5865=VERTEX_POINT('',#5863);
#5866=CARTESIAN_POINT('',(2.135E0,-2.675E0,-8.E-1));
#5867=CARTESIAN_POINT('',(2.135E0,-2.675E0,-4.E-1));
#5868=VERTEX_POINT('',#5866);
#5869=VERTEX_POINT('',#5867);
#5870=CARTESIAN_POINT('',(2.135E0,-2.595E0,-1.E-1));
#5871=CARTESIAN_POINT('',(2.135E0,-2.675E0,-1.8E-1));
#5872=VERTEX_POINT('',#5870);
#5873=VERTEX_POINT('',#5871);
#5874=CARTESIAN_POINT('',(1.675E0,-2.675E0,-1.8E-1));
#5875=VERTEX_POINT('',#5874);
#5876=CARTESIAN_POINT('',(1.675E0,-2.595E0,-1.E-1));
#5877=VERTEX_POINT('',#5876);
#5878=CARTESIAN_POINT('',(1.675E0,-2.505E0,-1.E-1));
#5879=CARTESIAN_POINT('',(1.675E0,-2.425E0,-1.8E-1));
#5880=VERTEX_POINT('',#5878);
#5881=VERTEX_POINT('',#5879);
#5882=CARTESIAN_POINT('',(2.135E0,-2.425E0,-1.8E-1));
#5883=VERTEX_POINT('',#5882);
#5884=CARTESIAN_POINT('',(2.135E0,-2.505E0,-1.E-1));
#5885=VERTEX_POINT('',#5884);
#5886=CARTESIAN_POINT('',(1.675E0,-3.759290410935E0,-2.E0));
#5887=CARTESIAN_POINT('',(1.675E0,-3.932689188793E0,-1.930091265300E0));
#5888=VERTEX_POINT('',#5886);
#5889=VERTEX_POINT('',#5887);
#5890=CARTESIAN_POINT('',(1.675E0,-4.009111253383E0,-1.759462910699E0));
#5891=VERTEX_POINT('',#5890);
#5892=CARTESIAN_POINT('',(2.135E0,-4.009111253383E0,-1.759462910699E0));
#5893=VERTEX_POINT('',#5892);
#5894=CARTESIAN_POINT('',(2.135E0,-3.932689188793E0,-1.930091265300E0));
#5895=VERTEX_POINT('',#5894);
#5896=CARTESIAN_POINT('',(2.135E0,-3.759290410935E0,-2.E0));
#5897=VERTEX_POINT('',#5896);
#5898=CARTESIAN_POINT('',(1.675E0,-2.425E0,-1.75E0));
#5899=CARTESIAN_POINT('',(1.675E0,-2.498223304703E0,-1.926776695297E0));
#5900=VERTEX_POINT('',#5898);
#5901=VERTEX_POINT('',#5899);
#5902=CARTESIAN_POINT('',(1.675E0,-2.675E0,-2.E0));
#5903=VERTEX_POINT('',#5902);
#5904=CARTESIAN_POINT('',(2.135E0,-2.675E0,-2.E0));
#5905=VERTEX_POINT('',#5904);
#5906=CARTESIAN_POINT('',(2.135E0,-2.498223304703E0,-1.926776695297E0));
#5907=VERTEX_POINT('',#5906);
#5908=CARTESIAN_POINT('',(2.135E0,-2.425E0,-1.75E0));
#5909=VERTEX_POINT('',#5908);
#5910=CARTESIAN_POINT('',(1.675E0,-4.725E0,7.761848703907E-4));
#5911=CARTESIAN_POINT('',(2.135E0,-4.725E0,7.761848703907E-4));
#5912=VERTEX_POINT('',#5910);
#5913=VERTEX_POINT('',#5911);
#5914=CARTESIAN_POINT('',(1.675E0,-4.717013238487E0,2.506485755832E-1));
#5915=CARTESIAN_POINT('',(2.135E0,-4.717013238487E0,2.506485755832E-1));
#5916=VERTEX_POINT('',#5914);
#5917=VERTEX_POINT('',#5915);
#5918=CARTESIAN_POINT('',(1.675E0,-4.071470277206E0,-1.131846817655E-1));
#5919=CARTESIAN_POINT('',(2.135E0,-4.071470277206E0,-1.131846817655E-1));
#5920=VERTEX_POINT('',#5918);
#5921=VERTEX_POINT('',#5919);
#5922=CARTESIAN_POINT('',(1.675E0,-4.168203909580E0,-1.702088975989E-2));
#5923=CARTESIAN_POINT('',(2.135E0,-4.168203909580E0,-1.702088975989E-2));
#5924=VERTEX_POINT('',#5922);
#5925=VERTEX_POINT('',#5923);
#5926=CARTESIAN_POINT('',(1.675E0,-4.100897130870E0,-4.605059019455E-2));
#5927=CARTESIAN_POINT('',(1.675E0,-4.075E0,-2.E-2));
#5928=VERTEX_POINT('',#5926);
#5929=VERTEX_POINT('',#5927);
#5930=CARTESIAN_POINT('',(2.135E0,-4.100897130870E0,-4.605059019455E-2));
#5931=CARTESIAN_POINT('',(2.135E0,-4.075E0,-2.E-2));
#5932=VERTEX_POINT('',#5930);
#5933=VERTEX_POINT('',#5931);
#5934=CARTESIAN_POINT('',(2.135E0,-3.821649434758E0,-1.037217710667E-1));
#5935=CARTESIAN_POINT('',(2.135E0,-3.924643422582E0,1.312475494316E-1));
#5936=VERTEX_POINT('',#5934);
#5937=VERTEX_POINT('',#5935);
#5938=CARTESIAN_POINT('',(2.135E0,-4.160217148067E0,2.328515009529E-1));
#5939=VERTEX_POINT('',#5938);
#5940=CARTESIAN_POINT('',(1.675E0,-4.160217148067E0,2.328515009529E-1));
#5941=VERTEX_POINT('',#5940);
#5942=CARTESIAN_POINT('',(1.675E0,-3.924643422582E0,1.312475494316E-1));
#5943=VERTEX_POINT('',#5942);
#5944=CARTESIAN_POINT('',(1.675E0,-3.821649434758E0,-1.037217710667E-1));
#5945=VERTEX_POINT('',#5944);
#5946=CARTESIAN_POINT('',(0.E0,-4.721006619243E0,1.257123802268E-1));
#5947=DIRECTION('',(0.E0,9.994895628512E-1,-3.194704605204E-2));
#5948=DIRECTION('',(1.E0,0.E0,0.E0));
#5949=AXIS2_PLACEMENT_3D('',#5946,#5947,#5948);
#5950=PLANE('',#5949);
#5952=ORIENTED_EDGE('',*,*,#5951,.T.);
#5954=ORIENTED_EDGE('',*,*,#5953,.T.);
#5956=ORIENTED_EDGE('',*,*,#5955,.F.);
#5958=ORIENTED_EDGE('',*,*,#5957,.F.);
#5959=EDGE_LOOP('',(#5952,#5954,#5956,#5958));
#5960=FACE_OUTER_BOUND('',#5959,.F.);
#5961=ADVANCED_FACE('',(#5960),#5950,.F.);
#5962=CARTESIAN_POINT('',(1.675E0,-4.337754175756E0,1.134623438915E-1));
#5963=DIRECTION('',(-1.E0,0.E0,0.E0));
#5964=DIRECTION('',(0.E0,9.994895628512E-1,-3.194704605204E-2));
#5965=AXIS2_PLACEMENT_3D('',#5962,#5963,#5964);
#5966=PLANE('',#5965);
#5968=ORIENTED_EDGE('',*,*,#5967,.F.);
#5970=ORIENTED_EDGE('',*,*,#5969,.F.);
#5971=ORIENTED_EDGE('',*,*,#5951,.F.);
#5973=ORIENTED_EDGE('',*,*,#5972,.T.);
#5975=ORIENTED_EDGE('',*,*,#5974,.F.);
#5977=ORIENTED_EDGE('',*,*,#5976,.T.);
#5979=ORIENTED_EDGE('',*,*,#5978,.T.);
#5980=EDGE_LOOP('',(#5968,#5970,#5971,#5973,#5975,#5977,#5979));
#5981=FACE_OUTER_BOUND('',#5980,.F.);
#5982=ADVANCED_FACE('',(#5981),#5966,.T.);
#5983=CARTESIAN_POINT('',(-1.686366E1,-4.171398614185E0,-1.169698460450E-1));
#5984=DIRECTION('',(1.E0,0.E0,0.E0));
#5985=DIRECTION('',(0.E0,9.992833697894E-1,3.785164279505E-2));
#5986=AXIS2_PLACEMENT_3D('',#5983,#5984,#5985);
#5987=CYLINDRICAL_SURFACE('',#5986,3.5E-1);
#5989=ORIENTED_EDGE('',*,*,#5988,.T.);
#5991=ORIENTED_EDGE('',*,*,#5990,.T.);
#5993=ORIENTED_EDGE('',*,*,#5992,.F.);
#5994=ORIENTED_EDGE('',*,*,#5967,.T.);
#5996=ORIENTED_EDGE('',*,*,#5995,.T.);
#5998=ORIENTED_EDGE('',*,*,#5997,.T.);
#5999=EDGE_LOOP('',(#5989,#5991,#5993,#5994,#5996,#5998));
#6000=FACE_OUTER_BOUND('',#5999,.F.);
#6001=ADVANCED_FACE('',(#6000),#5987,.T.);
#6002=CARTESIAN_POINT('',(2.135E0,-3.917073468868E0,-8.868938462219E-1));
#6003=DIRECTION('',(-1.E0,0.E0,0.E0));
#6004=DIRECTION('',(0.E0,3.785164279505E-2,-9.992833697894E-1));
#6005=AXIS2_PLACEMENT_3D('',#6002,#6003,#6004);
#6006=PLANE('',#6005);
#6007=ORIENTED_EDGE('',*,*,#5988,.F.);
#6009=ORIENTED_EDGE('',*,*,#6008,.T.);
#6011=ORIENTED_EDGE('',*,*,#6010,.F.);
#6013=ORIENTED_EDGE('',*,*,#6012,.F.);
#6015=ORIENTED_EDGE('',*,*,#6014,.F.);
#6017=ORIENTED_EDGE('',*,*,#6016,.F.);
#6019=ORIENTED_EDGE('',*,*,#6018,.T.);
#6021=ORIENTED_EDGE('',*,*,#6020,.T.);
#6022=EDGE_LOOP('',(#6007,#6009,#6011,#6013,#6015,#6017,#6019,#6021));
#6023=FACE_OUTER_BOUND('',#6022,.F.);
#6024=ADVANCED_FACE('',(#6023),#6006,.F.);
#6025=CARTESIAN_POINT('',(-4.675E0,-3.825179157553E0,-1.053708930124E-2));
#6026=DIRECTION('',(0.E0,-9.992833697894E-1,-3.785164279505E-2));
#6027=DIRECTION('',(0.E0,3.785164279505E-2,-9.992833697894E-1));
#6028=AXIS2_PLACEMENT_3D('',#6025,#6026,#6027);
#6029=PLANE('',#6028);
#6030=ORIENTED_EDGE('',*,*,#5997,.F.);
#6032=ORIENTED_EDGE('',*,*,#6031,.T.);
#6034=ORIENTED_EDGE('',*,*,#6033,.T.);
#6035=ORIENTED_EDGE('',*,*,#6008,.F.);
#6036=EDGE_LOOP('',(#6030,#6032,#6034,#6035));
#6037=FACE_OUTER_BOUND('',#6036,.F.);
#6038=ADVANCED_FACE('',(#6037),#6029,.F.);
#6039=CARTESIAN_POINT('',(1.675E0,-3.917073468868E0,-8.868938462219E-1));
#6040=DIRECTION('',(-1.E0,0.E0,0.E0));
#6041=DIRECTION('',(0.E0,3.785164279505E-2,-9.992833697894E-1));
#6042=AXIS2_PLACEMENT_3D('',#6039,#6040,#6041);
#6043=PLANE('',#6042);
#6044=ORIENTED_EDGE('',*,*,#5995,.F.);
#6045=ORIENTED_EDGE('',*,*,#5978,.F.);
#6046=ORIENTED_EDGE('',*,*,#5976,.F.);
#6048=ORIENTED_EDGE('',*,*,#6047,.F.);
#6050=ORIENTED_EDGE('',*,*,#6049,.T.);
#6052=ORIENTED_EDGE('',*,*,#6051,.F.);
#6054=ORIENTED_EDGE('',*,*,#6053,.T.);
#6055=ORIENTED_EDGE('',*,*,#6031,.F.);
#6056=EDGE_LOOP('',(#6044,#6045,#6046,#6048,#6050,#6052,#6054,#6055));
#6057=FACE_OUTER_BOUND('',#6056,.F.);
#6058=ADVANCED_FACE('',(#6057),#6043,.T.);
#6059=CARTESIAN_POINT('',(-1.686366E1,-4.171398614185E0,-1.169698460450E-1));
#6060=DIRECTION('',(1.E0,0.E0,0.E0));
#6061=DIRECTION('',(0.E0,9.992833697894E-1,3.785164279505E-2));
#6062=AXIS2_PLACEMENT_3D('',#6059,#6060,#6061);
#6063=CYLINDRICAL_SURFACE('',#6062,1.E-1);
#6065=ORIENTED_EDGE('',*,*,#6064,.F.);
#6066=ORIENTED_EDGE('',*,*,#6047,.T.);
#6067=ORIENTED_EDGE('',*,*,#5974,.T.);
#6069=ORIENTED_EDGE('',*,*,#6068,.T.);
#6071=ORIENTED_EDGE('',*,*,#6070,.T.);
#6072=ORIENTED_EDGE('',*,*,#6016,.T.);
#6073=EDGE_LOOP('',(#6065,#6066,#6067,#6069,#6071,#6072));
#6074=FACE_OUTER_BOUND('',#6073,.F.);
#6075=ADVANCED_FACE('',(#6074),#6063,.F.);
#6076=CARTESIAN_POINT('',(-4.675E0,-4.075E0,-2.E-2));
#6077=DIRECTION('',(0.E0,-9.992833697894E-1,-3.785164279505E-2));
#6078=DIRECTION('',(0.E0,3.785164279505E-2,-9.992833697894E-1));
#6079=AXIS2_PLACEMENT_3D('',#6076,#6077,#6078);
#6080=PLANE('',#6079);
#6081=ORIENTED_EDGE('',*,*,#6064,.T.);
#6082=ORIENTED_EDGE('',*,*,#6014,.T.);
#6084=ORIENTED_EDGE('',*,*,#6083,.T.);
#6085=ORIENTED_EDGE('',*,*,#6049,.F.);
#6086=EDGE_LOOP('',(#6081,#6082,#6084,#6085));
#6087=FACE_OUTER_BOUND('',#6086,.F.);
#6088=ADVANCED_FACE('',(#6087),#6080,.T.);
#6089=CARTESIAN_POINT('',(1.686366E1,-3.759290410935E0,-1.75E0));
#6090=DIRECTION('',(-1.E0,0.E0,0.E0));
#6091=DIRECTION('',(0.E0,0.E0,-1.E0));
#6092=AXIS2_PLACEMENT_3D('',#6089,#6090,#6091);
#6093=CYLINDRICAL_SURFACE('',#6092,2.5E-1);
#6095=ORIENTED_EDGE('',*,*,#6094,.T.);
#6096=ORIENTED_EDGE('',*,*,#6051,.T.);
#6097=ORIENTED_EDGE('',*,*,#6083,.F.);
#6098=ORIENTED_EDGE('',*,*,#6012,.T.);
#6100=ORIENTED_EDGE('',*,*,#6099,.T.);
#6102=ORIENTED_EDGE('',*,*,#6101,.T.);
#6103=EDGE_LOOP('',(#6095,#6096,#6097,#6098,#6100,#6102));
#6104=FACE_OUTER_BOUND('',#6103,.F.);
#6105=ADVANCED_FACE('',(#6104),#6093,.T.);
#6106=CARTESIAN_POINT('',(1.675E0,-3.214822602734E0,-1.875E0));
#6107=DIRECTION('',(-1.E0,0.E0,0.E0));
#6108=DIRECTION('',(0.E0,1.E0,0.E0));
#6109=AXIS2_PLACEMENT_3D('',#6106,#6107,#6108);
#6110=PLANE('',#6109);
#6111=ORIENTED_EDGE('',*,*,#6094,.F.);
#6113=ORIENTED_EDGE('',*,*,#6112,.T.);
#6115=ORIENTED_EDGE('',*,*,#6114,.F.);
#6117=ORIENTED_EDGE('',*,*,#6116,.T.);
#6119=ORIENTED_EDGE('',*,*,#6118,.F.);
#6120=ORIENTED_EDGE('',*,*,#6053,.F.);
#6121=EDGE_LOOP('',(#6111,#6113,#6115,#6117,#6119,#6120));
#6122=FACE_OUTER_BOUND('',#6121,.F.);
#6123=ADVANCED_FACE('',(#6122),#6110,.T.);
#6124=CARTESIAN_POINT('',(-4.675E0,-4.E0,-2.E0));
#6125=DIRECTION('',(0.E0,0.E0,-1.E0));
#6126=DIRECTION('',(0.E0,1.E0,0.E0));
#6127=AXIS2_PLACEMENT_3D('',#6124,#6125,#6126);
#6128=PLANE('',#6127);
#6129=ORIENTED_EDGE('',*,*,#6101,.F.);
#6131=ORIENTED_EDGE('',*,*,#6130,.T.);
#6133=ORIENTED_EDGE('',*,*,#6132,.T.);
#6134=ORIENTED_EDGE('',*,*,#6112,.F.);
#6135=EDGE_LOOP('',(#6129,#6131,#6133,#6134));
#6136=FACE_OUTER_BOUND('',#6135,.F.);
#6137=ADVANCED_FACE('',(#6136),#6128,.T.);
#6138=CARTESIAN_POINT('',(2.135E0,-3.214822602734E0,-1.875E0));
#6139=DIRECTION('',(-1.E0,0.E0,0.E0));
#6140=DIRECTION('',(0.E0,1.E0,0.E0));
#6141=AXIS2_PLACEMENT_3D('',#6138,#6139,#6140);
#6142=PLANE('',#6141);
#6143=ORIENTED_EDGE('',*,*,#6099,.F.);
#6144=ORIENTED_EDGE('',*,*,#6010,.T.);
#6146=ORIENTED_EDGE('',*,*,#6145,.T.);
#6148=ORIENTED_EDGE('',*,*,#6147,.F.);
#6150=ORIENTED_EDGE('',*,*,#6149,.F.);
#6151=ORIENTED_EDGE('',*,*,#6130,.F.);
#6152=EDGE_LOOP('',(#6143,#6144,#6146,#6148,#6150,#6151));
#6153=FACE_OUTER_BOUND('',#6152,.F.);
#6154=ADVANCED_FACE('',(#6153),#6142,.F.);
#6155=CARTESIAN_POINT('',(-4.675E0,-4.E0,-1.75E0));
#6156=DIRECTION('',(0.E0,0.E0,-1.E0));
#6157=DIRECTION('',(0.E0,1.E0,0.E0));
#6158=AXIS2_PLACEMENT_3D('',#6155,#6156,#6157);
#6159=PLANE('',#6158);
#6160=ORIENTED_EDGE('',*,*,#6118,.T.);
#6162=ORIENTED_EDGE('',*,*,#6161,.T.);
#6163=ORIENTED_EDGE('',*,*,#6145,.F.);
#6164=ORIENTED_EDGE('',*,*,#6033,.F.);
#6165=EDGE_LOOP('',(#6160,#6162,#6163,#6164));
#6166=FACE_OUTER_BOUND('',#6165,.F.);
#6167=ADVANCED_FACE('',(#6166),#6159,.F.);
#6168=CARTESIAN_POINT('',(-4.675E0,-2.675E0,-2.E0));
#6169=DIRECTION('',(0.E0,1.E0,0.E0));
#6170=DIRECTION('',(0.E0,0.E0,1.E0));
#6171=AXIS2_PLACEMENT_3D('',#6168,#6169,#6170);
#6172=PLANE('',#6171);
#6174=ORIENTED_EDGE('',*,*,#6173,.T.);
#6176=ORIENTED_EDGE('',*,*,#6175,.F.);
#6178=ORIENTED_EDGE('',*,*,#6177,.F.);
#6180=ORIENTED_EDGE('',*,*,#6179,.F.);
#6181=ORIENTED_EDGE('',*,*,#6161,.F.);
#6183=ORIENTED_EDGE('',*,*,#6182,.T.);
#6185=ORIENTED_EDGE('',*,*,#6184,.F.);
#6187=ORIENTED_EDGE('',*,*,#6186,.T.);
#6188=EDGE_LOOP('',(#6174,#6176,#6178,#6180,#6181,#6183,#6185,#6187));
#6189=FACE_OUTER_BOUND('',#6188,.F.);
#6190=ADVANCED_FACE('',(#6189),#6172,.F.);
#6191=CARTESIAN_POINT('',(1.905E0,-2.635E0,-1.4E-1));
#6192=DIRECTION('',(0.E0,-7.071067811865E-1,7.071067811865E-1));
#6193=DIRECTION('',(0.E0,-7.071067811865E-1,-7.071067811865E-1));
#6194=AXIS2_PLACEMENT_3D('',#6191,#6192,#6193);
#6195=PLANE('',#6194);
#6197=ORIENTED_EDGE('',*,*,#6196,.T.);
#6198=ORIENTED_EDGE('',*,*,#6173,.F.);
#6200=ORIENTED_EDGE('',*,*,#6199,.T.);
#6202=ORIENTED_EDGE('',*,*,#6201,.T.);
#6203=EDGE_LOOP('',(#6197,#6198,#6200,#6202));
#6204=FACE_OUTER_BOUND('',#6203,.F.);
#6205=ADVANCED_FACE('',(#6204),#6195,.T.);
#6206=CARTESIAN_POINT('',(2.135E0,-2.55E0,-9.875E-1));
#6207=DIRECTION('',(-1.E0,0.E0,0.E0));
#6208=DIRECTION('',(0.E0,0.E0,1.E0));
#6209=AXIS2_PLACEMENT_3D('',#6206,#6207,#6208);
#6210=PLANE('',#6209);
#6211=ORIENTED_EDGE('',*,*,#6196,.F.);
#6213=ORIENTED_EDGE('',*,*,#6212,.F.);
#6215=ORIENTED_EDGE('',*,*,#6214,.F.);
#6217=ORIENTED_EDGE('',*,*,#6216,.F.);
#6219=ORIENTED_EDGE('',*,*,#6218,.T.);
#6220=ORIENTED_EDGE('',*,*,#6175,.T.);
#6221=EDGE_LOOP('',(#6211,#6213,#6215,#6217,#6219,#6220));
#6222=FACE_OUTER_BOUND('',#6221,.F.);
#6223=ADVANCED_FACE('',(#6222),#6210,.F.);
#6224=CARTESIAN_POINT('',(2.135E0,-2.55E0,-9.875E-1));
#6225=DIRECTION('',(-1.E0,0.E0,0.E0));
#6226=DIRECTION('',(0.E0,0.E0,1.E0));
#6227=AXIS2_PLACEMENT_3D('',#6224,#6225,#6226);
#6228=PLANE('',#6227);
#6230=ORIENTED_EDGE('',*,*,#6229,.F.);
#6231=ORIENTED_EDGE('',*,*,#6147,.T.);
#6232=ORIENTED_EDGE('',*,*,#6179,.T.);
#6234=ORIENTED_EDGE('',*,*,#6233,.F.);
#6236=ORIENTED_EDGE('',*,*,#6235,.F.);
#6237=EDGE_LOOP('',(#6230,#6231,#6232,#6234,#6236));
#6238=FACE_OUTER_BOUND('',#6237,.F.);
#6239=ADVANCED_FACE('',(#6238),#6228,.F.);
#6240=CARTESIAN_POINT('',(0.E0,-2.55E0,-1.E-1));
#6241=DIRECTION('',(0.E0,0.E0,1.E0));
#6242=DIRECTION('',(1.E0,0.E0,0.E0));
#6243=AXIS2_PLACEMENT_3D('',#6240,#6241,#6242);
#6244=PLANE('',#6243);
#6245=ORIENTED_EDGE('',*,*,#6201,.F.);
#6247=ORIENTED_EDGE('',*,*,#6246,.F.);
#6249=ORIENTED_EDGE('',*,*,#6248,.F.);
#6250=ORIENTED_EDGE('',*,*,#6212,.T.);
#6251=EDGE_LOOP('',(#6245,#6247,#6249,#6250));
#6252=FACE_OUTER_BOUND('',#6251,.F.);
#6253=ADVANCED_FACE('',(#6252),#6244,.T.);
#6254=CARTESIAN_POINT('',(1.675E0,-2.55E0,-9.875E-1));
#6255=DIRECTION('',(-1.E0,0.E0,0.E0));
#6256=DIRECTION('',(0.E0,0.E0,1.E0));
#6257=AXIS2_PLACEMENT_3D('',#6254,#6255,#6256);
#6258=PLANE('',#6257);
#6259=ORIENTED_EDGE('',*,*,#6199,.F.);
#6260=ORIENTED_EDGE('',*,*,#6186,.F.);
#6262=ORIENTED_EDGE('',*,*,#6261,.F.);
#6264=ORIENTED_EDGE('',*,*,#6263,.T.);
#6266=ORIENTED_EDGE('',*,*,#6265,.F.);
#6267=ORIENTED_EDGE('',*,*,#6246,.T.);
#6268=EDGE_LOOP('',(#6259,#6260,#6262,#6264,#6266,#6267));
#6269=FACE_OUTER_BOUND('',#6268,.F.);
#6270=ADVANCED_FACE('',(#6269),#6258,.T.);
#6271=CARTESIAN_POINT('',(1.675E0,-2.55E0,-9.875E-1));
#6272=DIRECTION('',(-1.E0,0.E0,0.E0));
#6273=DIRECTION('',(0.E0,0.E0,1.E0));
#6274=AXIS2_PLACEMENT_3D('',#6271,#6272,#6273);
#6275=PLANE('',#6274);
#6277=ORIENTED_EDGE('',*,*,#6276,.F.);
#6279=ORIENTED_EDGE('',*,*,#6278,.T.);
#6281=ORIENTED_EDGE('',*,*,#6280,.T.);
#6282=ORIENTED_EDGE('',*,*,#6182,.F.);
#6283=ORIENTED_EDGE('',*,*,#6116,.F.);
#6284=EDGE_LOOP('',(#6277,#6279,#6281,#6282,#6283));
#6285=FACE_OUTER_BOUND('',#6284,.F.);
#6286=ADVANCED_FACE('',(#6285),#6275,.T.);
#6287=CARTESIAN_POINT('',(1.525E0,-2.55E0,-6.E-1));
#6288=DIRECTION('',(0.E0,1.E0,0.E0));
#6289=DIRECTION('',(6.E-1,0.E0,8.E-1));
#6290=AXIS2_PLACEMENT_3D('',#6287,#6288,#6289);
#6291=CYLINDRICAL_SURFACE('',#6290,2.5E-1);
#6293=ORIENTED_EDGE('',*,*,#6292,.F.);
#6294=ORIENTED_EDGE('',*,*,#6261,.T.);
#6295=ORIENTED_EDGE('',*,*,#6184,.T.);
#6296=ORIENTED_EDGE('',*,*,#6280,.F.);
#6297=EDGE_LOOP('',(#6293,#6294,#6295,#6296));
#6298=FACE_OUTER_BOUND('',#6297,.F.);
#6299=ADVANCED_FACE('',(#6298),#6291,.F.);
#6300=CARTESIAN_POINT('',(-4.675E0,-2.425E0,-2.E0));
#6301=DIRECTION('',(0.E0,1.E0,0.E0));
#6302=DIRECTION('',(0.E0,0.E0,1.E0));
#6303=AXIS2_PLACEMENT_3D('',#6300,#6301,#6302);
#6304=PLANE('',#6303);
#6306=ORIENTED_EDGE('',*,*,#6305,.F.);
#6307=ORIENTED_EDGE('',*,*,#6235,.T.);
#6309=ORIENTED_EDGE('',*,*,#6308,.T.);
#6310=ORIENTED_EDGE('',*,*,#6216,.T.);
#6312=ORIENTED_EDGE('',*,*,#6311,.T.);
#6313=ORIENTED_EDGE('',*,*,#6263,.F.);
#6314=ORIENTED_EDGE('',*,*,#6292,.T.);
#6315=ORIENTED_EDGE('',*,*,#6278,.F.);
#6316=EDGE_LOOP('',(#6306,#6307,#6309,#6310,#6312,#6313,#6314,#6315));
#6317=FACE_OUTER_BOUND('',#6316,.F.);
#6318=ADVANCED_FACE('',(#6317),#6304,.T.);
#6319=CARTESIAN_POINT('',(1.686366E1,-2.675E0,-1.75E0));
#6320=DIRECTION('',(-1.E0,0.E0,0.E0));
#6321=DIRECTION('',(0.E0,1.E0,0.E0));
#6322=AXIS2_PLACEMENT_3D('',#6319,#6320,#6321);
#6323=CYLINDRICAL_SURFACE('',#6322,2.5E-1);
#6324=ORIENTED_EDGE('',*,*,#6276,.T.);
#6325=ORIENTED_EDGE('',*,*,#6114,.T.);
#6326=ORIENTED_EDGE('',*,*,#6132,.F.);
#6327=ORIENTED_EDGE('',*,*,#6149,.T.);
#6328=ORIENTED_EDGE('',*,*,#6229,.T.);
#6329=ORIENTED_EDGE('',*,*,#6305,.T.);
#6330=EDGE_LOOP('',(#6324,#6325,#6326,#6327,#6328,#6329));
#6331=FACE_OUTER_BOUND('',#6330,.F.);
#6332=ADVANCED_FACE('',(#6331),#6323,.T.);
#6333=CARTESIAN_POINT('',(2.285E0,-2.55E0,-6.E-1));
#6334=DIRECTION('',(0.E0,1.E0,0.E0));
#6335=DIRECTION('',(-6.E-1,0.E0,-8.E-1));
#6336=AXIS2_PLACEMENT_3D('',#6333,#6334,#6335);
#6337=CYLINDRICAL_SURFACE('',#6336,2.5E-1);
#6338=ORIENTED_EDGE('',*,*,#6308,.F.);
#6339=ORIENTED_EDGE('',*,*,#6233,.T.);
#6340=ORIENTED_EDGE('',*,*,#6177,.T.);
#6341=ORIENTED_EDGE('',*,*,#6218,.F.);
#6342=EDGE_LOOP('',(#6338,#6339,#6340,#6341));
#6343=FACE_OUTER_BOUND('',#6342,.F.);
#6344=ADVANCED_FACE('',(#6343),#6337,.F.);
#6345=CARTESIAN_POINT('',(1.905E0,-2.465E0,-1.4E-1));
#6346=DIRECTION('',(0.E0,7.071067811865E-1,7.071067811865E-1));
#6347=DIRECTION('',(0.E0,7.071067811865E-1,-7.071067811865E-1));
#6348=AXIS2_PLACEMENT_3D('',#6345,#6346,#6347);
#6349=PLANE('',#6348);
#6350=ORIENTED_EDGE('',*,*,#6265,.T.);
#6351=ORIENTED_EDGE('',*,*,#6311,.F.);
#6352=ORIENTED_EDGE('',*,*,#6214,.T.);
#6353=ORIENTED_EDGE('',*,*,#6248,.T.);
#6354=EDGE_LOOP('',(#6350,#6351,#6352,#6353));
#6355=FACE_OUTER_BOUND('',#6354,.F.);
#6356=ADVANCED_FACE('',(#6355),#6349,.T.);
#6357=CARTESIAN_POINT('',(-4.675E0,-4.725E0,7.761848703908E-4));
#6358=DIRECTION('',(0.E0,-3.194704605204E-2,-9.994895628512E-1));
#6359=DIRECTION('',(0.E0,9.994895628512E-1,-3.194704605204E-2));
#6360=AXIS2_PLACEMENT_3D('',#6357,#6358,#6359);
#6361=PLANE('',#6360);
#6362=ORIENTED_EDGE('',*,*,#6068,.F.);
#6363=ORIENTED_EDGE('',*,*,#5972,.F.);
#6364=ORIENTED_EDGE('',*,*,#5957,.T.);
#6366=ORIENTED_EDGE('',*,*,#6365,.T.);
#6367=EDGE_LOOP('',(#6362,#6363,#6364,#6366));
#6368=FACE_OUTER_BOUND('',#6367,.F.);
#6369=ADVANCED_FACE('',(#6368),#6361,.T.);
#6370=CARTESIAN_POINT('',(2.135E0,-4.337754175756E0,1.134623438915E-1));
#6371=DIRECTION('',(-1.E0,0.E0,0.E0));
#6372=DIRECTION('',(0.E0,9.994895628512E-1,-3.194704605204E-2));
#6373=AXIS2_PLACEMENT_3D('',#6370,#6371,#6372);
#6374=PLANE('',#6373);
#6375=ORIENTED_EDGE('',*,*,#5990,.F.);
#6376=ORIENTED_EDGE('',*,*,#6020,.F.);
#6377=ORIENTED_EDGE('',*,*,#6018,.F.);
#6378=ORIENTED_EDGE('',*,*,#6070,.F.);
#6379=ORIENTED_EDGE('',*,*,#6365,.F.);
#6380=ORIENTED_EDGE('',*,*,#5955,.T.);
#6382=ORIENTED_EDGE('',*,*,#6381,.T.);
#6383=EDGE_LOOP('',(#6375,#6376,#6377,#6378,#6379,#6380,#6382));
#6384=FACE_OUTER_BOUND('',#6383,.F.);
#6385=ADVANCED_FACE('',(#6384),#6374,.F.);
#6386=CARTESIAN_POINT('',(-4.675E0,-4.717013238487E0,2.506485755832E-1));
#6387=DIRECTION('',(0.E0,-3.194704605204E-2,-9.994895628512E-1));
#6388=DIRECTION('',(0.E0,9.994895628512E-1,-3.194704605204E-2));
#6389=AXIS2_PLACEMENT_3D('',#6386,#6387,#6388);
#6390=PLANE('',#6389);
#6391=ORIENTED_EDGE('',*,*,#5992,.T.);
#6392=ORIENTED_EDGE('',*,*,#6381,.F.);
#6393=ORIENTED_EDGE('',*,*,#5953,.F.);
#6394=ORIENTED_EDGE('',*,*,#5969,.T.);
#6395=EDGE_LOOP('',(#6391,#6392,#6393,#6394));
#6396=FACE_OUTER_BOUND('',#6395,.F.);
#6397=ADVANCED_FACE('',(#6396),#6390,.F.);
#6398=CLOSED_SHELL('',(#5961,#5982,#6001,#6024,#6038,#6058,#6075,#6088,#6105,
#6123,#6137,#6154,#6167,#6190,#6205,#6223,#6239,#6253,#6270,#6286,#6299,#6318,
#6332,#6344,#6356,#6369,#6385,#6397));
#6399=MANIFOLD_SOLID_BREP('',#6398);
#6401=DIRECTION('',(0.E0,3.194704605204E-2,9.994895628512E-1));
#6402=VECTOR('',#6401,2.5E-1);
#6403=CARTESIAN_POINT('',(2.945E0,-4.725E0,7.761848703907E-4));
#6404=LINE('',#6403,#6402);
#6405=CARTESIAN_POINT('',(2.945E0,-4.171398614185E0,-1.169698460450E-1));
#6406=DIRECTION('',(-1.E0,0.E0,0.E0));
#6407=DIRECTION('',(0.E0,3.194704605204E-2,9.994895628512E-1));
#6408=AXIS2_PLACEMENT_3D('',#6405,#6406,#6407);
#6410=DIRECTION('',(0.E0,7.050148331501E-1,7.091925585047E-1));
#6411=VECTOR('',#6410,3.673274610986E-2);
#6412=CARTESIAN_POINT('',(2.945E0,-4.100897130870E0,-4.605059019455E-2));
#6413=LINE('',#6412,#6411);
#6414=DIRECTION('',(0.E0,7.050148331501E-1,7.091925585046E-1));
#6415=VECTOR('',#6414,2.132672538901E-1);
#6416=CARTESIAN_POINT('',(2.945E0,-4.075E0,-2.E-2));
#6417=LINE('',#6416,#6415);
#6418=CARTESIAN_POINT('',(3.405E0,-4.171398614185E0,-1.169698460450E-1));
#6419=DIRECTION('',(1.E0,0.E0,0.E0));
#6420=DIRECTION('',(0.E0,9.992833697894E-1,3.785164279506E-2));
#6421=AXIS2_PLACEMENT_3D('',#6418,#6419,#6420);
#6423=CARTESIAN_POINT('',(3.405E0,-3.759290410935E0,-1.75E0));
#6424=DIRECTION('',(1.E0,0.E0,0.E0));
#6425=DIRECTION('',(0.E0,-9.992833697894E-1,-3.785164279506E-2));
#6426=AXIS2_PLACEMENT_3D('',#6423,#6424,#6425);
#6428=DIRECTION('',(0.E0,7.050148331501E-1,7.091925585046E-1));
#6429=VECTOR('',#6428,3.673274610986E-2);
#6430=CARTESIAN_POINT('',(3.405E0,-4.100897130870E0,-4.605059019455E-2));
#6431=LINE('',#6430,#6429);
#6432=DIRECTION('',(0.E0,7.050148331501E-1,7.091925585046E-1));
#6433=VECTOR('',#6432,2.132672538901E-1);
#6434=CARTESIAN_POINT('',(3.405E0,-4.075E0,-2.E-2));
#6435=LINE('',#6434,#6433);
#6436=DIRECTION('',(1.E0,0.E0,0.E0));
#6437=VECTOR('',#6436,4.6E-1);
#6438=CARTESIAN_POINT('',(2.945E0,-3.821649434758E0,-1.037217710667E-1));
#6439=LINE('',#6438,#6437);
#6440=DIRECTION('',(0.E0,3.785164279505E-2,-9.992833697894E-1));
#6441=VECTOR('',#6440,1.647458847714E0);
#6442=CARTESIAN_POINT('',(2.945E0,-3.821649434758E0,-1.037217710667E-1));
#6443=LINE('',#6442,#6441);
#6444=DIRECTION('',(0.E0,3.785164279505E-2,-9.992833697894E-1));
#6445=VECTOR('',#6444,1.647458847714E0);
#6446=CARTESIAN_POINT('',(3.405E0,-3.821649434758E0,-1.037217710667E-1));
#6447=LINE('',#6446,#6445);
#6448=CARTESIAN_POINT('',(2.945E0,-4.171398614185E0,-1.169698460450E-1));
#6449=DIRECTION('',(-1.E0,0.E0,0.E0));
#6450=DIRECTION('',(0.E0,7.050148331501E-1,7.091925585046E-1));
#6451=AXIS2_PLACEMENT_3D('',#6448,#6449,#6450);
#6453=CARTESIAN_POINT('',(2.945E0,-3.759290410935E0,-1.75E0));
#6454=DIRECTION('',(-1.E0,0.E0,0.E0));
#6455=DIRECTION('',(0.E0,-6.935951114321E-1,-7.203650611999E-1));
#6456=AXIS2_PLACEMENT_3D('',#6453,#6454,#6455);
#6458=DIRECTION('',(0.E0,6.935951114321E-1,7.203650611999E-1));
#6459=VECTOR('',#6458,2.5E-1);
#6460=CARTESIAN_POINT('',(2.945E0,-3.932689188793E0,-1.930091265300E0));
#6461=LINE('',#6460,#6459);
#6462=CARTESIAN_POINT('',(2.945E0,-4.171398614185E0,-1.169698460450E-1));
#6463=DIRECTION('',(1.E0,0.E0,0.E0));
#6464=DIRECTION('',(0.E0,9.992833697894E-1,3.785164279506E-2));
#6465=AXIS2_PLACEMENT_3D('',#6462,#6463,#6464);
#6467=CARTESIAN_POINT('',(2.945E0,-4.171398614185E0,-1.169698460450E-1));
#6468=DIRECTION('',(1.E0,0.E0,0.E0));
#6469=DIRECTION('',(0.E0,7.050148331501E-1,7.091925585046E-1));
#6470=AXIS2_PLACEMENT_3D('',#6467,#6468,#6469);
#6472=CARTESIAN_POINT('',(3.405E0,-4.171398614185E0,-1.169698460450E-1));
#6473=DIRECTION('',(-1.E0,0.E0,0.E0));
#6474=DIRECTION('',(0.E0,3.194704605205E-2,9.994895628512E-1));
#6475=AXIS2_PLACEMENT_3D('',#6472,#6473,#6474);
#6477=CARTESIAN_POINT('',(3.405E0,-4.171398614185E0,-1.169698460450E-1));
#6478=DIRECTION('',(-1.E0,0.E0,0.E0));
#6479=DIRECTION('',(0.E0,7.050148331501E-1,7.091925585046E-1));
#6480=AXIS2_PLACEMENT_3D('',#6477,#6478,#6479);
#6482=DIRECTION('',(1.E0,0.E0,0.E0));
#6483=VECTOR('',#6482,4.6E-1);
#6484=CARTESIAN_POINT('',(2.945E0,-4.071470277206E0,-1.131846817655E-1));
#6485=LINE('',#6484,#6483);
#6486=DIRECTION('',(0.E0,3.785164279505E-2,-9.992833697894E-1));
#6487=VECTOR('',#6486,1.647458847714E0);
#6488=CARTESIAN_POINT('',(3.405E0,-4.071470277206E0,-1.131846817655E-1));
#6489=LINE('',#6488,#6487);
#6490=DIRECTION('',(-1.E0,0.E0,0.E0));
#6491=VECTOR('',#6490,4.6E-1);
#6492=CARTESIAN_POINT('',(3.405E0,-4.009111253383E0,-1.759462910699E0));
#6493=LINE('',#6492,#6491);
#6494=DIRECTION('',(0.E0,3.785164279505E-2,-9.992833697894E-1));
#6495=VECTOR('',#6494,1.647458847714E0);
#6496=CARTESIAN_POINT('',(2.945E0,-4.071470277206E0,-1.131846817655E-1));
#6497=LINE('',#6496,#6495);
#6498=CARTESIAN_POINT('',(2.945E0,-3.759290410935E0,-1.75E0));
#6499=DIRECTION('',(-1.E0,0.E0,0.E0));
#6500=DIRECTION('',(0.E0,0.E0,-1.E0));
#6501=AXIS2_PLACEMENT_3D('',#6498,#6499,#6500);
#6503=CARTESIAN_POINT('',(2.945E0,-2.675E0,-1.75E0));
#6504=DIRECTION('',(-1.E0,0.E0,0.E0));
#6505=DIRECTION('',(0.E0,7.071067811865E-1,-7.071067811865E-1));
#6506=AXIS2_PLACEMENT_3D('',#6503,#6504,#6505);
#6508=DIRECTION('',(0.E0,-7.071067811865E-1,7.071067811865E-1));
#6509=VECTOR('',#6508,2.5E-1);
#6510=CARTESIAN_POINT('',(2.945E0,-2.498223304703E0,-1.926776695297E0));
#6511=LINE('',#6510,#6509);
#6512=DIRECTION('',(-1.E0,0.E0,0.E0));
#6513=VECTOR('',#6512,4.6E-1);
#6514=CARTESIAN_POINT('',(3.405E0,-3.759290410935E0,-2.E0));
#6515=LINE('',#6514,#6513);
#6516=DIRECTION('',(0.E0,1.E0,0.E0));
#6517=VECTOR('',#6516,1.084290410935E0);
#6518=CARTESIAN_POINT('',(3.405E0,-3.759290410935E0,-2.E0));
#6519=LINE('',#6518,#6517);
#6520=DIRECTION('',(-1.E0,0.E0,0.E0));
#6521=VECTOR('',#6520,4.6E-1);
#6522=CARTESIAN_POINT('',(3.405E0,-2.675E0,-2.E0));
#6523=LINE('',#6522,#6521);
#6524=DIRECTION('',(0.E0,1.E0,0.E0));
#6525=VECTOR('',#6524,1.084290410935E0);
#6526=CARTESIAN_POINT('',(2.945E0,-3.759290410935E0,-2.E0));
#6527=LINE('',#6526,#6525);
#6528=CARTESIAN_POINT('',(3.405E0,-3.759290410935E0,-1.75E0));
#6529=DIRECTION('',(1.E0,0.E0,0.E0));
#6530=DIRECTION('',(0.E0,-6.935951114321E-1,-7.203650611999E-1));
#6531=AXIS2_PLACEMENT_3D('',#6528,#6529,#6530);
#6533=DIRECTION('',(0.E0,6.935951114321E-1,7.203650611999E-1));
#6534=VECTOR('',#6533,2.5E-1);
#6535=CARTESIAN_POINT('',(3.405E0,-3.932689188793E0,-1.930091265300E0));
#6536=LINE('',#6535,#6534);
#6537=CARTESIAN_POINT('',(3.405E0,-2.675E0,-1.75E0));
#6538=DIRECTION('',(1.E0,0.E0,0.E0));
#6539=DIRECTION('',(0.E0,0.E0,-1.E0));
#6540=AXIS2_PLACEMENT_3D('',#6537,#6538,#6539);
#6542=DIRECTION('',(0.E0,1.E0,0.E0));
#6543=VECTOR('',#6542,1.084290410935E0);
#6544=CARTESIAN_POINT('',(3.405E0,-3.759290410935E0,-1.75E0));
#6545=LINE('',#6544,#6543);
#6546=DIRECTION('',(1.E0,0.E0,0.E0));
#6547=VECTOR('',#6546,4.6E-1);
#6548=CARTESIAN_POINT('',(2.945E0,-3.759290410935E0,-1.75E0));
#6549=LINE('',#6548,#6547);
#6550=DIRECTION('',(0.E0,1.E0,0.E0));
#6551=VECTOR('',#6550,1.084290410935E0);
#6552=CARTESIAN_POINT('',(2.945E0,-3.759290410935E0,-1.75E0));
#6553=LINE('',#6552,#6551);
#6554=DIRECTION('',(1.E0,0.E0,0.E0));
#6555=VECTOR('',#6554,4.6E-1);
#6556=CARTESIAN_POINT('',(2.945E0,-2.675E0,-1.8E-1));
#6557=LINE('',#6556,#6555);
#6558=DIRECTION('',(0.E0,0.E0,1.E0));
#6559=VECTOR('',#6558,2.2E-1);
#6560=CARTESIAN_POINT('',(3.405E0,-2.675E0,-4.E-1));
#6561=LINE('',#6560,#6559);
#6562=CARTESIAN_POINT('',(3.555E0,-2.675E0,-6.E-1));
#6563=DIRECTION('',(0.E0,1.E0,0.E0));
#6564=DIRECTION('',(-6.E-1,0.E0,-8.E-1));
#6565=AXIS2_PLACEMENT_3D('',#6562,#6563,#6564);
#6567=DIRECTION('',(0.E0,0.E0,1.E0));
#6568=VECTOR('',#6567,9.5E-1);
#6569=CARTESIAN_POINT('',(3.405E0,-2.675E0,-1.75E0));
#6570=LINE('',#6569,#6568);
#6571=DIRECTION('',(1.E0,0.E0,0.E0));
#6572=VECTOR('',#6571,4.6E-1);
#6573=CARTESIAN_POINT('',(2.945E0,-2.675E0,-1.75E0));
#6574=LINE('',#6573,#6572);
#6575=DIRECTION('',(0.E0,0.E0,1.E0));
#6576=VECTOR('',#6575,9.5E-1);
#6577=CARTESIAN_POINT('',(2.945E0,-2.675E0,-1.75E0));
#6578=LINE('',#6577,#6576);
#6579=CARTESIAN_POINT('',(2.795E0,-2.675E0,-6.E-1));
#6580=DIRECTION('',(0.E0,1.E0,0.E0));
#6581=DIRECTION('',(6.E-1,0.E0,8.E-1));
#6582=AXIS2_PLACEMENT_3D('',#6579,#6580,#6581);
#6584=DIRECTION('',(0.E0,0.E0,1.E0));
#6585=VECTOR('',#6584,2.2E-1);
#6586=CARTESIAN_POINT('',(2.945E0,-2.675E0,-4.E-1));
#6587=LINE('',#6586,#6585);
#6588=DIRECTION('',(0.E0,-7.071067811865E-1,-7.071067811865E-1));
#6589=VECTOR('',#6588,1.131370849898E-1);
#6590=CARTESIAN_POINT('',(3.405E0,-2.595E0,-1.E-1));
#6591=LINE('',#6590,#6589);
#6592=DIRECTION('',(0.E0,-7.071067811865E-1,7.071067811865E-1));
#6593=VECTOR('',#6592,1.131370849898E-1);
#6594=CARTESIAN_POINT('',(3.405E0,-2.425E0,-1.8E-1));
#6595=LINE('',#6594,#6593);
#6596=DIRECTION('',(0.E0,-1.E0,0.E0));
#6597=VECTOR('',#6596,2.5E-1);
#6598=CARTESIAN_POINT('',(3.405E0,-2.425E0,-4.E-1));
#6599=LINE('',#6598,#6597);
#6600=CARTESIAN_POINT('',(3.405E0,-2.675E0,-1.75E0));
#6601=DIRECTION('',(1.E0,0.E0,0.E0));
#6602=DIRECTION('',(0.E0,7.071067811865E-1,-7.071067811865E-1));
#6603=AXIS2_PLACEMENT_3D('',#6600,#6601,#6602);
#6605=DIRECTION('',(0.E0,-7.071067811865E-1,7.071067811865E-1));
#6606=VECTOR('',#6605,2.5E-1);
#6607=CARTESIAN_POINT('',(3.405E0,-2.498223304703E0,-1.926776695297E0));
#6608=LINE('',#6607,#6606);
#6609=DIRECTION('',(1.E0,0.E0,0.E0));
#6610=VECTOR('',#6609,4.6E-1);
#6611=CARTESIAN_POINT('',(2.945E0,-2.595E0,-1.E-1));
#6612=LINE('',#6611,#6610);
#6613=DIRECTION('',(-1.E0,0.E0,0.E0));
#6614=VECTOR('',#6613,4.6E-1);
#6615=CARTESIAN_POINT('',(3.405E0,-2.505E0,-1.E-1));
#6616=LINE('',#6615,#6614);
#6617=DIRECTION('',(0.E0,-1.E0,0.E0));
#6618=VECTOR('',#6617,9.E-2);
#6619=CARTESIAN_POINT('',(3.405E0,-2.505E0,-1.E-1));
#6620=LINE('',#6619,#6618);
#6621=DIRECTION('',(0.E0,7.071067811865E-1,7.071067811865E-1));
#6622=VECTOR('',#6621,1.131370849898E-1);
#6623=CARTESIAN_POINT('',(2.945E0,-2.675E0,-1.8E-1));
#6624=LINE('',#6623,#6622);
#6625=DIRECTION('',(0.E0,7.071067811865E-1,-7.071067811865E-1));
#6626=VECTOR('',#6625,1.131370849898E-1);
#6627=CARTESIAN_POINT('',(2.945E0,-2.505E0,-1.E-1));
#6628=LINE('',#6627,#6626);
#6629=DIRECTION('',(0.E0,-1.E0,0.E0));
#6630=VECTOR('',#6629,9.E-2);
#6631=CARTESIAN_POINT('',(2.945E0,-2.505E0,-1.E-1));
#6632=LINE('',#6631,#6630);
#6633=CARTESIAN_POINT('',(2.945E0,-2.675E0,-1.75E0));
#6634=DIRECTION('',(-1.E0,0.E0,0.E0));
#6635=DIRECTION('',(0.E0,1.E0,0.E0));
#6636=AXIS2_PLACEMENT_3D('',#6633,#6634,#6635);
#6638=DIRECTION('',(0.E0,-1.E0,0.E0));
#6639=VECTOR('',#6638,2.5E-1);
#6640=CARTESIAN_POINT('',(2.945E0,-2.425E0,-8.E-1));
#6641=LINE('',#6640,#6639);
#6642=DIRECTION('',(0.E0,-1.E0,0.E0));
#6643=VECTOR('',#6642,2.5E-1);
#6644=CARTESIAN_POINT('',(2.945E0,-2.425E0,-4.E-1));
#6645=LINE('',#6644,#6643);
#6646=DIRECTION('',(-1.E0,0.E0,0.E0));
#6647=VECTOR('',#6646,4.6E-1);
#6648=CARTESIAN_POINT('',(3.405E0,-2.425E0,-1.75E0));
#6649=LINE('',#6648,#6647);
#6650=DIRECTION('',(0.E0,0.E0,1.E0));
#6651=VECTOR('',#6650,9.5E-1);
#6652=CARTESIAN_POINT('',(3.405E0,-2.425E0,-1.75E0));
#6653=LINE('',#6652,#6651);
#6654=CARTESIAN_POINT('',(3.555E0,-2.425E0,-6.E-1));
#6655=DIRECTION('',(0.E0,1.E0,0.E0));
#6656=DIRECTION('',(-6.E-1,0.E0,-8.E-1));
#6657=AXIS2_PLACEMENT_3D('',#6654,#6655,#6656);
#6659=DIRECTION('',(0.E0,0.E0,1.E0));
#6660=VECTOR('',#6659,2.2E-1);
#6661=CARTESIAN_POINT('',(3.405E0,-2.425E0,-4.E-1));
#6662=LINE('',#6661,#6660);
#6663=DIRECTION('',(-1.E0,0.E0,0.E0));
#6664=VECTOR('',#6663,4.6E-1);
#6665=CARTESIAN_POINT('',(3.405E0,-2.425E0,-1.8E-1));
#6666=LINE('',#6665,#6664);
#6667=DIRECTION('',(0.E0,0.E0,1.E0));
#6668=VECTOR('',#6667,2.2E-1);
#6669=CARTESIAN_POINT('',(2.945E0,-2.425E0,-4.E-1));
#6670=LINE('',#6669,#6668);
#6671=CARTESIAN_POINT('',(2.795E0,-2.425E0,-6.E-1));
#6672=DIRECTION('',(0.E0,1.E0,0.E0));
#6673=DIRECTION('',(6.E-1,0.E0,8.E-1));
#6674=AXIS2_PLACEMENT_3D('',#6671,#6672,#6673);
#6676=DIRECTION('',(0.E0,0.E0,1.E0));
#6677=VECTOR('',#6676,9.5E-1);
#6678=CARTESIAN_POINT('',(2.945E0,-2.425E0,-1.75E0));
#6679=LINE('',#6678,#6677);
#6680=DIRECTION('',(0.E0,-1.E0,0.E0));
#6681=VECTOR('',#6680,2.5E-1);
#6682=CARTESIAN_POINT('',(3.405E0,-2.425E0,-8.E-1));
#6683=LINE('',#6682,#6681);
#6684=DIRECTION('',(1.E0,0.E0,0.E0));
#6685=VECTOR('',#6684,4.6E-1);
#6686=CARTESIAN_POINT('',(2.945E0,-4.168203909580E0,-1.702088975989E-2));
#6687=LINE('',#6686,#6685);
#6688=DIRECTION('',(0.E0,9.994895628512E-1,-3.194704605204E-2));
#6689=VECTOR('',#6688,5.570804449744E-1);
#6690=CARTESIAN_POINT('',(2.945E0,-4.725E0,7.761848703907E-4));
#6691=LINE('',#6690,#6689);
#6692=DIRECTION('',(1.E0,0.E0,0.E0));
#6693=VECTOR('',#6692,4.6E-1);
#6694=CARTESIAN_POINT('',(2.945E0,-4.725E0,7.761848703907E-4));
#6695=LINE('',#6694,#6693);
#6696=DIRECTION('',(0.E0,9.994895628512E-1,-3.194704605204E-2));
#6697=VECTOR('',#6696,5.570804449744E-1);
#6698=CARTESIAN_POINT('',(3.405E0,-4.725E0,7.761848703907E-4));
#6699=LINE('',#6698,#6697);
#6700=CARTESIAN_POINT('',(3.405E0,-4.171398614185E0,-1.169698460450E-1));
#6701=DIRECTION('',(1.E0,0.E0,0.E0));
#6702=DIRECTION('',(0.E0,7.050148331501E-1,7.091925585046E-1));
#6703=AXIS2_PLACEMENT_3D('',#6700,#6701,#6702);
#6705=DIRECTION('',(0.E0,3.194704605204E-2,9.994895628512E-1));
#6706=VECTOR('',#6705,2.5E-1);
#6707=CARTESIAN_POINT('',(3.405E0,-4.725E0,7.761848703907E-4));
#6708=LINE('',#6707,#6706);
#6709=DIRECTION('',(1.E0,0.E0,0.E0));
#6710=VECTOR('',#6709,4.6E-1);
#6711=CARTESIAN_POINT('',(2.945E0,-4.160217148067E0,2.328515009529E-1));
#6712=LINE('',#6711,#6710);
#6713=DIRECTION('',(0.E0,9.994895628512E-1,-3.194704605204E-2));
#6714=VECTOR('',#6713,5.570804449744E-1);
#6715=CARTESIAN_POINT('',(3.405E0,-4.717013238487E0,2.506485755832E-1));
#6716=LINE('',#6715,#6714);
#6717=DIRECTION('',(1.E0,0.E0,0.E0));
#6718=VECTOR('',#6717,4.6E-1);
#6719=CARTESIAN_POINT('',(2.945E0,-4.717013238487E0,2.506485755832E-1));
#6720=LINE('',#6719,#6718);
#6721=DIRECTION('',(0.E0,9.994895628512E-1,-3.194704605204E-2));
#6722=VECTOR('',#6721,5.570804449744E-1);
#6723=CARTESIAN_POINT('',(2.945E0,-4.717013238487E0,2.506485755832E-1));
#6724=LINE('',#6723,#6722);
#6725=CARTESIAN_POINT('',(3.405E0,-3.759290410935E0,-1.75E0));
#6726=CARTESIAN_POINT('',(3.405E0,-2.675E0,-1.75E0));
#6727=VERTEX_POINT('',#6725);
#6728=VERTEX_POINT('',#6726);
#6729=CARTESIAN_POINT('',(2.945E0,-3.759290410935E0,-1.75E0));
#6730=CARTESIAN_POINT('',(2.945E0,-2.675E0,-1.75E0));
#6731=VERTEX_POINT('',#6729);
#6732=VERTEX_POINT('',#6730);
#6733=CARTESIAN_POINT('',(2.945E0,-2.425E0,-4.E-1));
#6734=CARTESIAN_POINT('',(2.945E0,-2.425E0,-8.E-1));
#6735=VERTEX_POINT('',#6733);
#6736=VERTEX_POINT('',#6734);
#6737=CARTESIAN_POINT('',(3.405E0,-2.425E0,-8.E-1));
#6738=CARTESIAN_POINT('',(3.405E0,-2.425E0,-4.E-1));
#6739=VERTEX_POINT('',#6737);
#6740=VERTEX_POINT('',#6738);
#6741=CARTESIAN_POINT('',(2.945E0,-2.675E0,-4.E-1));
#6742=CARTESIAN_POINT('',(2.945E0,-2.675E0,-8.E-1));
#6743=VERTEX_POINT('',#6741);
#6744=VERTEX_POINT('',#6742);
#6745=CARTESIAN_POINT('',(3.405E0,-2.675E0,-8.E-1));
#6746=CARTESIAN_POINT('',(3.405E0,-2.675E0,-4.E-1));
#6747=VERTEX_POINT('',#6745);
#6748=VERTEX_POINT('',#6746);
#6749=CARTESIAN_POINT('',(3.405E0,-2.595E0,-1.E-1));
#6750=CARTESIAN_POINT('',(3.405E0,-2.675E0,-1.8E-1));
#6751=VERTEX_POINT('',#6749);
#6752=VERTEX_POINT('',#6750);
#6753=CARTESIAN_POINT('',(2.945E0,-2.675E0,-1.8E-1));
#6754=VERTEX_POINT('',#6753);
#6755=CARTESIAN_POINT('',(2.945E0,-2.595E0,-1.E-1));
#6756=VERTEX_POINT('',#6755);
#6757=CARTESIAN_POINT('',(2.945E0,-2.505E0,-1.E-1));
#6758=CARTESIAN_POINT('',(2.945E0,-2.425E0,-1.8E-1));
#6759=VERTEX_POINT('',#6757);
#6760=VERTEX_POINT('',#6758);
#6761=CARTESIAN_POINT('',(3.405E0,-2.425E0,-1.8E-1));
#6762=VERTEX_POINT('',#6761);
#6763=CARTESIAN_POINT('',(3.405E0,-2.505E0,-1.E-1));
#6764=VERTEX_POINT('',#6763);
#6765=CARTESIAN_POINT('',(2.945E0,-3.759290410935E0,-2.E0));
#6766=CARTESIAN_POINT('',(2.945E0,-3.932689188793E0,-1.930091265300E0));
#6767=VERTEX_POINT('',#6765);
#6768=VERTEX_POINT('',#6766);
#6769=CARTESIAN_POINT('',(2.945E0,-4.009111253383E0,-1.759462910699E0));
#6770=VERTEX_POINT('',#6769);
#6771=CARTESIAN_POINT('',(3.405E0,-4.009111253383E0,-1.759462910699E0));
#6772=VERTEX_POINT('',#6771);
#6773=CARTESIAN_POINT('',(3.405E0,-3.932689188793E0,-1.930091265300E0));
#6774=VERTEX_POINT('',#6773);
#6775=CARTESIAN_POINT('',(3.405E0,-3.759290410935E0,-2.E0));
#6776=VERTEX_POINT('',#6775);
#6777=CARTESIAN_POINT('',(2.945E0,-2.425E0,-1.75E0));
#6778=CARTESIAN_POINT('',(2.945E0,-2.498223304703E0,-1.926776695297E0));
#6779=VERTEX_POINT('',#6777);
#6780=VERTEX_POINT('',#6778);
#6781=CARTESIAN_POINT('',(2.945E0,-2.675E0,-2.E0));
#6782=VERTEX_POINT('',#6781);
#6783=CARTESIAN_POINT('',(3.405E0,-2.675E0,-2.E0));
#6784=VERTEX_POINT('',#6783);
#6785=CARTESIAN_POINT('',(3.405E0,-2.498223304703E0,-1.926776695297E0));
#6786=VERTEX_POINT('',#6785);
#6787=CARTESIAN_POINT('',(3.405E0,-2.425E0,-1.75E0));
#6788=VERTEX_POINT('',#6787);
#6789=CARTESIAN_POINT('',(2.945E0,-4.725E0,7.761848703907E-4));
#6790=CARTESIAN_POINT('',(3.405E0,-4.725E0,7.761848703907E-4));
#6791=VERTEX_POINT('',#6789);
#6792=VERTEX_POINT('',#6790);
#6793=CARTESIAN_POINT('',(2.945E0,-4.717013238487E0,2.506485755832E-1));
#6794=CARTESIAN_POINT('',(3.405E0,-4.717013238487E0,2.506485755832E-1));
#6795=VERTEX_POINT('',#6793);
#6796=VERTEX_POINT('',#6794);
#6797=CARTESIAN_POINT('',(2.945E0,-4.071470277206E0,-1.131846817655E-1));
#6798=CARTESIAN_POINT('',(3.405E0,-4.071470277206E0,-1.131846817655E-1));
#6799=VERTEX_POINT('',#6797);
#6800=VERTEX_POINT('',#6798);
#6801=CARTESIAN_POINT('',(2.945E0,-4.168203909580E0,-1.702088975989E-2));
#6802=CARTESIAN_POINT('',(3.405E0,-4.168203909580E0,-1.702088975989E-2));
#6803=VERTEX_POINT('',#6801);
#6804=VERTEX_POINT('',#6802);
#6805=CARTESIAN_POINT('',(2.945E0,-4.100897130870E0,-4.605059019455E-2));
#6806=CARTESIAN_POINT('',(2.945E0,-4.075E0,-2.E-2));
#6807=VERTEX_POINT('',#6805);
#6808=VERTEX_POINT('',#6806);
#6809=CARTESIAN_POINT('',(3.405E0,-4.100897130870E0,-4.605059019455E-2));
#6810=CARTESIAN_POINT('',(3.405E0,-4.075E0,-2.E-2));
#6811=VERTEX_POINT('',#6809);
#6812=VERTEX_POINT('',#6810);
#6813=CARTESIAN_POINT('',(3.405E0,-3.821649434758E0,-1.037217710667E-1));
#6814=CARTESIAN_POINT('',(3.405E0,-3.924643422582E0,1.312475494316E-1));
#6815=VERTEX_POINT('',#6813);
#6816=VERTEX_POINT('',#6814);
#6817=CARTESIAN_POINT('',(3.405E0,-4.160217148067E0,2.328515009529E-1));
#6818=VERTEX_POINT('',#6817);
#6819=CARTESIAN_POINT('',(2.945E0,-4.160217148067E0,2.328515009529E-1));
#6820=VERTEX_POINT('',#6819);
#6821=CARTESIAN_POINT('',(2.945E0,-3.924643422582E0,1.312475494316E-1));
#6822=VERTEX_POINT('',#6821);
#6823=CARTESIAN_POINT('',(2.945E0,-3.821649434758E0,-1.037217710667E-1));
#6824=VERTEX_POINT('',#6823);
#6825=CARTESIAN_POINT('',(0.E0,-4.721006619243E0,1.257123802268E-1));
#6826=DIRECTION('',(0.E0,9.994895628512E-1,-3.194704605204E-2));
#6827=DIRECTION('',(1.E0,0.E0,0.E0));
#6828=AXIS2_PLACEMENT_3D('',#6825,#6826,#6827);
#6829=PLANE('',#6828);
#6831=ORIENTED_EDGE('',*,*,#6830,.T.);
#6833=ORIENTED_EDGE('',*,*,#6832,.T.);
#6835=ORIENTED_EDGE('',*,*,#6834,.F.);
#6837=ORIENTED_EDGE('',*,*,#6836,.F.);
#6838=EDGE_LOOP('',(#6831,#6833,#6835,#6837));
#6839=FACE_OUTER_BOUND('',#6838,.F.);
#6840=ADVANCED_FACE('',(#6839),#6829,.F.);
#6841=CARTESIAN_POINT('',(2.945E0,-4.337754175756E0,1.134623438915E-1));
#6842=DIRECTION('',(-1.E0,0.E0,0.E0));
#6843=DIRECTION('',(0.E0,9.994895628512E-1,-3.194704605204E-2));
#6844=AXIS2_PLACEMENT_3D('',#6841,#6842,#6843);
#6845=PLANE('',#6844);
#6847=ORIENTED_EDGE('',*,*,#6846,.F.);
#6849=ORIENTED_EDGE('',*,*,#6848,.F.);
#6850=ORIENTED_EDGE('',*,*,#6830,.F.);
#6852=ORIENTED_EDGE('',*,*,#6851,.T.);
#6854=ORIENTED_EDGE('',*,*,#6853,.F.);
#6856=ORIENTED_EDGE('',*,*,#6855,.T.);
#6858=ORIENTED_EDGE('',*,*,#6857,.T.);
#6859=EDGE_LOOP('',(#6847,#6849,#6850,#6852,#6854,#6856,#6858));
#6860=FACE_OUTER_BOUND('',#6859,.F.);
#6861=ADVANCED_FACE('',(#6860),#6845,.T.);
#6862=CARTESIAN_POINT('',(-1.686366E1,-4.171398614185E0,-1.169698460450E-1));
#6863=DIRECTION('',(1.E0,0.E0,0.E0));
#6864=DIRECTION('',(0.E0,9.992833697894E-1,3.785164279505E-2));
#6865=AXIS2_PLACEMENT_3D('',#6862,#6863,#6864);
#6866=CYLINDRICAL_SURFACE('',#6865,3.5E-1);
#6868=ORIENTED_EDGE('',*,*,#6867,.T.);
#6870=ORIENTED_EDGE('',*,*,#6869,.T.);
#6872=ORIENTED_EDGE('',*,*,#6871,.F.);
#6873=ORIENTED_EDGE('',*,*,#6846,.T.);
#6875=ORIENTED_EDGE('',*,*,#6874,.T.);
#6877=ORIENTED_EDGE('',*,*,#6876,.T.);
#6878=EDGE_LOOP('',(#6868,#6870,#6872,#6873,#6875,#6877));
#6879=FACE_OUTER_BOUND('',#6878,.F.);
#6880=ADVANCED_FACE('',(#6879),#6866,.T.);
#6881=CARTESIAN_POINT('',(3.405E0,-3.917073468868E0,-8.868938462219E-1));
#6882=DIRECTION('',(-1.E0,0.E0,0.E0));
#6883=DIRECTION('',(0.E0,3.785164279505E-2,-9.992833697894E-1));
#6884=AXIS2_PLACEMENT_3D('',#6881,#6882,#6883);
#6885=PLANE('',#6884);
#6886=ORIENTED_EDGE('',*,*,#6867,.F.);
#6888=ORIENTED_EDGE('',*,*,#6887,.T.);
#6890=ORIENTED_EDGE('',*,*,#6889,.F.);
#6892=ORIENTED_EDGE('',*,*,#6891,.F.);
#6894=ORIENTED_EDGE('',*,*,#6893,.F.);
#6896=ORIENTED_EDGE('',*,*,#6895,.F.);
#6898=ORIENTED_EDGE('',*,*,#6897,.T.);
#6900=ORIENTED_EDGE('',*,*,#6899,.T.);
#6901=EDGE_LOOP('',(#6886,#6888,#6890,#6892,#6894,#6896,#6898,#6900));
#6902=FACE_OUTER_BOUND('',#6901,.F.);
#6903=ADVANCED_FACE('',(#6902),#6885,.F.);
#6904=CARTESIAN_POINT('',(-4.675E0,-3.825179157553E0,-1.053708930124E-2));
#6905=DIRECTION('',(0.E0,-9.992833697894E-1,-3.785164279505E-2));
#6906=DIRECTION('',(0.E0,3.785164279505E-2,-9.992833697894E-1));
#6907=AXIS2_PLACEMENT_3D('',#6904,#6905,#6906);
#6908=PLANE('',#6907);
#6909=ORIENTED_EDGE('',*,*,#6876,.F.);
#6911=ORIENTED_EDGE('',*,*,#6910,.T.);
#6913=ORIENTED_EDGE('',*,*,#6912,.T.);
#6914=ORIENTED_EDGE('',*,*,#6887,.F.);
#6915=EDGE_LOOP('',(#6909,#6911,#6913,#6914));
#6916=FACE_OUTER_BOUND('',#6915,.F.);
#6917=ADVANCED_FACE('',(#6916),#6908,.F.);
#6918=CARTESIAN_POINT('',(2.945E0,-3.917073468868E0,-8.868938462219E-1));
#6919=DIRECTION('',(-1.E0,0.E0,0.E0));
#6920=DIRECTION('',(0.E0,3.785164279505E-2,-9.992833697894E-1));
#6921=AXIS2_PLACEMENT_3D('',#6918,#6919,#6920);
#6922=PLANE('',#6921);
#6923=ORIENTED_EDGE('',*,*,#6874,.F.);
#6924=ORIENTED_EDGE('',*,*,#6857,.F.);
#6925=ORIENTED_EDGE('',*,*,#6855,.F.);
#6927=ORIENTED_EDGE('',*,*,#6926,.F.);
#6929=ORIENTED_EDGE('',*,*,#6928,.T.);
#6931=ORIENTED_EDGE('',*,*,#6930,.F.);
#6933=ORIENTED_EDGE('',*,*,#6932,.T.);
#6934=ORIENTED_EDGE('',*,*,#6910,.F.);
#6935=EDGE_LOOP('',(#6923,#6924,#6925,#6927,#6929,#6931,#6933,#6934));
#6936=FACE_OUTER_BOUND('',#6935,.F.);
#6937=ADVANCED_FACE('',(#6936),#6922,.T.);
#6938=CARTESIAN_POINT('',(-1.686366E1,-4.171398614185E0,-1.169698460450E-1));
#6939=DIRECTION('',(1.E0,0.E0,0.E0));
#6940=DIRECTION('',(0.E0,9.992833697894E-1,3.785164279505E-2));
#6941=AXIS2_PLACEMENT_3D('',#6938,#6939,#6940);
#6942=CYLINDRICAL_SURFACE('',#6941,1.E-1);
#6944=ORIENTED_EDGE('',*,*,#6943,.F.);
#6945=ORIENTED_EDGE('',*,*,#6926,.T.);
#6946=ORIENTED_EDGE('',*,*,#6853,.T.);
#6948=ORIENTED_EDGE('',*,*,#6947,.T.);
#6950=ORIENTED_EDGE('',*,*,#6949,.T.);
#6951=ORIENTED_EDGE('',*,*,#6895,.T.);
#6952=EDGE_LOOP('',(#6944,#6945,#6946,#6948,#6950,#6951));
#6953=FACE_OUTER_BOUND('',#6952,.F.);
#6954=ADVANCED_FACE('',(#6953),#6942,.F.);
#6955=CARTESIAN_POINT('',(-4.675E0,-4.075E0,-2.E-2));
#6956=DIRECTION('',(0.E0,-9.992833697894E-1,-3.785164279505E-2));
#6957=DIRECTION('',(0.E0,3.785164279505E-2,-9.992833697894E-1));
#6958=AXIS2_PLACEMENT_3D('',#6955,#6956,#6957);
#6959=PLANE('',#6958);
#6960=ORIENTED_EDGE('',*,*,#6943,.T.);
#6961=ORIENTED_EDGE('',*,*,#6893,.T.);
#6963=ORIENTED_EDGE('',*,*,#6962,.T.);
#6964=ORIENTED_EDGE('',*,*,#6928,.F.);
#6965=EDGE_LOOP('',(#6960,#6961,#6963,#6964));
#6966=FACE_OUTER_BOUND('',#6965,.F.);
#6967=ADVANCED_FACE('',(#6966),#6959,.T.);
#6968=CARTESIAN_POINT('',(1.686366E1,-3.759290410935E0,-1.75E0));
#6969=DIRECTION('',(-1.E0,0.E0,0.E0));
#6970=DIRECTION('',(0.E0,0.E0,-1.E0));
#6971=AXIS2_PLACEMENT_3D('',#6968,#6969,#6970);
#6972=CYLINDRICAL_SURFACE('',#6971,2.5E-1);
#6974=ORIENTED_EDGE('',*,*,#6973,.T.);
#6975=ORIENTED_EDGE('',*,*,#6930,.T.);
#6976=ORIENTED_EDGE('',*,*,#6962,.F.);
#6977=ORIENTED_EDGE('',*,*,#6891,.T.);
#6979=ORIENTED_EDGE('',*,*,#6978,.T.);
#6981=ORIENTED_EDGE('',*,*,#6980,.T.);
#6982=EDGE_LOOP('',(#6974,#6975,#6976,#6977,#6979,#6981));
#6983=FACE_OUTER_BOUND('',#6982,.F.);
#6984=ADVANCED_FACE('',(#6983),#6972,.T.);
#6985=CARTESIAN_POINT('',(2.945E0,-3.214822602734E0,-1.875E0));
#6986=DIRECTION('',(-1.E0,0.E0,0.E0));
#6987=DIRECTION('',(0.E0,1.E0,0.E0));
#6988=AXIS2_PLACEMENT_3D('',#6985,#6986,#6987);
#6989=PLANE('',#6988);
#6990=ORIENTED_EDGE('',*,*,#6973,.F.);
#6992=ORIENTED_EDGE('',*,*,#6991,.T.);
#6994=ORIENTED_EDGE('',*,*,#6993,.F.);
#6996=ORIENTED_EDGE('',*,*,#6995,.T.);
#6998=ORIENTED_EDGE('',*,*,#6997,.F.);
#6999=ORIENTED_EDGE('',*,*,#6932,.F.);
#7000=EDGE_LOOP('',(#6990,#6992,#6994,#6996,#6998,#6999));
#7001=FACE_OUTER_BOUND('',#7000,.F.);
#7002=ADVANCED_FACE('',(#7001),#6989,.T.);
#7003=CARTESIAN_POINT('',(-4.675E0,-4.E0,-2.E0));
#7004=DIRECTION('',(0.E0,0.E0,-1.E0));
#7005=DIRECTION('',(0.E0,1.E0,0.E0));
#7006=AXIS2_PLACEMENT_3D('',#7003,#7004,#7005);
#7007=PLANE('',#7006);
#7008=ORIENTED_EDGE('',*,*,#6980,.F.);
#7010=ORIENTED_EDGE('',*,*,#7009,.T.);
#7012=ORIENTED_EDGE('',*,*,#7011,.T.);
#7013=ORIENTED_EDGE('',*,*,#6991,.F.);
#7014=EDGE_LOOP('',(#7008,#7010,#7012,#7013));
#7015=FACE_OUTER_BOUND('',#7014,.F.);
#7016=ADVANCED_FACE('',(#7015),#7007,.T.);
#7017=CARTESIAN_POINT('',(3.405E0,-3.214822602734E0,-1.875E0));
#7018=DIRECTION('',(-1.E0,0.E0,0.E0));
#7019=DIRECTION('',(0.E0,1.E0,0.E0));
#7020=AXIS2_PLACEMENT_3D('',#7017,#7018,#7019);
#7021=PLANE('',#7020);
#7022=ORIENTED_EDGE('',*,*,#6978,.F.);
#7023=ORIENTED_EDGE('',*,*,#6889,.T.);
#7025=ORIENTED_EDGE('',*,*,#7024,.T.);
#7027=ORIENTED_EDGE('',*,*,#7026,.F.);
#7029=ORIENTED_EDGE('',*,*,#7028,.F.);
#7030=ORIENTED_EDGE('',*,*,#7009,.F.);
#7031=EDGE_LOOP('',(#7022,#7023,#7025,#7027,#7029,#7030));
#7032=FACE_OUTER_BOUND('',#7031,.F.);
#7033=ADVANCED_FACE('',(#7032),#7021,.F.);
#7034=CARTESIAN_POINT('',(-4.675E0,-4.E0,-1.75E0));
#7035=DIRECTION('',(0.E0,0.E0,-1.E0));
#7036=DIRECTION('',(0.E0,1.E0,0.E0));
#7037=AXIS2_PLACEMENT_3D('',#7034,#7035,#7036);
#7038=PLANE('',#7037);
#7039=ORIENTED_EDGE('',*,*,#7024,.F.);
#7040=ORIENTED_EDGE('',*,*,#6912,.F.);
#7041=ORIENTED_EDGE('',*,*,#6997,.T.);
#7043=ORIENTED_EDGE('',*,*,#7042,.T.);
#7044=EDGE_LOOP('',(#7039,#7040,#7041,#7043));
#7045=FACE_OUTER_BOUND('',#7044,.F.);
#7046=ADVANCED_FACE('',(#7045),#7038,.F.);
#7047=CARTESIAN_POINT('',(-4.675E0,-2.675E0,-2.E0));
#7048=DIRECTION('',(0.E0,1.E0,0.E0));
#7049=DIRECTION('',(0.E0,0.E0,1.E0));
#7050=AXIS2_PLACEMENT_3D('',#7047,#7048,#7049);
#7051=PLANE('',#7050);
#7053=ORIENTED_EDGE('',*,*,#7052,.T.);
#7055=ORIENTED_EDGE('',*,*,#7054,.F.);
#7057=ORIENTED_EDGE('',*,*,#7056,.F.);
#7059=ORIENTED_EDGE('',*,*,#7058,.F.);
#7060=ORIENTED_EDGE('',*,*,#7042,.F.);
#7062=ORIENTED_EDGE('',*,*,#7061,.T.);
#7064=ORIENTED_EDGE('',*,*,#7063,.F.);
#7066=ORIENTED_EDGE('',*,*,#7065,.T.);
#7067=EDGE_LOOP('',(#7053,#7055,#7057,#7059,#7060,#7062,#7064,#7066));
#7068=FACE_OUTER_BOUND('',#7067,.F.);
#7069=ADVANCED_FACE('',(#7068),#7051,.F.);
#7070=CARTESIAN_POINT('',(3.175E0,-2.635E0,-1.4E-1));
#7071=DIRECTION('',(0.E0,-7.071067811865E-1,7.071067811865E-1));
#7072=DIRECTION('',(0.E0,-7.071067811865E-1,-7.071067811865E-1));
#7073=AXIS2_PLACEMENT_3D('',#7070,#7071,#7072);
#7074=PLANE('',#7073);
#7076=ORIENTED_EDGE('',*,*,#7075,.T.);
#7077=ORIENTED_EDGE('',*,*,#7052,.F.);
#7079=ORIENTED_EDGE('',*,*,#7078,.T.);
#7081=ORIENTED_EDGE('',*,*,#7080,.T.);
#7082=EDGE_LOOP('',(#7076,#7077,#7079,#7081));
#7083=FACE_OUTER_BOUND('',#7082,.F.);
#7084=ADVANCED_FACE('',(#7083),#7074,.T.);
#7085=CARTESIAN_POINT('',(3.405E0,-2.55E0,-9.875E-1));
#7086=DIRECTION('',(-1.E0,0.E0,0.E0));
#7087=DIRECTION('',(0.E0,0.E0,1.E0));
#7088=AXIS2_PLACEMENT_3D('',#7085,#7086,#7087);
#7089=PLANE('',#7088);
#7090=ORIENTED_EDGE('',*,*,#7075,.F.);
#7092=ORIENTED_EDGE('',*,*,#7091,.F.);
#7094=ORIENTED_EDGE('',*,*,#7093,.F.);
#7096=ORIENTED_EDGE('',*,*,#7095,.F.);
#7098=ORIENTED_EDGE('',*,*,#7097,.T.);
#7099=ORIENTED_EDGE('',*,*,#7054,.T.);
#7100=EDGE_LOOP('',(#7090,#7092,#7094,#7096,#7098,#7099));
#7101=FACE_OUTER_BOUND('',#7100,.F.);
#7102=ADVANCED_FACE('',(#7101),#7089,.F.);
#7103=CARTESIAN_POINT('',(3.405E0,-2.55E0,-9.875E-1));
#7104=DIRECTION('',(-1.E0,0.E0,0.E0));
#7105=DIRECTION('',(0.E0,0.E0,1.E0));
#7106=AXIS2_PLACEMENT_3D('',#7103,#7104,#7105);
#7107=PLANE('',#7106);
#7109=ORIENTED_EDGE('',*,*,#7108,.F.);
#7110=ORIENTED_EDGE('',*,*,#7026,.T.);
#7111=ORIENTED_EDGE('',*,*,#7058,.T.);
#7113=ORIENTED_EDGE('',*,*,#7112,.F.);
#7115=ORIENTED_EDGE('',*,*,#7114,.F.);
#7116=EDGE_LOOP('',(#7109,#7110,#7111,#7113,#7115));
#7117=FACE_OUTER_BOUND('',#7116,.F.);
#7118=ADVANCED_FACE('',(#7117),#7107,.F.);
#7119=CARTESIAN_POINT('',(0.E0,-2.55E0,-1.E-1));
#7120=DIRECTION('',(0.E0,0.E0,1.E0));
#7121=DIRECTION('',(1.E0,0.E0,0.E0));
#7122=AXIS2_PLACEMENT_3D('',#7119,#7120,#7121);
#7123=PLANE('',#7122);
#7124=ORIENTED_EDGE('',*,*,#7080,.F.);
#7126=ORIENTED_EDGE('',*,*,#7125,.F.);
#7128=ORIENTED_EDGE('',*,*,#7127,.F.);
#7129=ORIENTED_EDGE('',*,*,#7091,.T.);
#7130=EDGE_LOOP('',(#7124,#7126,#7128,#7129));
#7131=FACE_OUTER_BOUND('',#7130,.F.);
#7132=ADVANCED_FACE('',(#7131),#7123,.T.);
#7133=CARTESIAN_POINT('',(2.945E0,-2.55E0,-9.875E-1));
#7134=DIRECTION('',(-1.E0,0.E0,0.E0));
#7135=DIRECTION('',(0.E0,0.E0,1.E0));
#7136=AXIS2_PLACEMENT_3D('',#7133,#7134,#7135);
#7137=PLANE('',#7136);
#7138=ORIENTED_EDGE('',*,*,#7078,.F.);
#7139=ORIENTED_EDGE('',*,*,#7065,.F.);
#7141=ORIENTED_EDGE('',*,*,#7140,.F.);
#7143=ORIENTED_EDGE('',*,*,#7142,.T.);
#7145=ORIENTED_EDGE('',*,*,#7144,.F.);
#7146=ORIENTED_EDGE('',*,*,#7125,.T.);
#7147=EDGE_LOOP('',(#7138,#7139,#7141,#7143,#7145,#7146));
#7148=FACE_OUTER_BOUND('',#7147,.F.);
#7149=ADVANCED_FACE('',(#7148),#7137,.T.);
#7150=CARTESIAN_POINT('',(2.945E0,-2.55E0,-9.875E-1));
#7151=DIRECTION('',(-1.E0,0.E0,0.E0));
#7152=DIRECTION('',(0.E0,0.E0,1.E0));
#7153=AXIS2_PLACEMENT_3D('',#7150,#7151,#7152);
#7154=PLANE('',#7153);
#7156=ORIENTED_EDGE('',*,*,#7155,.F.);
#7158=ORIENTED_EDGE('',*,*,#7157,.T.);
#7160=ORIENTED_EDGE('',*,*,#7159,.T.);
#7161=ORIENTED_EDGE('',*,*,#7061,.F.);
#7162=ORIENTED_EDGE('',*,*,#6995,.F.);
#7163=EDGE_LOOP('',(#7156,#7158,#7160,#7161,#7162));
#7164=FACE_OUTER_BOUND('',#7163,.F.);
#7165=ADVANCED_FACE('',(#7164),#7154,.T.);
#7166=CARTESIAN_POINT('',(2.795E0,-2.55E0,-6.E-1));
#7167=DIRECTION('',(0.E0,1.E0,0.E0));
#7168=DIRECTION('',(6.E-1,0.E0,8.E-1));
#7169=AXIS2_PLACEMENT_3D('',#7166,#7167,#7168);
#7170=CYLINDRICAL_SURFACE('',#7169,2.5E-1);
#7172=ORIENTED_EDGE('',*,*,#7171,.F.);
#7173=ORIENTED_EDGE('',*,*,#7140,.T.);
#7174=ORIENTED_EDGE('',*,*,#7063,.T.);
#7175=ORIENTED_EDGE('',*,*,#7159,.F.);
#7176=EDGE_LOOP('',(#7172,#7173,#7174,#7175));
#7177=FACE_OUTER_BOUND('',#7176,.F.);
#7178=ADVANCED_FACE('',(#7177),#7170,.F.);
#7179=CARTESIAN_POINT('',(-4.675E0,-2.425E0,-2.E0));
#7180=DIRECTION('',(0.E0,1.E0,0.E0));
#7181=DIRECTION('',(0.E0,0.E0,1.E0));
#7182=AXIS2_PLACEMENT_3D('',#7179,#7180,#7181);
#7183=PLANE('',#7182);
#7185=ORIENTED_EDGE('',*,*,#7184,.F.);
#7186=ORIENTED_EDGE('',*,*,#7114,.T.);
#7188=ORIENTED_EDGE('',*,*,#7187,.T.);
#7189=ORIENTED_EDGE('',*,*,#7095,.T.);
#7191=ORIENTED_EDGE('',*,*,#7190,.T.);
#7192=ORIENTED_EDGE('',*,*,#7142,.F.);
#7193=ORIENTED_EDGE('',*,*,#7171,.T.);
#7194=ORIENTED_EDGE('',*,*,#7157,.F.);
#7195=EDGE_LOOP('',(#7185,#7186,#7188,#7189,#7191,#7192,#7193,#7194));
#7196=FACE_OUTER_BOUND('',#7195,.F.);
#7197=ADVANCED_FACE('',(#7196),#7183,.T.);
#7198=CARTESIAN_POINT('',(1.686366E1,-2.675E0,-1.75E0));
#7199=DIRECTION('',(-1.E0,0.E0,0.E0));
#7200=DIRECTION('',(0.E0,1.E0,0.E0));
#7201=AXIS2_PLACEMENT_3D('',#7198,#7199,#7200);
#7202=CYLINDRICAL_SURFACE('',#7201,2.5E-1);
#7203=ORIENTED_EDGE('',*,*,#7155,.T.);
#7204=ORIENTED_EDGE('',*,*,#6993,.T.);
#7205=ORIENTED_EDGE('',*,*,#7011,.F.);
#7206=ORIENTED_EDGE('',*,*,#7028,.T.);
#7207=ORIENTED_EDGE('',*,*,#7108,.T.);
#7208=ORIENTED_EDGE('',*,*,#7184,.T.);
#7209=EDGE_LOOP('',(#7203,#7204,#7205,#7206,#7207,#7208));
#7210=FACE_OUTER_BOUND('',#7209,.F.);
#7211=ADVANCED_FACE('',(#7210),#7202,.T.);
#7212=CARTESIAN_POINT('',(3.555E0,-2.55E0,-6.E-1));
#7213=DIRECTION('',(0.E0,1.E0,0.E0));
#7214=DIRECTION('',(-6.E-1,0.E0,-8.E-1));
#7215=AXIS2_PLACEMENT_3D('',#7212,#7213,#7214);
#7216=CYLINDRICAL_SURFACE('',#7215,2.5E-1);
#7217=ORIENTED_EDGE('',*,*,#7187,.F.);
#7218=ORIENTED_EDGE('',*,*,#7112,.T.);
#7219=ORIENTED_EDGE('',*,*,#7056,.T.);
#7220=ORIENTED_EDGE('',*,*,#7097,.F.);
#7221=EDGE_LOOP('',(#7217,#7218,#7219,#7220));
#7222=FACE_OUTER_BOUND('',#7221,.F.);
#7223=ADVANCED_FACE('',(#7222),#7216,.F.);
#7224=CARTESIAN_POINT('',(3.175E0,-2.465E0,-1.4E-1));
#7225=DIRECTION('',(0.E0,7.071067811865E-1,7.071067811865E-1));
#7226=DIRECTION('',(0.E0,7.071067811865E-1,-7.071067811865E-1));
#7227=AXIS2_PLACEMENT_3D('',#7224,#7225,#7226);
#7228=PLANE('',#7227);
#7229=ORIENTED_EDGE('',*,*,#7144,.T.);
#7230=ORIENTED_EDGE('',*,*,#7190,.F.);
#7231=ORIENTED_EDGE('',*,*,#7093,.T.);
#7232=ORIENTED_EDGE('',*,*,#7127,.T.);
#7233=EDGE_LOOP('',(#7229,#7230,#7231,#7232));
#7234=FACE_OUTER_BOUND('',#7233,.F.);
#7235=ADVANCED_FACE('',(#7234),#7228,.T.);
#7236=CARTESIAN_POINT('',(-4.675E0,-4.725E0,7.761848703908E-4));
#7237=DIRECTION('',(0.E0,-3.194704605204E-2,-9.994895628512E-1));
#7238=DIRECTION('',(0.E0,9.994895628512E-1,-3.194704605204E-2));
#7239=AXIS2_PLACEMENT_3D('',#7236,#7237,#7238);
#7240=PLANE('',#7239);
#7241=ORIENTED_EDGE('',*,*,#6947,.F.);
#7242=ORIENTED_EDGE('',*,*,#6851,.F.);
#7243=ORIENTED_EDGE('',*,*,#6836,.T.);
#7245=ORIENTED_EDGE('',*,*,#7244,.T.);
#7246=EDGE_LOOP('',(#7241,#7242,#7243,#7245));
#7247=FACE_OUTER_BOUND('',#7246,.F.);
#7248=ADVANCED_FACE('',(#7247),#7240,.T.);
#7249=CARTESIAN_POINT('',(3.405E0,-4.337754175756E0,1.134623438915E-1));
#7250=DIRECTION('',(-1.E0,0.E0,0.E0));
#7251=DIRECTION('',(0.E0,9.994895628512E-1,-3.194704605204E-2));
#7252=AXIS2_PLACEMENT_3D('',#7249,#7250,#7251);
#7253=PLANE('',#7252);
#7254=ORIENTED_EDGE('',*,*,#6869,.F.);
#7255=ORIENTED_EDGE('',*,*,#6899,.F.);
#7256=ORIENTED_EDGE('',*,*,#6897,.F.);
#7257=ORIENTED_EDGE('',*,*,#6949,.F.);
#7258=ORIENTED_EDGE('',*,*,#7244,.F.);
#7259=ORIENTED_EDGE('',*,*,#6834,.T.);
#7261=ORIENTED_EDGE('',*,*,#7260,.T.);
#7262=EDGE_LOOP('',(#7254,#7255,#7256,#7257,#7258,#7259,#7261));
#7263=FACE_OUTER_BOUND('',#7262,.F.);
#7264=ADVANCED_FACE('',(#7263),#7253,.F.);
#7265=CARTESIAN_POINT('',(-4.675E0,-4.717013238487E0,2.506485755832E-1));
#7266=DIRECTION('',(0.E0,-3.194704605204E-2,-9.994895628512E-1));
#7267=DIRECTION('',(0.E0,9.994895628512E-1,-3.194704605204E-2));
#7268=AXIS2_PLACEMENT_3D('',#7265,#7266,#7267);
#7269=PLANE('',#7268);
#7270=ORIENTED_EDGE('',*,*,#6871,.T.);
#7271=ORIENTED_EDGE('',*,*,#7260,.F.);
#7272=ORIENTED_EDGE('',*,*,#6832,.F.);
#7273=ORIENTED_EDGE('',*,*,#6848,.T.);
#7274=EDGE_LOOP('',(#7270,#7271,#7272,#7273));
#7275=FACE_OUTER_BOUND('',#7274,.F.);
#7276=ADVANCED_FACE('',(#7275),#7269,.F.);
#7277=CLOSED_SHELL('',(#6840,#6861,#6880,#6903,#6917,#6937,#6954,#6967,#6984,
#7002,#7016,#7033,#7046,#7069,#7084,#7102,#7118,#7132,#7149,#7165,#7178,#7197,
#7211,#7223,#7235,#7248,#7264,#7276));
#7278=MANIFOLD_SOLID_BREP('',#7277);
#7280=DIRECTION('',(0.E0,3.194704605204E-2,9.994895628512E-1));
#7281=VECTOR('',#7280,2.5E-1);
#7282=CARTESIAN_POINT('',(-2.135E0,-4.725E0,7.761848703907E-4));
#7283=LINE('',#7282,#7281);
#7284=CARTESIAN_POINT('',(-2.135E0,-4.171398614185E0,-1.169698460450E-1));
#7285=DIRECTION('',(-1.E0,0.E0,0.E0));
#7286=DIRECTION('',(0.E0,3.194704605204E-2,9.994895628512E-1));
#7287=AXIS2_PLACEMENT_3D('',#7284,#7285,#7286);
#7289=DIRECTION('',(0.E0,7.050148331501E-1,7.091925585047E-1));
#7290=VECTOR('',#7289,3.673274610986E-2);
#7291=CARTESIAN_POINT('',(-2.135E0,-4.100897130870E0,-4.605059019455E-2));
#7292=LINE('',#7291,#7290);
#7293=DIRECTION('',(0.E0,7.050148331501E-1,7.091925585046E-1));
#7294=VECTOR('',#7293,2.132672538901E-1);
#7295=CARTESIAN_POINT('',(-2.135E0,-4.075E0,-2.E-2));
#7296=LINE('',#7295,#7294);
#7297=CARTESIAN_POINT('',(-1.675E0,-4.171398614185E0,-1.169698460450E-1));
#7298=DIRECTION('',(1.E0,0.E0,0.E0));
#7299=DIRECTION('',(0.E0,9.992833697894E-1,3.785164279506E-2));
#7300=AXIS2_PLACEMENT_3D('',#7297,#7298,#7299);
#7302=CARTESIAN_POINT('',(-1.675E0,-3.759290410935E0,-1.75E0));
#7303=DIRECTION('',(1.E0,0.E0,0.E0));
#7304=DIRECTION('',(0.E0,-9.992833697894E-1,-3.785164279506E-2));
#7305=AXIS2_PLACEMENT_3D('',#7302,#7303,#7304);
#7307=DIRECTION('',(0.E0,7.050148331501E-1,7.091925585046E-1));
#7308=VECTOR('',#7307,3.673274610986E-2);
#7309=CARTESIAN_POINT('',(-1.675E0,-4.100897130870E0,-4.605059019455E-2));
#7310=LINE('',#7309,#7308);
#7311=DIRECTION('',(0.E0,7.050148331501E-1,7.091925585046E-1));
#7312=VECTOR('',#7311,2.132672538901E-1);
#7313=CARTESIAN_POINT('',(-1.675E0,-4.075E0,-2.E-2));
#7314=LINE('',#7313,#7312);
#7315=DIRECTION('',(1.E0,0.E0,0.E0));
#7316=VECTOR('',#7315,4.6E-1);
#7317=CARTESIAN_POINT('',(-2.135E0,-3.821649434758E0,-1.037217710667E-1));
#7318=LINE('',#7317,#7316);
#7319=DIRECTION('',(0.E0,3.785164279505E-2,-9.992833697894E-1));
#7320=VECTOR('',#7319,1.647458847714E0);
#7321=CARTESIAN_POINT('',(-2.135E0,-3.821649434758E0,-1.037217710667E-1));
#7322=LINE('',#7321,#7320);
#7323=DIRECTION('',(0.E0,3.785164279505E-2,-9.992833697894E-1));
#7324=VECTOR('',#7323,1.647458847714E0);
#7325=CARTESIAN_POINT('',(-1.675E0,-3.821649434758E0,-1.037217710667E-1));
#7326=LINE('',#7325,#7324);
#7327=CARTESIAN_POINT('',(-2.135E0,-4.171398614185E0,-1.169698460450E-1));
#7328=DIRECTION('',(-1.E0,0.E0,0.E0));
#7329=DIRECTION('',(0.E0,7.050148331501E-1,7.091925585046E-1));
#7330=AXIS2_PLACEMENT_3D('',#7327,#7328,#7329);
#7332=CARTESIAN_POINT('',(-2.135E0,-3.759290410935E0,-1.75E0));
#7333=DIRECTION('',(-1.E0,0.E0,0.E0));
#7334=DIRECTION('',(0.E0,-6.935951114321E-1,-7.203650611999E-1));
#7335=AXIS2_PLACEMENT_3D('',#7332,#7333,#7334);
#7337=DIRECTION('',(0.E0,6.935951114321E-1,7.203650611999E-1));
#7338=VECTOR('',#7337,2.5E-1);
#7339=CARTESIAN_POINT('',(-2.135E0,-3.932689188793E0,-1.930091265300E0));
#7340=LINE('',#7339,#7338);
#7341=CARTESIAN_POINT('',(-2.135E0,-4.171398614185E0,-1.169698460450E-1));
#7342=DIRECTION('',(1.E0,0.E0,0.E0));
#7343=DIRECTION('',(0.E0,9.992833697894E-1,3.785164279506E-2));
#7344=AXIS2_PLACEMENT_3D('',#7341,#7342,#7343);
#7346=CARTESIAN_POINT('',(-2.135E0,-4.171398614185E0,-1.169698460450E-1));
#7347=DIRECTION('',(1.E0,0.E0,0.E0));
#7348=DIRECTION('',(0.E0,7.050148331501E-1,7.091925585046E-1));
#7349=AXIS2_PLACEMENT_3D('',#7346,#7347,#7348);
#7351=CARTESIAN_POINT('',(-1.675E0,-4.171398614185E0,-1.169698460450E-1));
#7352=DIRECTION('',(-1.E0,0.E0,0.E0));
#7353=DIRECTION('',(0.E0,3.194704605205E-2,9.994895628512E-1));
#7354=AXIS2_PLACEMENT_3D('',#7351,#7352,#7353);
#7356=CARTESIAN_POINT('',(-1.675E0,-4.171398614185E0,-1.169698460450E-1));
#7357=DIRECTION('',(-1.E0,0.E0,0.E0));
#7358=DIRECTION('',(0.E0,7.050148331501E-1,7.091925585046E-1));
#7359=AXIS2_PLACEMENT_3D('',#7356,#7357,#7358);
#7361=DIRECTION('',(1.E0,0.E0,0.E0));
#7362=VECTOR('',#7361,4.6E-1);
#7363=CARTESIAN_POINT('',(-2.135E0,-4.071470277206E0,-1.131846817655E-1));
#7364=LINE('',#7363,#7362);
#7365=DIRECTION('',(0.E0,3.785164279505E-2,-9.992833697894E-1));
#7366=VECTOR('',#7365,1.647458847714E0);
#7367=CARTESIAN_POINT('',(-1.675E0,-4.071470277206E0,-1.131846817655E-1));
#7368=LINE('',#7367,#7366);
#7369=DIRECTION('',(-1.E0,0.E0,0.E0));
#7370=VECTOR('',#7369,4.6E-1);
#7371=CARTESIAN_POINT('',(-1.675E0,-4.009111253383E0,-1.759462910699E0));
#7372=LINE('',#7371,#7370);
#7373=DIRECTION('',(0.E0,3.785164279505E-2,-9.992833697894E-1));
#7374=VECTOR('',#7373,1.647458847714E0);
#7375=CARTESIAN_POINT('',(-2.135E0,-4.071470277206E0,-1.131846817655E-1));
#7376=LINE('',#7375,#7374);
#7377=CARTESIAN_POINT('',(-2.135E0,-3.759290410935E0,-1.75E0));
#7378=DIRECTION('',(-1.E0,0.E0,0.E0));
#7379=DIRECTION('',(0.E0,0.E0,-1.E0));
#7380=AXIS2_PLACEMENT_3D('',#7377,#7378,#7379);
#7382=CARTESIAN_POINT('',(-2.135E0,-2.675E0,-1.75E0));
#7383=DIRECTION('',(-1.E0,0.E0,0.E0));
#7384=DIRECTION('',(0.E0,7.071067811865E-1,-7.071067811865E-1));
#7385=AXIS2_PLACEMENT_3D('',#7382,#7383,#7384);
#7387=DIRECTION('',(0.E0,-7.071067811865E-1,7.071067811865E-1));
#7388=VECTOR('',#7387,2.5E-1);
#7389=CARTESIAN_POINT('',(-2.135E0,-2.498223304703E0,-1.926776695297E0));
#7390=LINE('',#7389,#7388);
#7391=DIRECTION('',(-1.E0,0.E0,0.E0));
#7392=VECTOR('',#7391,4.6E-1);
#7393=CARTESIAN_POINT('',(-1.675E0,-3.759290410935E0,-2.E0));
#7394=LINE('',#7393,#7392);
#7395=DIRECTION('',(0.E0,1.E0,0.E0));
#7396=VECTOR('',#7395,1.084290410935E0);
#7397=CARTESIAN_POINT('',(-1.675E0,-3.759290410935E0,-2.E0));
#7398=LINE('',#7397,#7396);
#7399=DIRECTION('',(-1.E0,0.E0,0.E0));
#7400=VECTOR('',#7399,4.6E-1);
#7401=CARTESIAN_POINT('',(-1.675E0,-2.675E0,-2.E0));
#7402=LINE('',#7401,#7400);
#7403=DIRECTION('',(0.E0,1.E0,0.E0));
#7404=VECTOR('',#7403,1.084290410935E0);
#7405=CARTESIAN_POINT('',(-2.135E0,-3.759290410935E0,-2.E0));
#7406=LINE('',#7405,#7404);
#7407=CARTESIAN_POINT('',(-1.675E0,-3.759290410935E0,-1.75E0));
#7408=DIRECTION('',(1.E0,0.E0,0.E0));
#7409=DIRECTION('',(0.E0,-6.935951114321E-1,-7.203650611999E-1));
#7410=AXIS2_PLACEMENT_3D('',#7407,#7408,#7409);
#7412=DIRECTION('',(0.E0,6.935951114321E-1,7.203650611999E-1));
#7413=VECTOR('',#7412,2.5E-1);
#7414=CARTESIAN_POINT('',(-1.675E0,-3.932689188793E0,-1.930091265300E0));
#7415=LINE('',#7414,#7413);
#7416=CARTESIAN_POINT('',(-1.675E0,-2.675E0,-1.75E0));
#7417=DIRECTION('',(1.E0,0.E0,0.E0));
#7418=DIRECTION('',(0.E0,0.E0,-1.E0));
#7419=AXIS2_PLACEMENT_3D('',#7416,#7417,#7418);
#7421=DIRECTION('',(0.E0,1.E0,0.E0));
#7422=VECTOR('',#7421,1.084290410935E0);
#7423=CARTESIAN_POINT('',(-1.675E0,-3.759290410935E0,-1.75E0));
#7424=LINE('',#7423,#7422);
#7425=DIRECTION('',(1.E0,0.E0,0.E0));
#7426=VECTOR('',#7425,4.6E-1);
#7427=CARTESIAN_POINT('',(-2.135E0,-3.759290410935E0,-1.75E0));
#7428=LINE('',#7427,#7426);
#7429=DIRECTION('',(0.E0,1.E0,0.E0));
#7430=VECTOR('',#7429,1.084290410935E0);
#7431=CARTESIAN_POINT('',(-2.135E0,-3.759290410935E0,-1.75E0));
#7432=LINE('',#7431,#7430);
#7433=DIRECTION('',(1.E0,0.E0,0.E0));
#7434=VECTOR('',#7433,4.6E-1);
#7435=CARTESIAN_POINT('',(-2.135E0,-2.675E0,-1.8E-1));
#7436=LINE('',#7435,#7434);
#7437=DIRECTION('',(0.E0,0.E0,1.E0));
#7438=VECTOR('',#7437,2.2E-1);
#7439=CARTESIAN_POINT('',(-1.675E0,-2.675E0,-4.E-1));
#7440=LINE('',#7439,#7438);
#7441=CARTESIAN_POINT('',(-1.525E0,-2.675E0,-6.E-1));
#7442=DIRECTION('',(0.E0,1.E0,0.E0));
#7443=DIRECTION('',(-6.E-1,0.E0,-8.E-1));
#7444=AXIS2_PLACEMENT_3D('',#7441,#7442,#7443);
#7446=DIRECTION('',(0.E0,0.E0,1.E0));
#7447=VECTOR('',#7446,9.5E-1);
#7448=CARTESIAN_POINT('',(-1.675E0,-2.675E0,-1.75E0));
#7449=LINE('',#7448,#7447);
#7450=DIRECTION('',(1.E0,0.E0,0.E0));
#7451=VECTOR('',#7450,4.6E-1);
#7452=CARTESIAN_POINT('',(-2.135E0,-2.675E0,-1.75E0));
#7453=LINE('',#7452,#7451);
#7454=DIRECTION('',(0.E0,0.E0,1.E0));
#7455=VECTOR('',#7454,9.5E-1);
#7456=CARTESIAN_POINT('',(-2.135E0,-2.675E0,-1.75E0));
#7457=LINE('',#7456,#7455);
#7458=CARTESIAN_POINT('',(-2.285E0,-2.675E0,-6.E-1));
#7459=DIRECTION('',(0.E0,1.E0,0.E0));
#7460=DIRECTION('',(6.E-1,0.E0,8.E-1));
#7461=AXIS2_PLACEMENT_3D('',#7458,#7459,#7460);
#7463=DIRECTION('',(0.E0,0.E0,1.E0));
#7464=VECTOR('',#7463,2.2E-1);
#7465=CARTESIAN_POINT('',(-2.135E0,-2.675E0,-4.E-1));
#7466=LINE('',#7465,#7464);
#7467=DIRECTION('',(0.E0,-7.071067811865E-1,-7.071067811865E-1));
#7468=VECTOR('',#7467,1.131370849898E-1);
#7469=CARTESIAN_POINT('',(-1.675E0,-2.595E0,-1.E-1));
#7470=LINE('',#7469,#7468);
#7471=DIRECTION('',(0.E0,-7.071067811865E-1,7.071067811865E-1));
#7472=VECTOR('',#7471,1.131370849898E-1);
#7473=CARTESIAN_POINT('',(-1.675E0,-2.425E0,-1.8E-1));
#7474=LINE('',#7473,#7472);
#7475=DIRECTION('',(0.E0,-1.E0,0.E0));
#7476=VECTOR('',#7475,2.5E-1);
#7477=CARTESIAN_POINT('',(-1.675E0,-2.425E0,-4.E-1));
#7478=LINE('',#7477,#7476);
#7479=CARTESIAN_POINT('',(-1.675E0,-2.675E0,-1.75E0));
#7480=DIRECTION('',(1.E0,0.E0,0.E0));
#7481=DIRECTION('',(0.E0,7.071067811865E-1,-7.071067811865E-1));
#7482=AXIS2_PLACEMENT_3D('',#7479,#7480,#7481);
#7484=DIRECTION('',(0.E0,-7.071067811865E-1,7.071067811865E-1));
#7485=VECTOR('',#7484,2.5E-1);
#7486=CARTESIAN_POINT('',(-1.675E0,-2.498223304703E0,-1.926776695297E0));
#7487=LINE('',#7486,#7485);
#7488=DIRECTION('',(1.E0,0.E0,0.E0));
#7489=VECTOR('',#7488,4.6E-1);
#7490=CARTESIAN_POINT('',(-2.135E0,-2.595E0,-1.E-1));
#7491=LINE('',#7490,#7489);
#7492=DIRECTION('',(-1.E0,0.E0,0.E0));
#7493=VECTOR('',#7492,4.6E-1);
#7494=CARTESIAN_POINT('',(-1.675E0,-2.505E0,-1.E-1));
#7495=LINE('',#7494,#7493);
#7496=DIRECTION('',(0.E0,-1.E0,0.E0));
#7497=VECTOR('',#7496,9.E-2);
#7498=CARTESIAN_POINT('',(-1.675E0,-2.505E0,-1.E-1));
#7499=LINE('',#7498,#7497);
#7500=DIRECTION('',(0.E0,7.071067811865E-1,7.071067811865E-1));
#7501=VECTOR('',#7500,1.131370849898E-1);
#7502=CARTESIAN_POINT('',(-2.135E0,-2.675E0,-1.8E-1));
#7503=LINE('',#7502,#7501);
#7504=DIRECTION('',(0.E0,7.071067811865E-1,-7.071067811865E-1));
#7505=VECTOR('',#7504,1.131370849898E-1);
#7506=CARTESIAN_POINT('',(-2.135E0,-2.505E0,-1.E-1));
#7507=LINE('',#7506,#7505);
#7508=DIRECTION('',(0.E0,-1.E0,0.E0));
#7509=VECTOR('',#7508,9.E-2);
#7510=CARTESIAN_POINT('',(-2.135E0,-2.505E0,-1.E-1));
#7511=LINE('',#7510,#7509);
#7512=CARTESIAN_POINT('',(-2.135E0,-2.675E0,-1.75E0));
#7513=DIRECTION('',(-1.E0,0.E0,0.E0));
#7514=DIRECTION('',(0.E0,1.E0,0.E0));
#7515=AXIS2_PLACEMENT_3D('',#7512,#7513,#7514);
#7517=DIRECTION('',(0.E0,-1.E0,0.E0));
#7518=VECTOR('',#7517,2.5E-1);
#7519=CARTESIAN_POINT('',(-2.135E0,-2.425E0,-8.E-1));
#7520=LINE('',#7519,#7518);
#7521=DIRECTION('',(0.E0,-1.E0,0.E0));
#7522=VECTOR('',#7521,2.5E-1);
#7523=CARTESIAN_POINT('',(-2.135E0,-2.425E0,-4.E-1));
#7524=LINE('',#7523,#7522);
#7525=DIRECTION('',(-1.E0,0.E0,0.E0));
#7526=VECTOR('',#7525,4.6E-1);
#7527=CARTESIAN_POINT('',(-1.675E0,-2.425E0,-1.75E0));
#7528=LINE('',#7527,#7526);
#7529=DIRECTION('',(0.E0,0.E0,1.E0));
#7530=VECTOR('',#7529,9.5E-1);
#7531=CARTESIAN_POINT('',(-1.675E0,-2.425E0,-1.75E0));
#7532=LINE('',#7531,#7530);
#7533=CARTESIAN_POINT('',(-1.525E0,-2.425E0,-6.E-1));
#7534=DIRECTION('',(0.E0,1.E0,0.E0));
#7535=DIRECTION('',(-6.E-1,0.E0,-8.E-1));
#7536=AXIS2_PLACEMENT_3D('',#7533,#7534,#7535);
#7538=DIRECTION('',(0.E0,0.E0,1.E0));
#7539=VECTOR('',#7538,2.2E-1);
#7540=CARTESIAN_POINT('',(-1.675E0,-2.425E0,-4.E-1));
#7541=LINE('',#7540,#7539);
#7542=DIRECTION('',(-1.E0,0.E0,0.E0));
#7543=VECTOR('',#7542,4.6E-1);
#7544=CARTESIAN_POINT('',(-1.675E0,-2.425E0,-1.8E-1));
#7545=LINE('',#7544,#7543);
#7546=DIRECTION('',(0.E0,0.E0,1.E0));
#7547=VECTOR('',#7546,2.2E-1);
#7548=CARTESIAN_POINT('',(-2.135E0,-2.425E0,-4.E-1));
#7549=LINE('',#7548,#7547);
#7550=CARTESIAN_POINT('',(-2.285E0,-2.425E0,-6.E-1));
#7551=DIRECTION('',(0.E0,1.E0,0.E0));
#7552=DIRECTION('',(6.E-1,0.E0,8.E-1));
#7553=AXIS2_PLACEMENT_3D('',#7550,#7551,#7552);
#7555=DIRECTION('',(0.E0,0.E0,1.E0));
#7556=VECTOR('',#7555,9.5E-1);
#7557=CARTESIAN_POINT('',(-2.135E0,-2.425E0,-1.75E0));
#7558=LINE('',#7557,#7556);
#7559=DIRECTION('',(0.E0,-1.E0,0.E0));
#7560=VECTOR('',#7559,2.5E-1);
#7561=CARTESIAN_POINT('',(-1.675E0,-2.425E0,-8.E-1));
#7562=LINE('',#7561,#7560);
#7563=DIRECTION('',(1.E0,0.E0,0.E0));
#7564=VECTOR('',#7563,4.6E-1);
#7565=CARTESIAN_POINT('',(-2.135E0,-4.168203909580E0,-1.702088975989E-2));
#7566=LINE('',#7565,#7564);
#7567=DIRECTION('',(0.E0,9.994895628512E-1,-3.194704605204E-2));
#7568=VECTOR('',#7567,5.570804449744E-1);
#7569=CARTESIAN_POINT('',(-2.135E0,-4.725E0,7.761848703907E-4));
#7570=LINE('',#7569,#7568);
#7571=DIRECTION('',(1.E0,0.E0,0.E0));
#7572=VECTOR('',#7571,4.6E-1);
#7573=CARTESIAN_POINT('',(-2.135E0,-4.725E0,7.761848703907E-4));
#7574=LINE('',#7573,#7572);
#7575=DIRECTION('',(0.E0,9.994895628512E-1,-3.194704605204E-2));
#7576=VECTOR('',#7575,5.570804449744E-1);
#7577=CARTESIAN_POINT('',(-1.675E0,-4.725E0,7.761848703907E-4));
#7578=LINE('',#7577,#7576);
#7579=CARTESIAN_POINT('',(-1.675E0,-4.171398614185E0,-1.169698460450E-1));
#7580=DIRECTION('',(1.E0,0.E0,0.E0));
#7581=DIRECTION('',(0.E0,7.050148331501E-1,7.091925585046E-1));
#7582=AXIS2_PLACEMENT_3D('',#7579,#7580,#7581);
#7584=DIRECTION('',(0.E0,3.194704605204E-2,9.994895628512E-1));
#7585=VECTOR('',#7584,2.5E-1);
#7586=CARTESIAN_POINT('',(-1.675E0,-4.725E0,7.761848703907E-4));
#7587=LINE('',#7586,#7585);
#7588=DIRECTION('',(1.E0,0.E0,0.E0));
#7589=VECTOR('',#7588,4.6E-1);
#7590=CARTESIAN_POINT('',(-2.135E0,-4.160217148067E0,2.328515009529E-1));
#7591=LINE('',#7590,#7589);
#7592=DIRECTION('',(0.E0,9.994895628512E-1,-3.194704605204E-2));
#7593=VECTOR('',#7592,5.570804449744E-1);
#7594=CARTESIAN_POINT('',(-1.675E0,-4.717013238487E0,2.506485755832E-1));
#7595=LINE('',#7594,#7593);
#7596=DIRECTION('',(1.E0,0.E0,0.E0));
#7597=VECTOR('',#7596,4.6E-1);
#7598=CARTESIAN_POINT('',(-2.135E0,-4.717013238487E0,2.506485755832E-1));
#7599=LINE('',#7598,#7597);
#7600=DIRECTION('',(0.E0,9.994895628512E-1,-3.194704605204E-2));
#7601=VECTOR('',#7600,5.570804449744E-1);
#7602=CARTESIAN_POINT('',(-2.135E0,-4.717013238487E0,2.506485755832E-1));
#7603=LINE('',#7602,#7601);
#7604=CARTESIAN_POINT('',(-1.675E0,-3.759290410935E0,-1.75E0));
#7605=CARTESIAN_POINT('',(-1.675E0,-2.675E0,-1.75E0));
#7606=VERTEX_POINT('',#7604);
#7607=VERTEX_POINT('',#7605);
#7608=CARTESIAN_POINT('',(-2.135E0,-3.759290410935E0,-1.75E0));
#7609=CARTESIAN_POINT('',(-2.135E0,-2.675E0,-1.75E0));
#7610=VERTEX_POINT('',#7608);
#7611=VERTEX_POINT('',#7609);
#7612=CARTESIAN_POINT('',(-1.675E0,-2.425E0,-8.E-1));
#7613=CARTESIAN_POINT('',(-1.675E0,-2.425E0,-4.E-1));
#7614=VERTEX_POINT('',#7612);
#7615=VERTEX_POINT('',#7613);
#7616=CARTESIAN_POINT('',(-2.135E0,-2.425E0,-4.E-1));
#7617=CARTESIAN_POINT('',(-2.135E0,-2.425E0,-8.E-1));
#7618=VERTEX_POINT('',#7616);
#7619=VERTEX_POINT('',#7617);
#7620=CARTESIAN_POINT('',(-1.675E0,-2.675E0,-8.E-1));
#7621=CARTESIAN_POINT('',(-1.675E0,-2.675E0,-4.E-1));
#7622=VERTEX_POINT('',#7620);
#7623=VERTEX_POINT('',#7621);
#7624=CARTESIAN_POINT('',(-2.135E0,-2.675E0,-4.E-1));
#7625=CARTESIAN_POINT('',(-2.135E0,-2.675E0,-8.E-1));
#7626=VERTEX_POINT('',#7624);
#7627=VERTEX_POINT('',#7625);
#7628=CARTESIAN_POINT('',(-1.675E0,-2.595E0,-1.E-1));
#7629=CARTESIAN_POINT('',(-1.675E0,-2.675E0,-1.8E-1));
#7630=VERTEX_POINT('',#7628);
#7631=VERTEX_POINT('',#7629);
#7632=CARTESIAN_POINT('',(-2.135E0,-2.675E0,-1.8E-1));
#7633=VERTEX_POINT('',#7632);
#7634=CARTESIAN_POINT('',(-2.135E0,-2.595E0,-1.E-1));
#7635=VERTEX_POINT('',#7634);
#7636=CARTESIAN_POINT('',(-2.135E0,-2.505E0,-1.E-1));
#7637=CARTESIAN_POINT('',(-2.135E0,-2.425E0,-1.8E-1));
#7638=VERTEX_POINT('',#7636);
#7639=VERTEX_POINT('',#7637);
#7640=CARTESIAN_POINT('',(-1.675E0,-2.425E0,-1.8E-1));
#7641=VERTEX_POINT('',#7640);
#7642=CARTESIAN_POINT('',(-1.675E0,-2.505E0,-1.E-1));
#7643=VERTEX_POINT('',#7642);
#7644=CARTESIAN_POINT('',(-2.135E0,-3.759290410935E0,-2.E0));
#7645=CARTESIAN_POINT('',(-2.135E0,-3.932689188793E0,-1.930091265300E0));
#7646=VERTEX_POINT('',#7644);
#7647=VERTEX_POINT('',#7645);
#7648=CARTESIAN_POINT('',(-2.135E0,-4.009111253383E0,-1.759462910699E0));
#7649=VERTEX_POINT('',#7648);
#7650=CARTESIAN_POINT('',(-1.675E0,-4.009111253383E0,-1.759462910699E0));
#7651=VERTEX_POINT('',#7650);
#7652=CARTESIAN_POINT('',(-1.675E0,-3.932689188793E0,-1.930091265300E0));
#7653=VERTEX_POINT('',#7652);
#7654=CARTESIAN_POINT('',(-1.675E0,-3.759290410935E0,-2.E0));
#7655=VERTEX_POINT('',#7654);
#7656=CARTESIAN_POINT('',(-2.135E0,-2.425E0,-1.75E0));
#7657=CARTESIAN_POINT('',(-2.135E0,-2.498223304703E0,-1.926776695297E0));
#7658=VERTEX_POINT('',#7656);
#7659=VERTEX_POINT('',#7657);
#7660=CARTESIAN_POINT('',(-2.135E0,-2.675E0,-2.E0));
#7661=VERTEX_POINT('',#7660);
#7662=CARTESIAN_POINT('',(-1.675E0,-2.675E0,-2.E0));
#7663=VERTEX_POINT('',#7662);
#7664=CARTESIAN_POINT('',(-1.675E0,-2.498223304703E0,-1.926776695297E0));
#7665=VERTEX_POINT('',#7664);
#7666=CARTESIAN_POINT('',(-1.675E0,-2.425E0,-1.75E0));
#7667=VERTEX_POINT('',#7666);
#7668=CARTESIAN_POINT('',(-2.135E0,-4.725E0,7.761848703907E-4));
#7669=CARTESIAN_POINT('',(-1.675E0,-4.725E0,7.761848703907E-4));
#7670=VERTEX_POINT('',#7668);
#7671=VERTEX_POINT('',#7669);
#7672=CARTESIAN_POINT('',(-2.135E0,-4.717013238487E0,2.506485755832E-1));
#7673=CARTESIAN_POINT('',(-1.675E0,-4.717013238487E0,2.506485755832E-1));
#7674=VERTEX_POINT('',#7672);
#7675=VERTEX_POINT('',#7673);
#7676=CARTESIAN_POINT('',(-2.135E0,-4.071470277206E0,-1.131846817655E-1));
#7677=CARTESIAN_POINT('',(-1.675E0,-4.071470277206E0,-1.131846817655E-1));
#7678=VERTEX_POINT('',#7676);
#7679=VERTEX_POINT('',#7677);
#7680=CARTESIAN_POINT('',(-2.135E0,-4.168203909580E0,-1.702088975989E-2));
#7681=CARTESIAN_POINT('',(-1.675E0,-4.168203909580E0,-1.702088975989E-2));
#7682=VERTEX_POINT('',#7680);
#7683=VERTEX_POINT('',#7681);
#7684=CARTESIAN_POINT('',(-2.135E0,-4.100897130870E0,-4.605059019455E-2));
#7685=CARTESIAN_POINT('',(-2.135E0,-4.075E0,-2.E-2));
#7686=VERTEX_POINT('',#7684);
#7687=VERTEX_POINT('',#7685);
#7688=CARTESIAN_POINT('',(-1.675E0,-4.100897130870E0,-4.605059019455E-2));
#7689=CARTESIAN_POINT('',(-1.675E0,-4.075E0,-2.E-2));
#7690=VERTEX_POINT('',#7688);
#7691=VERTEX_POINT('',#7689);
#7692=CARTESIAN_POINT('',(-1.675E0,-3.821649434758E0,-1.037217710667E-1));
#7693=CARTESIAN_POINT('',(-1.675E0,-3.924643422582E0,1.312475494316E-1));
#7694=VERTEX_POINT('',#7692);
#7695=VERTEX_POINT('',#7693);
#7696=CARTESIAN_POINT('',(-1.675E0,-4.160217148067E0,2.328515009529E-1));
#7697=VERTEX_POINT('',#7696);
#7698=CARTESIAN_POINT('',(-2.135E0,-4.160217148067E0,2.328515009529E-1));
#7699=VERTEX_POINT('',#7698);
#7700=CARTESIAN_POINT('',(-2.135E0,-3.924643422582E0,1.312475494316E-1));
#7701=VERTEX_POINT('',#7700);
#7702=CARTESIAN_POINT('',(-2.135E0,-3.821649434758E0,-1.037217710667E-1));
#7703=VERTEX_POINT('',#7702);
#7704=CARTESIAN_POINT('',(0.E0,-4.721006619243E0,1.257123802268E-1));
#7705=DIRECTION('',(0.E0,9.994895628512E-1,-3.194704605204E-2));
#7706=DIRECTION('',(1.E0,0.E0,0.E0));
#7707=AXIS2_PLACEMENT_3D('',#7704,#7705,#7706);
#7708=PLANE('',#7707);
#7710=ORIENTED_EDGE('',*,*,#7709,.T.);
#7712=ORIENTED_EDGE('',*,*,#7711,.T.);
#7714=ORIENTED_EDGE('',*,*,#7713,.F.);
#7716=ORIENTED_EDGE('',*,*,#7715,.F.);
#7717=EDGE_LOOP('',(#7710,#7712,#7714,#7716));
#7718=FACE_OUTER_BOUND('',#7717,.F.);
#7719=ADVANCED_FACE('',(#7718),#7708,.F.);
#7720=CARTESIAN_POINT('',(-2.135E0,-4.337754175756E0,1.134623438915E-1));
#7721=DIRECTION('',(-1.E0,0.E0,0.E0));
#7722=DIRECTION('',(0.E0,9.994895628512E-1,-3.194704605204E-2));
#7723=AXIS2_PLACEMENT_3D('',#7720,#7721,#7722);
#7724=PLANE('',#7723);
#7726=ORIENTED_EDGE('',*,*,#7725,.F.);
#7728=ORIENTED_EDGE('',*,*,#7727,.F.);
#7729=ORIENTED_EDGE('',*,*,#7709,.F.);
#7731=ORIENTED_EDGE('',*,*,#7730,.T.);
#7733=ORIENTED_EDGE('',*,*,#7732,.F.);
#7735=ORIENTED_EDGE('',*,*,#7734,.T.);
#7737=ORIENTED_EDGE('',*,*,#7736,.T.);
#7738=EDGE_LOOP('',(#7726,#7728,#7729,#7731,#7733,#7735,#7737));
#7739=FACE_OUTER_BOUND('',#7738,.F.);
#7740=ADVANCED_FACE('',(#7739),#7724,.T.);
#7741=CARTESIAN_POINT('',(-1.686366E1,-4.171398614185E0,-1.169698460450E-1));
#7742=DIRECTION('',(1.E0,0.E0,0.E0));
#7743=DIRECTION('',(0.E0,9.992833697894E-1,3.785164279505E-2));
#7744=AXIS2_PLACEMENT_3D('',#7741,#7742,#7743);
#7745=CYLINDRICAL_SURFACE('',#7744,3.5E-1);
#7747=ORIENTED_EDGE('',*,*,#7746,.T.);
#7749=ORIENTED_EDGE('',*,*,#7748,.T.);
#7751=ORIENTED_EDGE('',*,*,#7750,.F.);
#7752=ORIENTED_EDGE('',*,*,#7725,.T.);
#7754=ORIENTED_EDGE('',*,*,#7753,.T.);
#7756=ORIENTED_EDGE('',*,*,#7755,.T.);
#7757=EDGE_LOOP('',(#7747,#7749,#7751,#7752,#7754,#7756));
#7758=FACE_OUTER_BOUND('',#7757,.F.);
#7759=ADVANCED_FACE('',(#7758),#7745,.T.);
#7760=CARTESIAN_POINT('',(-1.675E0,-3.917073468868E0,-8.868938462219E-1));
#7761=DIRECTION('',(-1.E0,0.E0,0.E0));
#7762=DIRECTION('',(0.E0,3.785164279505E-2,-9.992833697894E-1));
#7763=AXIS2_PLACEMENT_3D('',#7760,#7761,#7762);
#7764=PLANE('',#7763);
#7765=ORIENTED_EDGE('',*,*,#7746,.F.);
#7767=ORIENTED_EDGE('',*,*,#7766,.T.);
#7769=ORIENTED_EDGE('',*,*,#7768,.F.);
#7771=ORIENTED_EDGE('',*,*,#7770,.F.);
#7773=ORIENTED_EDGE('',*,*,#7772,.F.);
#7775=ORIENTED_EDGE('',*,*,#7774,.F.);
#7777=ORIENTED_EDGE('',*,*,#7776,.T.);
#7779=ORIENTED_EDGE('',*,*,#7778,.T.);
#7780=EDGE_LOOP('',(#7765,#7767,#7769,#7771,#7773,#7775,#7777,#7779));
#7781=FACE_OUTER_BOUND('',#7780,.F.);
#7782=ADVANCED_FACE('',(#7781),#7764,.F.);
#7783=CARTESIAN_POINT('',(-4.675E0,-3.825179157553E0,-1.053708930124E-2));
#7784=DIRECTION('',(0.E0,-9.992833697894E-1,-3.785164279505E-2));
#7785=DIRECTION('',(0.E0,3.785164279505E-2,-9.992833697894E-1));
#7786=AXIS2_PLACEMENT_3D('',#7783,#7784,#7785);
#7787=PLANE('',#7786);
#7788=ORIENTED_EDGE('',*,*,#7755,.F.);
#7790=ORIENTED_EDGE('',*,*,#7789,.T.);
#7792=ORIENTED_EDGE('',*,*,#7791,.T.);
#7793=ORIENTED_EDGE('',*,*,#7766,.F.);
#7794=EDGE_LOOP('',(#7788,#7790,#7792,#7793));
#7795=FACE_OUTER_BOUND('',#7794,.F.);
#7796=ADVANCED_FACE('',(#7795),#7787,.F.);
#7797=CARTESIAN_POINT('',(-2.135E0,-3.917073468868E0,-8.868938462219E-1));
#7798=DIRECTION('',(-1.E0,0.E0,0.E0));
#7799=DIRECTION('',(0.E0,3.785164279505E-2,-9.992833697894E-1));
#7800=AXIS2_PLACEMENT_3D('',#7797,#7798,#7799);
#7801=PLANE('',#7800);
#7802=ORIENTED_EDGE('',*,*,#7753,.F.);
#7803=ORIENTED_EDGE('',*,*,#7736,.F.);
#7804=ORIENTED_EDGE('',*,*,#7734,.F.);
#7806=ORIENTED_EDGE('',*,*,#7805,.F.);
#7808=ORIENTED_EDGE('',*,*,#7807,.T.);
#7810=ORIENTED_EDGE('',*,*,#7809,.F.);
#7812=ORIENTED_EDGE('',*,*,#7811,.T.);
#7813=ORIENTED_EDGE('',*,*,#7789,.F.);
#7814=EDGE_LOOP('',(#7802,#7803,#7804,#7806,#7808,#7810,#7812,#7813));
#7815=FACE_OUTER_BOUND('',#7814,.F.);
#7816=ADVANCED_FACE('',(#7815),#7801,.T.);
#7817=CARTESIAN_POINT('',(-1.686366E1,-4.171398614185E0,-1.169698460450E-1));
#7818=DIRECTION('',(1.E0,0.E0,0.E0));
#7819=DIRECTION('',(0.E0,9.992833697894E-1,3.785164279505E-2));
#7820=AXIS2_PLACEMENT_3D('',#7817,#7818,#7819);
#7821=CYLINDRICAL_SURFACE('',#7820,1.E-1);
#7823=ORIENTED_EDGE('',*,*,#7822,.F.);
#7824=ORIENTED_EDGE('',*,*,#7805,.T.);
#7825=ORIENTED_EDGE('',*,*,#7732,.T.);
#7827=ORIENTED_EDGE('',*,*,#7826,.T.);
#7829=ORIENTED_EDGE('',*,*,#7828,.T.);
#7830=ORIENTED_EDGE('',*,*,#7774,.T.);
#7831=EDGE_LOOP('',(#7823,#7824,#7825,#7827,#7829,#7830));
#7832=FACE_OUTER_BOUND('',#7831,.F.);
#7833=ADVANCED_FACE('',(#7832),#7821,.F.);
#7834=CARTESIAN_POINT('',(-4.675E0,-4.075E0,-2.E-2));
#7835=DIRECTION('',(0.E0,-9.992833697894E-1,-3.785164279505E-2));
#7836=DIRECTION('',(0.E0,3.785164279505E-2,-9.992833697894E-1));
#7837=AXIS2_PLACEMENT_3D('',#7834,#7835,#7836);
#7838=PLANE('',#7837);
#7839=ORIENTED_EDGE('',*,*,#7822,.T.);
#7840=ORIENTED_EDGE('',*,*,#7772,.T.);
#7842=ORIENTED_EDGE('',*,*,#7841,.T.);
#7843=ORIENTED_EDGE('',*,*,#7807,.F.);
#7844=EDGE_LOOP('',(#7839,#7840,#7842,#7843));
#7845=FACE_OUTER_BOUND('',#7844,.F.);
#7846=ADVANCED_FACE('',(#7845),#7838,.T.);
#7847=CARTESIAN_POINT('',(1.686366E1,-3.759290410935E0,-1.75E0));
#7848=DIRECTION('',(-1.E0,0.E0,0.E0));
#7849=DIRECTION('',(0.E0,0.E0,-1.E0));
#7850=AXIS2_PLACEMENT_3D('',#7847,#7848,#7849);
#7851=CYLINDRICAL_SURFACE('',#7850,2.5E-1);
#7853=ORIENTED_EDGE('',*,*,#7852,.T.);
#7854=ORIENTED_EDGE('',*,*,#7809,.T.);
#7855=ORIENTED_EDGE('',*,*,#7841,.F.);
#7856=ORIENTED_EDGE('',*,*,#7770,.T.);
#7858=ORIENTED_EDGE('',*,*,#7857,.T.);
#7860=ORIENTED_EDGE('',*,*,#7859,.T.);
#7861=EDGE_LOOP('',(#7853,#7854,#7855,#7856,#7858,#7860));
#7862=FACE_OUTER_BOUND('',#7861,.F.);
#7863=ADVANCED_FACE('',(#7862),#7851,.T.);
#7864=CARTESIAN_POINT('',(-2.135E0,-3.214822602734E0,-1.875E0));
#7865=DIRECTION('',(-1.E0,0.E0,0.E0));
#7866=DIRECTION('',(0.E0,1.E0,0.E0));
#7867=AXIS2_PLACEMENT_3D('',#7864,#7865,#7866);
#7868=PLANE('',#7867);
#7869=ORIENTED_EDGE('',*,*,#7852,.F.);
#7871=ORIENTED_EDGE('',*,*,#7870,.T.);
#7873=ORIENTED_EDGE('',*,*,#7872,.F.);
#7875=ORIENTED_EDGE('',*,*,#7874,.T.);
#7877=ORIENTED_EDGE('',*,*,#7876,.F.);
#7878=ORIENTED_EDGE('',*,*,#7811,.F.);
#7879=EDGE_LOOP('',(#7869,#7871,#7873,#7875,#7877,#7878));
#7880=FACE_OUTER_BOUND('',#7879,.F.);
#7881=ADVANCED_FACE('',(#7880),#7868,.T.);
#7882=CARTESIAN_POINT('',(-4.675E0,-4.E0,-2.E0));
#7883=DIRECTION('',(0.E0,0.E0,-1.E0));
#7884=DIRECTION('',(0.E0,1.E0,0.E0));
#7885=AXIS2_PLACEMENT_3D('',#7882,#7883,#7884);
#7886=PLANE('',#7885);
#7887=ORIENTED_EDGE('',*,*,#7859,.F.);
#7889=ORIENTED_EDGE('',*,*,#7888,.T.);
#7891=ORIENTED_EDGE('',*,*,#7890,.T.);
#7892=ORIENTED_EDGE('',*,*,#7870,.F.);
#7893=EDGE_LOOP('',(#7887,#7889,#7891,#7892));
#7894=FACE_OUTER_BOUND('',#7893,.F.);
#7895=ADVANCED_FACE('',(#7894),#7886,.T.);
#7896=CARTESIAN_POINT('',(-1.675E0,-3.214822602734E0,-1.875E0));
#7897=DIRECTION('',(-1.E0,0.E0,0.E0));
#7898=DIRECTION('',(0.E0,1.E0,0.E0));
#7899=AXIS2_PLACEMENT_3D('',#7896,#7897,#7898);
#7900=PLANE('',#7899);
#7901=ORIENTED_EDGE('',*,*,#7857,.F.);
#7902=ORIENTED_EDGE('',*,*,#7768,.T.);
#7904=ORIENTED_EDGE('',*,*,#7903,.T.);
#7906=ORIENTED_EDGE('',*,*,#7905,.F.);
#7908=ORIENTED_EDGE('',*,*,#7907,.F.);
#7909=ORIENTED_EDGE('',*,*,#7888,.F.);
#7910=EDGE_LOOP('',(#7901,#7902,#7904,#7906,#7908,#7909));
#7911=FACE_OUTER_BOUND('',#7910,.F.);
#7912=ADVANCED_FACE('',(#7911),#7900,.F.);
#7913=CARTESIAN_POINT('',(-4.675E0,-4.E0,-1.75E0));
#7914=DIRECTION('',(0.E0,0.E0,-1.E0));
#7915=DIRECTION('',(0.E0,1.E0,0.E0));
#7916=AXIS2_PLACEMENT_3D('',#7913,#7914,#7915);
#7917=PLANE('',#7916);
#7918=ORIENTED_EDGE('',*,*,#7903,.F.);
#7919=ORIENTED_EDGE('',*,*,#7791,.F.);
#7920=ORIENTED_EDGE('',*,*,#7876,.T.);
#7922=ORIENTED_EDGE('',*,*,#7921,.T.);
#7923=EDGE_LOOP('',(#7918,#7919,#7920,#7922));
#7924=FACE_OUTER_BOUND('',#7923,.F.);
#7925=ADVANCED_FACE('',(#7924),#7917,.F.);
#7926=CARTESIAN_POINT('',(-4.675E0,-2.675E0,-2.E0));
#7927=DIRECTION('',(0.E0,1.E0,0.E0));
#7928=DIRECTION('',(0.E0,0.E0,1.E0));
#7929=AXIS2_PLACEMENT_3D('',#7926,#7927,#7928);
#7930=PLANE('',#7929);
#7932=ORIENTED_EDGE('',*,*,#7931,.T.);
#7934=ORIENTED_EDGE('',*,*,#7933,.F.);
#7936=ORIENTED_EDGE('',*,*,#7935,.F.);
#7938=ORIENTED_EDGE('',*,*,#7937,.F.);
#7939=ORIENTED_EDGE('',*,*,#7921,.F.);
#7941=ORIENTED_EDGE('',*,*,#7940,.T.);
#7943=ORIENTED_EDGE('',*,*,#7942,.F.);
#7945=ORIENTED_EDGE('',*,*,#7944,.T.);
#7946=EDGE_LOOP('',(#7932,#7934,#7936,#7938,#7939,#7941,#7943,#7945));
#7947=FACE_OUTER_BOUND('',#7946,.F.);
#7948=ADVANCED_FACE('',(#7947),#7930,.F.);
#7949=CARTESIAN_POINT('',(-1.905E0,-2.635E0,-1.4E-1));
#7950=DIRECTION('',(0.E0,-7.071067811865E-1,7.071067811865E-1));
#7951=DIRECTION('',(0.E0,-7.071067811865E-1,-7.071067811865E-1));
#7952=AXIS2_PLACEMENT_3D('',#7949,#7950,#7951);
#7953=PLANE('',#7952);
#7955=ORIENTED_EDGE('',*,*,#7954,.T.);
#7956=ORIENTED_EDGE('',*,*,#7931,.F.);
#7958=ORIENTED_EDGE('',*,*,#7957,.T.);
#7960=ORIENTED_EDGE('',*,*,#7959,.T.);
#7961=EDGE_LOOP('',(#7955,#7956,#7958,#7960));
#7962=FACE_OUTER_BOUND('',#7961,.F.);
#7963=ADVANCED_FACE('',(#7962),#7953,.T.);
#7964=CARTESIAN_POINT('',(-1.675E0,-2.55E0,-9.875E-1));
#7965=DIRECTION('',(-1.E0,0.E0,0.E0));
#7966=DIRECTION('',(0.E0,0.E0,1.E0));
#7967=AXIS2_PLACEMENT_3D('',#7964,#7965,#7966);
#7968=PLANE('',#7967);
#7969=ORIENTED_EDGE('',*,*,#7954,.F.);
#7971=ORIENTED_EDGE('',*,*,#7970,.F.);
#7973=ORIENTED_EDGE('',*,*,#7972,.F.);
#7975=ORIENTED_EDGE('',*,*,#7974,.F.);
#7977=ORIENTED_EDGE('',*,*,#7976,.T.);
#7978=ORIENTED_EDGE('',*,*,#7933,.T.);
#7979=EDGE_LOOP('',(#7969,#7971,#7973,#7975,#7977,#7978));
#7980=FACE_OUTER_BOUND('',#7979,.F.);
#7981=ADVANCED_FACE('',(#7980),#7968,.F.);
#7982=CARTESIAN_POINT('',(-1.675E0,-2.55E0,-9.875E-1));
#7983=DIRECTION('',(-1.E0,0.E0,0.E0));
#7984=DIRECTION('',(0.E0,0.E0,1.E0));
#7985=AXIS2_PLACEMENT_3D('',#7982,#7983,#7984);
#7986=PLANE('',#7985);
#7988=ORIENTED_EDGE('',*,*,#7987,.F.);
#7989=ORIENTED_EDGE('',*,*,#7905,.T.);
#7990=ORIENTED_EDGE('',*,*,#7937,.T.);
#7992=ORIENTED_EDGE('',*,*,#7991,.F.);
#7994=ORIENTED_EDGE('',*,*,#7993,.F.);
#7995=EDGE_LOOP('',(#7988,#7989,#7990,#7992,#7994));
#7996=FACE_OUTER_BOUND('',#7995,.F.);
#7997=ADVANCED_FACE('',(#7996),#7986,.F.);
#7998=CARTESIAN_POINT('',(0.E0,-2.55E0,-1.E-1));
#7999=DIRECTION('',(0.E0,0.E0,1.E0));
#8000=DIRECTION('',(1.E0,0.E0,0.E0));
#8001=AXIS2_PLACEMENT_3D('',#7998,#7999,#8000);
#8002=PLANE('',#8001);
#8003=ORIENTED_EDGE('',*,*,#7959,.F.);
#8005=ORIENTED_EDGE('',*,*,#8004,.F.);
#8007=ORIENTED_EDGE('',*,*,#8006,.F.);
#8008=ORIENTED_EDGE('',*,*,#7970,.T.);
#8009=EDGE_LOOP('',(#8003,#8005,#8007,#8008));
#8010=FACE_OUTER_BOUND('',#8009,.F.);
#8011=ADVANCED_FACE('',(#8010),#8002,.T.);
#8012=CARTESIAN_POINT('',(-2.135E0,-2.55E0,-9.875E-1));
#8013=DIRECTION('',(-1.E0,0.E0,0.E0));
#8014=DIRECTION('',(0.E0,0.E0,1.E0));
#8015=AXIS2_PLACEMENT_3D('',#8012,#8013,#8014);
#8016=PLANE('',#8015);
#8017=ORIENTED_EDGE('',*,*,#7957,.F.);
#8018=ORIENTED_EDGE('',*,*,#7944,.F.);
#8020=ORIENTED_EDGE('',*,*,#8019,.F.);
#8022=ORIENTED_EDGE('',*,*,#8021,.T.);
#8024=ORIENTED_EDGE('',*,*,#8023,.F.);
#8025=ORIENTED_EDGE('',*,*,#8004,.T.);
#8026=EDGE_LOOP('',(#8017,#8018,#8020,#8022,#8024,#8025));
#8027=FACE_OUTER_BOUND('',#8026,.F.);
#8028=ADVANCED_FACE('',(#8027),#8016,.T.);
#8029=CARTESIAN_POINT('',(-2.135E0,-2.55E0,-9.875E-1));
#8030=DIRECTION('',(-1.E0,0.E0,0.E0));
#8031=DIRECTION('',(0.E0,0.E0,1.E0));
#8032=AXIS2_PLACEMENT_3D('',#8029,#8030,#8031);
#8033=PLANE('',#8032);
#8035=ORIENTED_EDGE('',*,*,#8034,.F.);
#8037=ORIENTED_EDGE('',*,*,#8036,.T.);
#8039=ORIENTED_EDGE('',*,*,#8038,.T.);
#8040=ORIENTED_EDGE('',*,*,#7940,.F.);
#8041=ORIENTED_EDGE('',*,*,#7874,.F.);
#8042=EDGE_LOOP('',(#8035,#8037,#8039,#8040,#8041));
#8043=FACE_OUTER_BOUND('',#8042,.F.);
#8044=ADVANCED_FACE('',(#8043),#8033,.T.);
#8045=CARTESIAN_POINT('',(-2.285E0,-2.55E0,-6.E-1));
#8046=DIRECTION('',(0.E0,1.E0,0.E0));
#8047=DIRECTION('',(6.E-1,0.E0,8.E-1));
#8048=AXIS2_PLACEMENT_3D('',#8045,#8046,#8047);
#8049=CYLINDRICAL_SURFACE('',#8048,2.5E-1);
#8051=ORIENTED_EDGE('',*,*,#8050,.F.);
#8052=ORIENTED_EDGE('',*,*,#8019,.T.);
#8053=ORIENTED_EDGE('',*,*,#7942,.T.);
#8054=ORIENTED_EDGE('',*,*,#8038,.F.);
#8055=EDGE_LOOP('',(#8051,#8052,#8053,#8054));
#8056=FACE_OUTER_BOUND('',#8055,.F.);
#8057=ADVANCED_FACE('',(#8056),#8049,.F.);
#8058=CARTESIAN_POINT('',(-4.675E0,-2.425E0,-2.E0));
#8059=DIRECTION('',(0.E0,1.E0,0.E0));
#8060=DIRECTION('',(0.E0,0.E0,1.E0));
#8061=AXIS2_PLACEMENT_3D('',#8058,#8059,#8060);
#8062=PLANE('',#8061);
#8064=ORIENTED_EDGE('',*,*,#8063,.F.);
#8065=ORIENTED_EDGE('',*,*,#7993,.T.);
#8067=ORIENTED_EDGE('',*,*,#8066,.T.);
#8068=ORIENTED_EDGE('',*,*,#7974,.T.);
#8070=ORIENTED_EDGE('',*,*,#8069,.T.);
#8071=ORIENTED_EDGE('',*,*,#8021,.F.);
#8072=ORIENTED_EDGE('',*,*,#8050,.T.);
#8073=ORIENTED_EDGE('',*,*,#8036,.F.);
#8074=EDGE_LOOP('',(#8064,#8065,#8067,#8068,#8070,#8071,#8072,#8073));
#8075=FACE_OUTER_BOUND('',#8074,.F.);
#8076=ADVANCED_FACE('',(#8075),#8062,.T.);
#8077=CARTESIAN_POINT('',(1.686366E1,-2.675E0,-1.75E0));
#8078=DIRECTION('',(-1.E0,0.E0,0.E0));
#8079=DIRECTION('',(0.E0,1.E0,0.E0));
#8080=AXIS2_PLACEMENT_3D('',#8077,#8078,#8079);
#8081=CYLINDRICAL_SURFACE('',#8080,2.5E-1);
#8082=ORIENTED_EDGE('',*,*,#8034,.T.);
#8083=ORIENTED_EDGE('',*,*,#7872,.T.);
#8084=ORIENTED_EDGE('',*,*,#7890,.F.);
#8085=ORIENTED_EDGE('',*,*,#7907,.T.);
#8086=ORIENTED_EDGE('',*,*,#7987,.T.);
#8087=ORIENTED_EDGE('',*,*,#8063,.T.);
#8088=EDGE_LOOP('',(#8082,#8083,#8084,#8085,#8086,#8087));
#8089=FACE_OUTER_BOUND('',#8088,.F.);
#8090=ADVANCED_FACE('',(#8089),#8081,.T.);
#8091=CARTESIAN_POINT('',(-1.525E0,-2.55E0,-6.E-1));
#8092=DIRECTION('',(0.E0,1.E0,0.E0));
#8093=DIRECTION('',(-6.E-1,0.E0,-8.E-1));
#8094=AXIS2_PLACEMENT_3D('',#8091,#8092,#8093);
#8095=CYLINDRICAL_SURFACE('',#8094,2.5E-1);
#8096=ORIENTED_EDGE('',*,*,#8066,.F.);
#8097=ORIENTED_EDGE('',*,*,#7991,.T.);
#8098=ORIENTED_EDGE('',*,*,#7935,.T.);
#8099=ORIENTED_EDGE('',*,*,#7976,.F.);
#8100=EDGE_LOOP('',(#8096,#8097,#8098,#8099));
#8101=FACE_OUTER_BOUND('',#8100,.F.);
#8102=ADVANCED_FACE('',(#8101),#8095,.F.);
#8103=CARTESIAN_POINT('',(-1.905E0,-2.465E0,-1.4E-1));
#8104=DIRECTION('',(0.E0,7.071067811865E-1,7.071067811865E-1));
#8105=DIRECTION('',(0.E0,7.071067811865E-1,-7.071067811865E-1));
#8106=AXIS2_PLACEMENT_3D('',#8103,#8104,#8105);
#8107=PLANE('',#8106);
#8108=ORIENTED_EDGE('',*,*,#8023,.T.);
#8109=ORIENTED_EDGE('',*,*,#8069,.F.);
#8110=ORIENTED_EDGE('',*,*,#7972,.T.);
#8111=ORIENTED_EDGE('',*,*,#8006,.T.);
#8112=EDGE_LOOP('',(#8108,#8109,#8110,#8111));
#8113=FACE_OUTER_BOUND('',#8112,.F.);
#8114=ADVANCED_FACE('',(#8113),#8107,.T.);
#8115=CARTESIAN_POINT('',(-4.675E0,-4.725E0,7.761848703908E-4));
#8116=DIRECTION('',(0.E0,-3.194704605204E-2,-9.994895628512E-1));
#8117=DIRECTION('',(0.E0,9.994895628512E-1,-3.194704605204E-2));
#8118=AXIS2_PLACEMENT_3D('',#8115,#8116,#8117);
#8119=PLANE('',#8118);
#8120=ORIENTED_EDGE('',*,*,#7826,.F.);
#8121=ORIENTED_EDGE('',*,*,#7730,.F.);
#8122=ORIENTED_EDGE('',*,*,#7715,.T.);
#8124=ORIENTED_EDGE('',*,*,#8123,.T.);
#8125=EDGE_LOOP('',(#8120,#8121,#8122,#8124));
#8126=FACE_OUTER_BOUND('',#8125,.F.);
#8127=ADVANCED_FACE('',(#8126),#8119,.T.);
#8128=CARTESIAN_POINT('',(-1.675E0,-4.337754175756E0,1.134623438915E-1));
#8129=DIRECTION('',(-1.E0,0.E0,0.E0));
#8130=DIRECTION('',(0.E0,9.994895628512E-1,-3.194704605204E-2));
#8131=AXIS2_PLACEMENT_3D('',#8128,#8129,#8130);
#8132=PLANE('',#8131);
#8133=ORIENTED_EDGE('',*,*,#7748,.F.);
#8134=ORIENTED_EDGE('',*,*,#7778,.F.);
#8135=ORIENTED_EDGE('',*,*,#7776,.F.);
#8136=ORIENTED_EDGE('',*,*,#7828,.F.);
#8137=ORIENTED_EDGE('',*,*,#8123,.F.);
#8138=ORIENTED_EDGE('',*,*,#7713,.T.);
#8140=ORIENTED_EDGE('',*,*,#8139,.T.);
#8141=EDGE_LOOP('',(#8133,#8134,#8135,#8136,#8137,#8138,#8140));
#8142=FACE_OUTER_BOUND('',#8141,.F.);
#8143=ADVANCED_FACE('',(#8142),#8132,.F.);
#8144=CARTESIAN_POINT('',(-4.675E0,-4.717013238487E0,2.506485755832E-1));
#8145=DIRECTION('',(0.E0,-3.194704605204E-2,-9.994895628512E-1));
#8146=DIRECTION('',(0.E0,9.994895628512E-1,-3.194704605204E-2));
#8147=AXIS2_PLACEMENT_3D('',#8144,#8145,#8146);
#8148=PLANE('',#8147);
#8149=ORIENTED_EDGE('',*,*,#7750,.T.);
#8150=ORIENTED_EDGE('',*,*,#8139,.F.);
#8151=ORIENTED_EDGE('',*,*,#7711,.F.);
#8152=ORIENTED_EDGE('',*,*,#7727,.T.);
#8153=EDGE_LOOP('',(#8149,#8150,#8151,#8152));
#8154=FACE_OUTER_BOUND('',#8153,.F.);
#8155=ADVANCED_FACE('',(#8154),#8148,.F.);
#8156=CLOSED_SHELL('',(#7719,#7740,#7759,#7782,#7796,#7816,#7833,#7846,#7863,
#7881,#7895,#7912,#7925,#7948,#7963,#7981,#7997,#8011,#8028,#8044,#8057,#8076,
#8090,#8102,#8114,#8127,#8143,#8155));
#8157=MANIFOLD_SOLID_BREP('',#8156);
#8159=DIRECTION('',(0.E0,3.194704605204E-2,9.994895628512E-1));
#8160=VECTOR('',#8159,2.5E-1);
#8161=CARTESIAN_POINT('',(-3.405E0,-4.725E0,7.761848703907E-4));
#8162=LINE('',#8161,#8160);
#8163=CARTESIAN_POINT('',(-3.405E0,-4.171398614185E0,-1.169698460450E-1));
#8164=DIRECTION('',(-1.E0,0.E0,0.E0));
#8165=DIRECTION('',(0.E0,3.194704605204E-2,9.994895628512E-1));
#8166=AXIS2_PLACEMENT_3D('',#8163,#8164,#8165);
#8168=DIRECTION('',(0.E0,7.050148331501E-1,7.091925585047E-1));
#8169=VECTOR('',#8168,3.673274610986E-2);
#8170=CARTESIAN_POINT('',(-3.405E0,-4.100897130870E0,-4.605059019455E-2));
#8171=LINE('',#8170,#8169);
#8172=DIRECTION('',(0.E0,7.050148331501E-1,7.091925585046E-1));
#8173=VECTOR('',#8172,2.132672538901E-1);
#8174=CARTESIAN_POINT('',(-3.405E0,-4.075E0,-2.E-2));
#8175=LINE('',#8174,#8173);
#8176=CARTESIAN_POINT('',(-2.945E0,-4.171398614185E0,-1.169698460450E-1));
#8177=DIRECTION('',(1.E0,0.E0,0.E0));
#8178=DIRECTION('',(0.E0,9.992833697894E-1,3.785164279506E-2));
#8179=AXIS2_PLACEMENT_3D('',#8176,#8177,#8178);
#8181=CARTESIAN_POINT('',(-2.945E0,-3.759290410935E0,-1.75E0));
#8182=DIRECTION('',(1.E0,0.E0,0.E0));
#8183=DIRECTION('',(0.E0,-9.992833697894E-1,-3.785164279505E-2));
#8184=AXIS2_PLACEMENT_3D('',#8181,#8182,#8183);
#8186=DIRECTION('',(1.208973618585E-14,7.050148331501E-1,7.091925585046E-1));
#8187=VECTOR('',#8186,3.673274610986E-2);
#8188=CARTESIAN_POINT('',(-2.945E0,-4.100897130870E0,-4.605059019455E-2));
#8189=LINE('',#8188,#8187);
#8190=DIRECTION('',(0.E0,7.050148331501E-1,7.091925585046E-1));
#8191=VECTOR('',#8190,2.132672538901E-1);
#8192=CARTESIAN_POINT('',(-2.945E0,-4.075E0,-2.E-2));
#8193=LINE('',#8192,#8191);
#8194=DIRECTION('',(1.E0,0.E0,0.E0));
#8195=VECTOR('',#8194,4.6E-1);
#8196=CARTESIAN_POINT('',(-3.405E0,-3.821649434758E0,-1.037217710667E-1));
#8197=LINE('',#8196,#8195);
#8198=DIRECTION('',(0.E0,3.785164279505E-2,-9.992833697894E-1));
#8199=VECTOR('',#8198,1.647458847714E0);
#8200=CARTESIAN_POINT('',(-3.405E0,-3.821649434758E0,-1.037217710667E-1));
#8201=LINE('',#8200,#8199);
#8202=DIRECTION('',(0.E0,3.785164279505E-2,-9.992833697894E-1));
#8203=VECTOR('',#8202,1.647458847714E0);
#8204=CARTESIAN_POINT('',(-2.945E0,-3.821649434758E0,-1.037217710667E-1));
#8205=LINE('',#8204,#8203);
#8206=CARTESIAN_POINT('',(-3.405E0,-4.171398614185E0,-1.169698460450E-1));
#8207=DIRECTION('',(-1.E0,0.E0,0.E0));
#8208=DIRECTION('',(0.E0,7.050148331501E-1,7.091925585046E-1));
#8209=AXIS2_PLACEMENT_3D('',#8206,#8207,#8208);
#8211=CARTESIAN_POINT('',(-3.405E0,-3.759290410935E0,-1.75E0));
#8212=DIRECTION('',(-1.E0,0.E0,0.E0));
#8213=DIRECTION('',(0.E0,-6.935951114321E-1,-7.203650611999E-1));
#8214=AXIS2_PLACEMENT_3D('',#8211,#8212,#8213);
#8216=DIRECTION('',(0.E0,6.935951114321E-1,7.203650611999E-1));
#8217=VECTOR('',#8216,2.5E-1);
#8218=CARTESIAN_POINT('',(-3.405E0,-3.932689188793E0,-1.930091265300E0));
#8219=LINE('',#8218,#8217);
#8220=CARTESIAN_POINT('',(-3.405E0,-4.171398614185E0,-1.169698460450E-1));
#8221=DIRECTION('',(1.E0,0.E0,0.E0));
#8222=DIRECTION('',(0.E0,9.992833697894E-1,3.785164279506E-2));
#8223=AXIS2_PLACEMENT_3D('',#8220,#8221,#8222);
#8225=CARTESIAN_POINT('',(-3.405E0,-4.171398614185E0,-1.169698460450E-1));
#8226=DIRECTION('',(1.E0,0.E0,0.E0));
#8227=DIRECTION('',(0.E0,7.050148331501E-1,7.091925585046E-1));
#8228=AXIS2_PLACEMENT_3D('',#8225,#8226,#8227);
#8230=CARTESIAN_POINT('',(-2.945E0,-4.171398614185E0,-1.169698460450E-1));
#8231=DIRECTION('',(-1.E0,0.E0,0.E0));
#8232=DIRECTION('',(0.E0,3.194704605205E-2,9.994895628512E-1));
#8233=AXIS2_PLACEMENT_3D('',#8230,#8231,#8232);
#8235=CARTESIAN_POINT('',(-2.945E0,-4.171398614185E0,-1.169698460450E-1));
#8236=DIRECTION('',(-1.E0,0.E0,0.E0));
#8237=DIRECTION('',(0.E0,7.050148331501E-1,7.091925585046E-1));
#8238=AXIS2_PLACEMENT_3D('',#8235,#8236,#8237);
#8240=DIRECTION('',(1.E0,0.E0,0.E0));
#8241=VECTOR('',#8240,4.6E-1);
#8242=CARTESIAN_POINT('',(-3.405E0,-4.071470277206E0,-1.131846817655E-1));
#8243=LINE('',#8242,#8241);
#8244=DIRECTION('',(0.E0,3.785164279505E-2,-9.992833697894E-1));
#8245=VECTOR('',#8244,1.647458847714E0);
#8246=CARTESIAN_POINT('',(-2.945E0,-4.071470277206E0,-1.131846817655E-1));
#8247=LINE('',#8246,#8245);
#8248=DIRECTION('',(-1.E0,0.E0,0.E0));
#8249=VECTOR('',#8248,4.6E-1);
#8250=CARTESIAN_POINT('',(-2.945E0,-4.009111253383E0,-1.759462910699E0));
#8251=LINE('',#8250,#8249);
#8252=DIRECTION('',(0.E0,3.785164279505E-2,-9.992833697894E-1));
#8253=VECTOR('',#8252,1.647458847714E0);
#8254=CARTESIAN_POINT('',(-3.405E0,-4.071470277206E0,-1.131846817655E-1));
#8255=LINE('',#8254,#8253);
#8256=CARTESIAN_POINT('',(-3.405E0,-3.759290410935E0,-1.75E0));
#8257=DIRECTION('',(-1.E0,0.E0,0.E0));
#8258=DIRECTION('',(0.E0,0.E0,-1.E0));
#8259=AXIS2_PLACEMENT_3D('',#8256,#8257,#8258);
#8261=CARTESIAN_POINT('',(-3.405E0,-2.675E0,-1.75E0));
#8262=DIRECTION('',(-1.E0,0.E0,0.E0));
#8263=DIRECTION('',(0.E0,7.071067811865E-1,-7.071067811865E-1));
#8264=AXIS2_PLACEMENT_3D('',#8261,#8262,#8263);
#8266=DIRECTION('',(0.E0,-7.071067811865E-1,7.071067811865E-1));
#8267=VECTOR('',#8266,2.5E-1);
#8268=CARTESIAN_POINT('',(-3.405E0,-2.498223304703E0,-1.926776695297E0));
#8269=LINE('',#8268,#8267);
#8270=DIRECTION('',(-1.E0,0.E0,0.E0));
#8271=VECTOR('',#8270,4.6E-1);
#8272=CARTESIAN_POINT('',(-2.945E0,-3.759290410935E0,-2.E0));
#8273=LINE('',#8272,#8271);
#8274=DIRECTION('',(0.E0,1.E0,0.E0));
#8275=VECTOR('',#8274,1.084290410935E0);
#8276=CARTESIAN_POINT('',(-2.945E0,-3.759290410935E0,-2.E0));
#8277=LINE('',#8276,#8275);
#8278=DIRECTION('',(-1.E0,0.E0,0.E0));
#8279=VECTOR('',#8278,4.6E-1);
#8280=CARTESIAN_POINT('',(-2.945E0,-2.675E0,-2.E0));
#8281=LINE('',#8280,#8279);
#8282=DIRECTION('',(0.E0,1.E0,0.E0));
#8283=VECTOR('',#8282,1.084290410935E0);
#8284=CARTESIAN_POINT('',(-3.405E0,-3.759290410935E0,-2.E0));
#8285=LINE('',#8284,#8283);
#8286=CARTESIAN_POINT('',(-2.945E0,-3.759290410935E0,-1.75E0));
#8287=DIRECTION('',(1.E0,0.E0,0.E0));
#8288=DIRECTION('',(0.E0,-6.935951114321E-1,-7.203650611999E-1));
#8289=AXIS2_PLACEMENT_3D('',#8286,#8287,#8288);
#8291=DIRECTION('',(0.E0,6.935951114321E-1,7.203650611999E-1));
#8292=VECTOR('',#8291,2.5E-1);
#8293=CARTESIAN_POINT('',(-2.945E0,-3.932689188793E0,-1.930091265300E0));
#8294=LINE('',#8293,#8292);
#8295=CARTESIAN_POINT('',(-2.945E0,-2.675E0,-1.75E0));
#8296=DIRECTION('',(1.E0,0.E0,0.E0));
#8297=DIRECTION('',(0.E0,0.E0,-1.E0));
#8298=AXIS2_PLACEMENT_3D('',#8295,#8296,#8297);
#8300=DIRECTION('',(0.E0,1.E0,0.E0));
#8301=VECTOR('',#8300,1.084290410935E0);
#8302=CARTESIAN_POINT('',(-3.405E0,-3.759290410935E0,-1.75E0));
#8303=LINE('',#8302,#8301);
#8304=DIRECTION('',(0.E0,1.E0,0.E0));
#8305=VECTOR('',#8304,1.084290410935E0);
#8306=CARTESIAN_POINT('',(-2.945E0,-3.759290410935E0,-1.75E0));
#8307=LINE('',#8306,#8305);
#8308=DIRECTION('',(1.E0,0.E0,0.E0));
#8309=VECTOR('',#8308,4.6E-1);
#8310=CARTESIAN_POINT('',(-3.405E0,-3.759290410935E0,-1.75E0));
#8311=LINE('',#8310,#8309);
#8312=DIRECTION('',(1.E0,0.E0,0.E0));
#8313=VECTOR('',#8312,4.6E-1);
#8314=CARTESIAN_POINT('',(-3.405E0,-2.675E0,-1.8E-1));
#8315=LINE('',#8314,#8313);
#8316=DIRECTION('',(0.E0,0.E0,1.E0));
#8317=VECTOR('',#8316,2.2E-1);
#8318=CARTESIAN_POINT('',(-2.945E0,-2.675E0,-4.E-1));
#8319=LINE('',#8318,#8317);
#8320=CARTESIAN_POINT('',(-2.795E0,-2.675E0,-6.E-1));
#8321=DIRECTION('',(0.E0,1.E0,0.E0));
#8322=DIRECTION('',(-6.E-1,0.E0,-8.E-1));
#8323=AXIS2_PLACEMENT_3D('',#8320,#8321,#8322);
#8325=DIRECTION('',(0.E0,0.E0,1.E0));
#8326=VECTOR('',#8325,9.5E-1);
#8327=CARTESIAN_POINT('',(-2.945E0,-2.675E0,-1.75E0));
#8328=LINE('',#8327,#8326);
#8329=DIRECTION('',(1.E0,0.E0,0.E0));
#8330=VECTOR('',#8329,4.6E-1);
#8331=CARTESIAN_POINT('',(-3.405E0,-2.675E0,-1.75E0));
#8332=LINE('',#8331,#8330);
#8333=DIRECTION('',(0.E0,0.E0,1.E0));
#8334=VECTOR('',#8333,9.5E-1);
#8335=CARTESIAN_POINT('',(-3.405E0,-2.675E0,-1.75E0));
#8336=LINE('',#8335,#8334);
#8337=CARTESIAN_POINT('',(-3.555E0,-2.675E0,-6.E-1));
#8338=DIRECTION('',(0.E0,1.E0,0.E0));
#8339=DIRECTION('',(6.E-1,0.E0,8.E-1));
#8340=AXIS2_PLACEMENT_3D('',#8337,#8338,#8339);
#8342=DIRECTION('',(0.E0,0.E0,1.E0));
#8343=VECTOR('',#8342,2.2E-1);
#8344=CARTESIAN_POINT('',(-3.405E0,-2.675E0,-4.E-1));
#8345=LINE('',#8344,#8343);
#8346=DIRECTION('',(0.E0,-7.071067811865E-1,-7.071067811865E-1));
#8347=VECTOR('',#8346,1.131370849898E-1);
#8348=CARTESIAN_POINT('',(-2.945E0,-2.595E0,-1.E-1));
#8349=LINE('',#8348,#8347);
#8350=DIRECTION('',(0.E0,-7.071067811865E-1,7.071067811865E-1));
#8351=VECTOR('',#8350,1.131370849898E-1);
#8352=CARTESIAN_POINT('',(-2.945E0,-2.425E0,-1.8E-1));
#8353=LINE('',#8352,#8351);
#8354=DIRECTION('',(0.E0,-1.E0,0.E0));
#8355=VECTOR('',#8354,2.5E-1);
#8356=CARTESIAN_POINT('',(-2.945E0,-2.425E0,-4.E-1));
#8357=LINE('',#8356,#8355);
#8358=CARTESIAN_POINT('',(-2.945E0,-2.675E0,-1.75E0));
#8359=DIRECTION('',(1.E0,0.E0,0.E0));
#8360=DIRECTION('',(0.E0,7.071067811865E-1,-7.071067811865E-1));
#8361=AXIS2_PLACEMENT_3D('',#8358,#8359,#8360);
#8363=DIRECTION('',(0.E0,-7.071067811865E-1,7.071067811865E-1));
#8364=VECTOR('',#8363,2.5E-1);
#8365=CARTESIAN_POINT('',(-2.945E0,-2.498223304703E0,-1.926776695297E0));
#8366=LINE('',#8365,#8364);
#8367=DIRECTION('',(1.E0,0.E0,0.E0));
#8368=VECTOR('',#8367,4.6E-1);
#8369=CARTESIAN_POINT('',(-3.405E0,-2.595E0,-1.E-1));
#8370=LINE('',#8369,#8368);
#8371=DIRECTION('',(-1.E0,0.E0,0.E0));
#8372=VECTOR('',#8371,4.6E-1);
#8373=CARTESIAN_POINT('',(-2.945E0,-2.505E0,-1.E-1));
#8374=LINE('',#8373,#8372);
#8375=DIRECTION('',(0.E0,-1.E0,0.E0));
#8376=VECTOR('',#8375,9.E-2);
#8377=CARTESIAN_POINT('',(-2.945E0,-2.505E0,-1.E-1));
#8378=LINE('',#8377,#8376);
#8379=DIRECTION('',(0.E0,7.071067811865E-1,7.071067811865E-1));
#8380=VECTOR('',#8379,1.131370849898E-1);
#8381=CARTESIAN_POINT('',(-3.405E0,-2.675E0,-1.8E-1));
#8382=LINE('',#8381,#8380);
#8383=DIRECTION('',(0.E0,7.071067811865E-1,-7.071067811865E-1));
#8384=VECTOR('',#8383,1.131370849898E-1);
#8385=CARTESIAN_POINT('',(-3.405E0,-2.505E0,-1.E-1));
#8386=LINE('',#8385,#8384);
#8387=DIRECTION('',(0.E0,-1.E0,0.E0));
#8388=VECTOR('',#8387,9.E-2);
#8389=CARTESIAN_POINT('',(-3.405E0,-2.505E0,-1.E-1));
#8390=LINE('',#8389,#8388);
#8391=CARTESIAN_POINT('',(-3.405E0,-2.675E0,-1.75E0));
#8392=DIRECTION('',(-1.E0,0.E0,0.E0));
#8393=DIRECTION('',(0.E0,1.E0,0.E0));
#8394=AXIS2_PLACEMENT_3D('',#8391,#8392,#8393);
#8396=DIRECTION('',(0.E0,-1.E0,0.E0));
#8397=VECTOR('',#8396,2.5E-1);
#8398=CARTESIAN_POINT('',(-3.405E0,-2.425E0,-8.E-1));
#8399=LINE('',#8398,#8397);
#8400=DIRECTION('',(0.E0,-1.E0,0.E0));
#8401=VECTOR('',#8400,2.5E-1);
#8402=CARTESIAN_POINT('',(-3.405E0,-2.425E0,-4.E-1));
#8403=LINE('',#8402,#8401);
#8404=DIRECTION('',(-1.E0,0.E0,0.E0));
#8405=VECTOR('',#8404,4.6E-1);
#8406=CARTESIAN_POINT('',(-2.945E0,-2.425E0,-1.75E0));
#8407=LINE('',#8406,#8405);
#8408=DIRECTION('',(0.E0,0.E0,1.E0));
#8409=VECTOR('',#8408,9.5E-1);
#8410=CARTESIAN_POINT('',(-2.945E0,-2.425E0,-1.75E0));
#8411=LINE('',#8410,#8409);
#8412=CARTESIAN_POINT('',(-2.795E0,-2.425E0,-6.E-1));
#8413=DIRECTION('',(0.E0,1.E0,0.E0));
#8414=DIRECTION('',(-6.E-1,0.E0,-8.E-1));
#8415=AXIS2_PLACEMENT_3D('',#8412,#8413,#8414);
#8417=DIRECTION('',(0.E0,0.E0,1.E0));
#8418=VECTOR('',#8417,2.2E-1);
#8419=CARTESIAN_POINT('',(-2.945E0,-2.425E0,-4.E-1));
#8420=LINE('',#8419,#8418);
#8421=DIRECTION('',(-1.E0,0.E0,0.E0));
#8422=VECTOR('',#8421,4.6E-1);
#8423=CARTESIAN_POINT('',(-2.945E0,-2.425E0,-1.8E-1));
#8424=LINE('',#8423,#8422);
#8425=DIRECTION('',(0.E0,0.E0,1.E0));
#8426=VECTOR('',#8425,2.2E-1);
#8427=CARTESIAN_POINT('',(-3.405E0,-2.425E0,-4.E-1));
#8428=LINE('',#8427,#8426);
#8429=CARTESIAN_POINT('',(-3.555E0,-2.425E0,-6.E-1));
#8430=DIRECTION('',(0.E0,1.E0,0.E0));
#8431=DIRECTION('',(6.E-1,0.E0,8.E-1));
#8432=AXIS2_PLACEMENT_3D('',#8429,#8430,#8431);
#8434=DIRECTION('',(0.E0,0.E0,1.E0));
#8435=VECTOR('',#8434,9.5E-1);
#8436=CARTESIAN_POINT('',(-3.405E0,-2.425E0,-1.75E0));
#8437=LINE('',#8436,#8435);
#8438=DIRECTION('',(0.E0,-1.E0,0.E0));
#8439=VECTOR('',#8438,2.5E-1);
#8440=CARTESIAN_POINT('',(-2.945E0,-2.425E0,-8.E-1));
#8441=LINE('',#8440,#8439);
#8442=DIRECTION('',(1.E0,0.E0,0.E0));
#8443=VECTOR('',#8442,4.6E-1);
#8444=CARTESIAN_POINT('',(-3.405E0,-4.168203909580E0,-1.702088975989E-2));
#8445=LINE('',#8444,#8443);
#8446=DIRECTION('',(0.E0,9.994895628512E-1,-3.194704605204E-2));
#8447=VECTOR('',#8446,5.570804449744E-1);
#8448=CARTESIAN_POINT('',(-3.405E0,-4.725E0,7.761848703907E-4));
#8449=LINE('',#8448,#8447);
#8450=DIRECTION('',(1.E0,0.E0,0.E0));
#8451=VECTOR('',#8450,4.6E-1);
#8452=CARTESIAN_POINT('',(-3.405E0,-4.725E0,7.761848703907E-4));
#8453=LINE('',#8452,#8451);
#8454=DIRECTION('',(0.E0,9.994895628512E-1,-3.194704605204E-2));
#8455=VECTOR('',#8454,5.570804449744E-1);
#8456=CARTESIAN_POINT('',(-2.945E0,-4.725E0,7.761848703907E-4));
#8457=LINE('',#8456,#8455);
#8458=CARTESIAN_POINT('',(-2.945E0,-4.171398614185E0,-1.169698460450E-1));
#8459=DIRECTION('',(1.E0,0.E0,0.E0));
#8460=DIRECTION('',(0.E0,7.050148331501E-1,7.091925585046E-1));
#8461=AXIS2_PLACEMENT_3D('',#8458,#8459,#8460);
#8463=DIRECTION('',(0.E0,3.194704605204E-2,9.994895628512E-1));
#8464=VECTOR('',#8463,2.5E-1);
#8465=CARTESIAN_POINT('',(-2.945E0,-4.725E0,7.761848703907E-4));
#8466=LINE('',#8465,#8464);
#8467=DIRECTION('',(1.E0,0.E0,0.E0));
#8468=VECTOR('',#8467,4.6E-1);
#8469=CARTESIAN_POINT('',(-3.405E0,-4.160217148067E0,2.328515009529E-1));
#8470=LINE('',#8469,#8468);
#8471=DIRECTION('',(0.E0,9.994895628512E-1,-3.194704605204E-2));
#8472=VECTOR('',#8471,5.570804449744E-1);
#8473=CARTESIAN_POINT('',(-2.945E0,-4.717013238487E0,2.506485755832E-1));
#8474=LINE('',#8473,#8472);
#8475=DIRECTION('',(1.E0,0.E0,0.E0));
#8476=VECTOR('',#8475,4.6E-1);
#8477=CARTESIAN_POINT('',(-3.405E0,-4.717013238487E0,2.506485755832E-1));
#8478=LINE('',#8477,#8476);
#8479=DIRECTION('',(0.E0,9.994895628512E-1,-3.194704605204E-2));
#8480=VECTOR('',#8479,5.570804449744E-1);
#8481=CARTESIAN_POINT('',(-3.405E0,-4.717013238487E0,2.506485755832E-1));
#8482=LINE('',#8481,#8480);
#8483=CARTESIAN_POINT('',(-3.405E0,-3.759290410935E0,-1.75E0));
#8484=CARTESIAN_POINT('',(-3.405E0,-2.675E0,-1.75E0));
#8485=VERTEX_POINT('',#8483);
#8486=VERTEX_POINT('',#8484);
#8487=CARTESIAN_POINT('',(-2.945E0,-3.759290410935E0,-1.75E0));
#8488=CARTESIAN_POINT('',(-2.945E0,-2.675E0,-1.75E0));
#8489=VERTEX_POINT('',#8487);
#8490=VERTEX_POINT('',#8488);
#8491=CARTESIAN_POINT('',(-2.945E0,-2.425E0,-8.E-1));
#8492=CARTESIAN_POINT('',(-2.945E0,-2.425E0,-4.E-1));
#8493=VERTEX_POINT('',#8491);
#8494=VERTEX_POINT('',#8492);
#8495=CARTESIAN_POINT('',(-3.405E0,-2.425E0,-4.E-1));
#8496=CARTESIAN_POINT('',(-3.405E0,-2.425E0,-8.E-1));
#8497=VERTEX_POINT('',#8495);
#8498=VERTEX_POINT('',#8496);
#8499=CARTESIAN_POINT('',(-2.945E0,-2.675E0,-8.E-1));
#8500=CARTESIAN_POINT('',(-2.945E0,-2.675E0,-4.E-1));
#8501=VERTEX_POINT('',#8499);
#8502=VERTEX_POINT('',#8500);
#8503=CARTESIAN_POINT('',(-3.405E0,-2.675E0,-4.E-1));
#8504=CARTESIAN_POINT('',(-3.405E0,-2.675E0,-8.E-1));
#8505=VERTEX_POINT('',#8503);
#8506=VERTEX_POINT('',#8504);
#8507=CARTESIAN_POINT('',(-2.945E0,-2.595E0,-1.E-1));
#8508=CARTESIAN_POINT('',(-2.945E0,-2.675E0,-1.8E-1));
#8509=VERTEX_POINT('',#8507);
#8510=VERTEX_POINT('',#8508);
#8511=CARTESIAN_POINT('',(-3.405E0,-2.675E0,-1.8E-1));
#8512=VERTEX_POINT('',#8511);
#8513=CARTESIAN_POINT('',(-3.405E0,-2.595E0,-1.E-1));
#8514=VERTEX_POINT('',#8513);
#8515=CARTESIAN_POINT('',(-3.405E0,-2.505E0,-1.E-1));
#8516=CARTESIAN_POINT('',(-3.405E0,-2.425E0,-1.8E-1));
#8517=VERTEX_POINT('',#8515);
#8518=VERTEX_POINT('',#8516);
#8519=CARTESIAN_POINT('',(-2.945E0,-2.425E0,-1.8E-1));
#8520=VERTEX_POINT('',#8519);
#8521=CARTESIAN_POINT('',(-2.945E0,-2.505E0,-1.E-1));
#8522=VERTEX_POINT('',#8521);
#8523=CARTESIAN_POINT('',(-3.405E0,-3.759290410935E0,-2.E0));
#8524=CARTESIAN_POINT('',(-3.405E0,-3.932689188793E0,-1.930091265300E0));
#8525=VERTEX_POINT('',#8523);
#8526=VERTEX_POINT('',#8524);
#8527=CARTESIAN_POINT('',(-3.405E0,-4.009111253383E0,-1.759462910699E0));
#8528=VERTEX_POINT('',#8527);
#8529=CARTESIAN_POINT('',(-2.945E0,-4.009111253383E0,-1.759462910699E0));
#8530=VERTEX_POINT('',#8529);
#8531=CARTESIAN_POINT('',(-2.945E0,-3.932689188793E0,-1.930091265300E0));
#8532=VERTEX_POINT('',#8531);
#8533=CARTESIAN_POINT('',(-2.945E0,-3.759290410935E0,-2.E0));
#8534=VERTEX_POINT('',#8533);
#8535=CARTESIAN_POINT('',(-3.405E0,-2.425E0,-1.75E0));
#8536=CARTESIAN_POINT('',(-3.405E0,-2.498223304703E0,-1.926776695297E0));
#8537=VERTEX_POINT('',#8535);
#8538=VERTEX_POINT('',#8536);
#8539=CARTESIAN_POINT('',(-3.405E0,-2.675E0,-2.E0));
#8540=VERTEX_POINT('',#8539);
#8541=CARTESIAN_POINT('',(-2.945E0,-2.675E0,-2.E0));
#8542=VERTEX_POINT('',#8541);
#8543=CARTESIAN_POINT('',(-2.945E0,-2.498223304703E0,-1.926776695297E0));
#8544=VERTEX_POINT('',#8543);
#8545=CARTESIAN_POINT('',(-2.945E0,-2.425E0,-1.75E0));
#8546=VERTEX_POINT('',#8545);
#8547=CARTESIAN_POINT('',(-3.405E0,-4.725E0,7.761848703907E-4));
#8548=CARTESIAN_POINT('',(-2.945E0,-4.725E0,7.761848703907E-4));
#8549=VERTEX_POINT('',#8547);
#8550=VERTEX_POINT('',#8548);
#8551=CARTESIAN_POINT('',(-3.405E0,-4.717013238487E0,2.506485755832E-1));
#8552=CARTESIAN_POINT('',(-2.945E0,-4.717013238487E0,2.506485755832E-1));
#8553=VERTEX_POINT('',#8551);
#8554=VERTEX_POINT('',#8552);
#8555=CARTESIAN_POINT('',(-3.405E0,-4.071470277206E0,-1.131846817655E-1));
#8556=CARTESIAN_POINT('',(-2.945E0,-4.071470277206E0,-1.131846817655E-1));
#8557=VERTEX_POINT('',#8555);
#8558=VERTEX_POINT('',#8556);
#8559=CARTESIAN_POINT('',(-3.405E0,-4.168203909580E0,-1.702088975989E-2));
#8560=CARTESIAN_POINT('',(-2.945E0,-4.168203909580E0,-1.702088975989E-2));
#8561=VERTEX_POINT('',#8559);
#8562=VERTEX_POINT('',#8560);
#8563=CARTESIAN_POINT('',(-3.405E0,-4.100897130870E0,-4.605059019455E-2));
#8564=CARTESIAN_POINT('',(-3.405E0,-4.075E0,-2.E-2));
#8565=VERTEX_POINT('',#8563);
#8566=VERTEX_POINT('',#8564);
#8567=CARTESIAN_POINT('',(-2.945E0,-4.100897130870E0,-4.605059019455E-2));
#8568=CARTESIAN_POINT('',(-2.945E0,-4.075E0,-2.E-2));
#8569=VERTEX_POINT('',#8567);
#8570=VERTEX_POINT('',#8568);
#8571=CARTESIAN_POINT('',(-2.945E0,-3.821649434758E0,-1.037217710667E-1));
#8572=CARTESIAN_POINT('',(-2.945E0,-3.924643422582E0,1.312475494316E-1));
#8573=VERTEX_POINT('',#8571);
#8574=VERTEX_POINT('',#8572);
#8575=CARTESIAN_POINT('',(-2.945E0,-4.160217148067E0,2.328515009529E-1));
#8576=VERTEX_POINT('',#8575);
#8577=CARTESIAN_POINT('',(-3.405E0,-4.160217148067E0,2.328515009529E-1));
#8578=VERTEX_POINT('',#8577);
#8579=CARTESIAN_POINT('',(-3.405E0,-3.924643422582E0,1.312475494316E-1));
#8580=VERTEX_POINT('',#8579);
#8581=CARTESIAN_POINT('',(-3.405E0,-3.821649434758E0,-1.037217710667E-1));
#8582=VERTEX_POINT('',#8581);
#8583=CARTESIAN_POINT('',(0.E0,-4.721006619243E0,1.257123802268E-1));
#8584=DIRECTION('',(0.E0,9.994895628512E-1,-3.194704605204E-2));
#8585=DIRECTION('',(1.E0,0.E0,0.E0));
#8586=AXIS2_PLACEMENT_3D('',#8583,#8584,#8585);
#8587=PLANE('',#8586);
#8589=ORIENTED_EDGE('',*,*,#8588,.T.);
#8591=ORIENTED_EDGE('',*,*,#8590,.T.);
#8593=ORIENTED_EDGE('',*,*,#8592,.F.);
#8595=ORIENTED_EDGE('',*,*,#8594,.F.);
#8596=EDGE_LOOP('',(#8589,#8591,#8593,#8595));
#8597=FACE_OUTER_BOUND('',#8596,.F.);
#8598=ADVANCED_FACE('',(#8597),#8587,.F.);
#8599=CARTESIAN_POINT('',(-3.405E0,-4.337754175756E0,1.134623438915E-1));
#8600=DIRECTION('',(-1.E0,0.E0,0.E0));
#8601=DIRECTION('',(0.E0,9.994895628512E-1,-3.194704605204E-2));
#8602=AXIS2_PLACEMENT_3D('',#8599,#8600,#8601);
#8603=PLANE('',#8602);
#8605=ORIENTED_EDGE('',*,*,#8604,.F.);
#8607=ORIENTED_EDGE('',*,*,#8606,.F.);
#8608=ORIENTED_EDGE('',*,*,#8588,.F.);
#8610=ORIENTED_EDGE('',*,*,#8609,.T.);
#8612=ORIENTED_EDGE('',*,*,#8611,.F.);
#8614=ORIENTED_EDGE('',*,*,#8613,.T.);
#8616=ORIENTED_EDGE('',*,*,#8615,.T.);
#8617=EDGE_LOOP('',(#8605,#8607,#8608,#8610,#8612,#8614,#8616));
#8618=FACE_OUTER_BOUND('',#8617,.F.);
#8619=ADVANCED_FACE('',(#8618),#8603,.T.);
#8620=CARTESIAN_POINT('',(-1.686366E1,-4.171398614185E0,-1.169698460450E-1));
#8621=DIRECTION('',(1.E0,0.E0,0.E0));
#8622=DIRECTION('',(0.E0,9.992833697894E-1,3.785164279505E-2));
#8623=AXIS2_PLACEMENT_3D('',#8620,#8621,#8622);
#8624=CYLINDRICAL_SURFACE('',#8623,3.5E-1);
#8626=ORIENTED_EDGE('',*,*,#8625,.T.);
#8628=ORIENTED_EDGE('',*,*,#8627,.T.);
#8630=ORIENTED_EDGE('',*,*,#8629,.F.);
#8631=ORIENTED_EDGE('',*,*,#8604,.T.);
#8633=ORIENTED_EDGE('',*,*,#8632,.T.);
#8635=ORIENTED_EDGE('',*,*,#8634,.T.);
#8636=EDGE_LOOP('',(#8626,#8628,#8630,#8631,#8633,#8635));
#8637=FACE_OUTER_BOUND('',#8636,.F.);
#8638=ADVANCED_FACE('',(#8637),#8624,.T.);
#8639=CARTESIAN_POINT('',(-2.945E0,-3.917073468868E0,-8.868938462219E-1));
#8640=DIRECTION('',(-1.E0,0.E0,0.E0));
#8641=DIRECTION('',(0.E0,3.785164279505E-2,-9.992833697894E-1));
#8642=AXIS2_PLACEMENT_3D('',#8639,#8640,#8641);
#8643=PLANE('',#8642);
#8644=ORIENTED_EDGE('',*,*,#8625,.F.);
#8646=ORIENTED_EDGE('',*,*,#8645,.T.);
#8648=ORIENTED_EDGE('',*,*,#8647,.F.);
#8650=ORIENTED_EDGE('',*,*,#8649,.F.);
#8652=ORIENTED_EDGE('',*,*,#8651,.F.);
#8654=ORIENTED_EDGE('',*,*,#8653,.F.);
#8656=ORIENTED_EDGE('',*,*,#8655,.T.);
#8658=ORIENTED_EDGE('',*,*,#8657,.T.);
#8659=EDGE_LOOP('',(#8644,#8646,#8648,#8650,#8652,#8654,#8656,#8658));
#8660=FACE_OUTER_BOUND('',#8659,.F.);
#8661=ADVANCED_FACE('',(#8660),#8643,.F.);
#8662=CARTESIAN_POINT('',(-4.675E0,-3.825179157553E0,-1.053708930124E-2));
#8663=DIRECTION('',(0.E0,-9.992833697894E-1,-3.785164279505E-2));
#8664=DIRECTION('',(0.E0,3.785164279505E-2,-9.992833697894E-1));
#8665=AXIS2_PLACEMENT_3D('',#8662,#8663,#8664);
#8666=PLANE('',#8665);
#8667=ORIENTED_EDGE('',*,*,#8634,.F.);
#8669=ORIENTED_EDGE('',*,*,#8668,.T.);
#8671=ORIENTED_EDGE('',*,*,#8670,.T.);
#8672=ORIENTED_EDGE('',*,*,#8645,.F.);
#8673=EDGE_LOOP('',(#8667,#8669,#8671,#8672));
#8674=FACE_OUTER_BOUND('',#8673,.F.);
#8675=ADVANCED_FACE('',(#8674),#8666,.F.);
#8676=CARTESIAN_POINT('',(-3.405E0,-3.917073468868E0,-8.868938462219E-1));
#8677=DIRECTION('',(-1.E0,0.E0,0.E0));
#8678=DIRECTION('',(0.E0,3.785164279505E-2,-9.992833697894E-1));
#8679=AXIS2_PLACEMENT_3D('',#8676,#8677,#8678);
#8680=PLANE('',#8679);
#8681=ORIENTED_EDGE('',*,*,#8632,.F.);
#8682=ORIENTED_EDGE('',*,*,#8615,.F.);
#8683=ORIENTED_EDGE('',*,*,#8613,.F.);
#8685=ORIENTED_EDGE('',*,*,#8684,.F.);
#8687=ORIENTED_EDGE('',*,*,#8686,.T.);
#8689=ORIENTED_EDGE('',*,*,#8688,.F.);
#8691=ORIENTED_EDGE('',*,*,#8690,.T.);
#8692=ORIENTED_EDGE('',*,*,#8668,.F.);
#8693=EDGE_LOOP('',(#8681,#8682,#8683,#8685,#8687,#8689,#8691,#8692));
#8694=FACE_OUTER_BOUND('',#8693,.F.);
#8695=ADVANCED_FACE('',(#8694),#8680,.T.);
#8696=CARTESIAN_POINT('',(-1.686366E1,-4.171398614185E0,-1.169698460450E-1));
#8697=DIRECTION('',(1.E0,0.E0,0.E0));
#8698=DIRECTION('',(0.E0,9.992833697894E-1,3.785164279505E-2));
#8699=AXIS2_PLACEMENT_3D('',#8696,#8697,#8698);
#8700=CYLINDRICAL_SURFACE('',#8699,1.E-1);
#8702=ORIENTED_EDGE('',*,*,#8701,.F.);
#8703=ORIENTED_EDGE('',*,*,#8684,.T.);
#8704=ORIENTED_EDGE('',*,*,#8611,.T.);
#8706=ORIENTED_EDGE('',*,*,#8705,.T.);
#8708=ORIENTED_EDGE('',*,*,#8707,.T.);
#8709=ORIENTED_EDGE('',*,*,#8653,.T.);
#8710=EDGE_LOOP('',(#8702,#8703,#8704,#8706,#8708,#8709));
#8711=FACE_OUTER_BOUND('',#8710,.F.);
#8712=ADVANCED_FACE('',(#8711),#8700,.F.);
#8713=CARTESIAN_POINT('',(-4.675E0,-4.075E0,-2.E-2));
#8714=DIRECTION('',(0.E0,-9.992833697894E-1,-3.785164279505E-2));
#8715=DIRECTION('',(0.E0,3.785164279505E-2,-9.992833697894E-1));
#8716=AXIS2_PLACEMENT_3D('',#8713,#8714,#8715);
#8717=PLANE('',#8716);
#8718=ORIENTED_EDGE('',*,*,#8701,.T.);
#8719=ORIENTED_EDGE('',*,*,#8651,.T.);
#8721=ORIENTED_EDGE('',*,*,#8720,.T.);
#8722=ORIENTED_EDGE('',*,*,#8686,.F.);
#8723=EDGE_LOOP('',(#8718,#8719,#8721,#8722));
#8724=FACE_OUTER_BOUND('',#8723,.F.);
#8725=ADVANCED_FACE('',(#8724),#8717,.T.);
#8726=CARTESIAN_POINT('',(1.686366E1,-3.759290410935E0,-1.75E0));
#8727=DIRECTION('',(-1.E0,0.E0,0.E0));
#8728=DIRECTION('',(0.E0,0.E0,-1.E0));
#8729=AXIS2_PLACEMENT_3D('',#8726,#8727,#8728);
#8730=CYLINDRICAL_SURFACE('',#8729,2.5E-1);
#8732=ORIENTED_EDGE('',*,*,#8731,.T.);
#8733=ORIENTED_EDGE('',*,*,#8688,.T.);
#8734=ORIENTED_EDGE('',*,*,#8720,.F.);
#8735=ORIENTED_EDGE('',*,*,#8649,.T.);
#8737=ORIENTED_EDGE('',*,*,#8736,.T.);
#8739=ORIENTED_EDGE('',*,*,#8738,.T.);
#8740=EDGE_LOOP('',(#8732,#8733,#8734,#8735,#8737,#8739));
#8741=FACE_OUTER_BOUND('',#8740,.F.);
#8742=ADVANCED_FACE('',(#8741),#8730,.T.);
#8743=CARTESIAN_POINT('',(-3.405E0,-3.214822602734E0,-1.875E0));
#8744=DIRECTION('',(-1.E0,0.E0,0.E0));
#8745=DIRECTION('',(0.E0,1.E0,0.E0));
#8746=AXIS2_PLACEMENT_3D('',#8743,#8744,#8745);
#8747=PLANE('',#8746);
#8748=ORIENTED_EDGE('',*,*,#8731,.F.);
#8750=ORIENTED_EDGE('',*,*,#8749,.T.);
#8752=ORIENTED_EDGE('',*,*,#8751,.F.);
#8754=ORIENTED_EDGE('',*,*,#8753,.T.);
#8756=ORIENTED_EDGE('',*,*,#8755,.F.);
#8757=ORIENTED_EDGE('',*,*,#8690,.F.);
#8758=EDGE_LOOP('',(#8748,#8750,#8752,#8754,#8756,#8757));
#8759=FACE_OUTER_BOUND('',#8758,.F.);
#8760=ADVANCED_FACE('',(#8759),#8747,.T.);
#8761=CARTESIAN_POINT('',(-4.675E0,-4.E0,-2.E0));
#8762=DIRECTION('',(0.E0,0.E0,-1.E0));
#8763=DIRECTION('',(0.E0,1.E0,0.E0));
#8764=AXIS2_PLACEMENT_3D('',#8761,#8762,#8763);
#8765=PLANE('',#8764);
#8766=ORIENTED_EDGE('',*,*,#8738,.F.);
#8768=ORIENTED_EDGE('',*,*,#8767,.T.);
#8770=ORIENTED_EDGE('',*,*,#8769,.T.);
#8771=ORIENTED_EDGE('',*,*,#8749,.F.);
#8772=EDGE_LOOP('',(#8766,#8768,#8770,#8771));
#8773=FACE_OUTER_BOUND('',#8772,.F.);
#8774=ADVANCED_FACE('',(#8773),#8765,.T.);
#8775=CARTESIAN_POINT('',(-2.945E0,-3.214822602734E0,-1.875E0));
#8776=DIRECTION('',(-1.E0,0.E0,0.E0));
#8777=DIRECTION('',(0.E0,1.E0,0.E0));
#8778=AXIS2_PLACEMENT_3D('',#8775,#8776,#8777);
#8779=PLANE('',#8778);
#8780=ORIENTED_EDGE('',*,*,#8736,.F.);
#8781=ORIENTED_EDGE('',*,*,#8647,.T.);
#8783=ORIENTED_EDGE('',*,*,#8782,.T.);
#8785=ORIENTED_EDGE('',*,*,#8784,.F.);
#8787=ORIENTED_EDGE('',*,*,#8786,.F.);
#8788=ORIENTED_EDGE('',*,*,#8767,.F.);
#8789=EDGE_LOOP('',(#8780,#8781,#8783,#8785,#8787,#8788));
#8790=FACE_OUTER_BOUND('',#8789,.F.);
#8791=ADVANCED_FACE('',(#8790),#8779,.F.);
#8792=CARTESIAN_POINT('',(-4.675E0,-4.E0,-1.75E0));
#8793=DIRECTION('',(0.E0,0.E0,-1.E0));
#8794=DIRECTION('',(0.E0,1.E0,0.E0));
#8795=AXIS2_PLACEMENT_3D('',#8792,#8793,#8794);
#8796=PLANE('',#8795);
#8797=ORIENTED_EDGE('',*,*,#8755,.T.);
#8799=ORIENTED_EDGE('',*,*,#8798,.T.);
#8800=ORIENTED_EDGE('',*,*,#8782,.F.);
#8801=ORIENTED_EDGE('',*,*,#8670,.F.);
#8802=EDGE_LOOP('',(#8797,#8799,#8800,#8801));
#8803=FACE_OUTER_BOUND('',#8802,.F.);
#8804=ADVANCED_FACE('',(#8803),#8796,.F.);
#8805=CARTESIAN_POINT('',(-4.675E0,-2.675E0,-2.E0));
#8806=DIRECTION('',(0.E0,1.E0,0.E0));
#8807=DIRECTION('',(0.E0,0.E0,1.E0));
#8808=AXIS2_PLACEMENT_3D('',#8805,#8806,#8807);
#8809=PLANE('',#8808);
#8811=ORIENTED_EDGE('',*,*,#8810,.T.);
#8813=ORIENTED_EDGE('',*,*,#8812,.F.);
#8815=ORIENTED_EDGE('',*,*,#8814,.F.);
#8817=ORIENTED_EDGE('',*,*,#8816,.F.);
#8818=ORIENTED_EDGE('',*,*,#8798,.F.);
#8820=ORIENTED_EDGE('',*,*,#8819,.T.);
#8822=ORIENTED_EDGE('',*,*,#8821,.F.);
#8824=ORIENTED_EDGE('',*,*,#8823,.T.);
#8825=EDGE_LOOP('',(#8811,#8813,#8815,#8817,#8818,#8820,#8822,#8824));
#8826=FACE_OUTER_BOUND('',#8825,.F.);
#8827=ADVANCED_FACE('',(#8826),#8809,.F.);
#8828=CARTESIAN_POINT('',(-3.175E0,-2.635E0,-1.4E-1));
#8829=DIRECTION('',(0.E0,-7.071067811865E-1,7.071067811865E-1));
#8830=DIRECTION('',(0.E0,-7.071067811865E-1,-7.071067811865E-1));
#8831=AXIS2_PLACEMENT_3D('',#8828,#8829,#8830);
#8832=PLANE('',#8831);
#8834=ORIENTED_EDGE('',*,*,#8833,.T.);
#8835=ORIENTED_EDGE('',*,*,#8810,.F.);
#8837=ORIENTED_EDGE('',*,*,#8836,.T.);
#8839=ORIENTED_EDGE('',*,*,#8838,.T.);
#8840=EDGE_LOOP('',(#8834,#8835,#8837,#8839));
#8841=FACE_OUTER_BOUND('',#8840,.F.);
#8842=ADVANCED_FACE('',(#8841),#8832,.T.);
#8843=CARTESIAN_POINT('',(-2.945E0,-2.55E0,-9.875E-1));
#8844=DIRECTION('',(-1.E0,0.E0,0.E0));
#8845=DIRECTION('',(0.E0,0.E0,1.E0));
#8846=AXIS2_PLACEMENT_3D('',#8843,#8844,#8845);
#8847=PLANE('',#8846);
#8848=ORIENTED_EDGE('',*,*,#8833,.F.);
#8850=ORIENTED_EDGE('',*,*,#8849,.F.);
#8852=ORIENTED_EDGE('',*,*,#8851,.F.);
#8854=ORIENTED_EDGE('',*,*,#8853,.F.);
#8856=ORIENTED_EDGE('',*,*,#8855,.T.);
#8857=ORIENTED_EDGE('',*,*,#8812,.T.);
#8858=EDGE_LOOP('',(#8848,#8850,#8852,#8854,#8856,#8857));
#8859=FACE_OUTER_BOUND('',#8858,.F.);
#8860=ADVANCED_FACE('',(#8859),#8847,.F.);
#8861=CARTESIAN_POINT('',(-2.945E0,-2.55E0,-9.875E-1));
#8862=DIRECTION('',(-1.E0,0.E0,0.E0));
#8863=DIRECTION('',(0.E0,0.E0,1.E0));
#8864=AXIS2_PLACEMENT_3D('',#8861,#8862,#8863);
#8865=PLANE('',#8864);
#8867=ORIENTED_EDGE('',*,*,#8866,.F.);
#8868=ORIENTED_EDGE('',*,*,#8784,.T.);
#8869=ORIENTED_EDGE('',*,*,#8816,.T.);
#8871=ORIENTED_EDGE('',*,*,#8870,.F.);
#8873=ORIENTED_EDGE('',*,*,#8872,.F.);
#8874=EDGE_LOOP('',(#8867,#8868,#8869,#8871,#8873));
#8875=FACE_OUTER_BOUND('',#8874,.F.);
#8876=ADVANCED_FACE('',(#8875),#8865,.F.);
#8877=CARTESIAN_POINT('',(0.E0,-2.55E0,-1.E-1));
#8878=DIRECTION('',(0.E0,0.E0,1.E0));
#8879=DIRECTION('',(1.E0,0.E0,0.E0));
#8880=AXIS2_PLACEMENT_3D('',#8877,#8878,#8879);
#8881=PLANE('',#8880);
#8882=ORIENTED_EDGE('',*,*,#8838,.F.);
#8884=ORIENTED_EDGE('',*,*,#8883,.F.);
#8886=ORIENTED_EDGE('',*,*,#8885,.F.);
#8887=ORIENTED_EDGE('',*,*,#8849,.T.);
#8888=EDGE_LOOP('',(#8882,#8884,#8886,#8887));
#8889=FACE_OUTER_BOUND('',#8888,.F.);
#8890=ADVANCED_FACE('',(#8889),#8881,.T.);
#8891=CARTESIAN_POINT('',(-3.405E0,-2.55E0,-9.875E-1));
#8892=DIRECTION('',(-1.E0,0.E0,0.E0));
#8893=DIRECTION('',(0.E0,0.E0,1.E0));
#8894=AXIS2_PLACEMENT_3D('',#8891,#8892,#8893);
#8895=PLANE('',#8894);
#8896=ORIENTED_EDGE('',*,*,#8836,.F.);
#8897=ORIENTED_EDGE('',*,*,#8823,.F.);
#8899=ORIENTED_EDGE('',*,*,#8898,.F.);
#8901=ORIENTED_EDGE('',*,*,#8900,.T.);
#8903=ORIENTED_EDGE('',*,*,#8902,.F.);
#8904=ORIENTED_EDGE('',*,*,#8883,.T.);
#8905=EDGE_LOOP('',(#8896,#8897,#8899,#8901,#8903,#8904));
#8906=FACE_OUTER_BOUND('',#8905,.F.);
#8907=ADVANCED_FACE('',(#8906),#8895,.T.);
#8908=CARTESIAN_POINT('',(-3.405E0,-2.55E0,-9.875E-1));
#8909=DIRECTION('',(-1.E0,0.E0,0.E0));
#8910=DIRECTION('',(0.E0,0.E0,1.E0));
#8911=AXIS2_PLACEMENT_3D('',#8908,#8909,#8910);
#8912=PLANE('',#8911);
#8914=ORIENTED_EDGE('',*,*,#8913,.F.);
#8916=ORIENTED_EDGE('',*,*,#8915,.T.);
#8918=ORIENTED_EDGE('',*,*,#8917,.T.);
#8919=ORIENTED_EDGE('',*,*,#8819,.F.);
#8920=ORIENTED_EDGE('',*,*,#8753,.F.);
#8921=EDGE_LOOP('',(#8914,#8916,#8918,#8919,#8920));
#8922=FACE_OUTER_BOUND('',#8921,.F.);
#8923=ADVANCED_FACE('',(#8922),#8912,.T.);
#8924=CARTESIAN_POINT('',(-3.555E0,-2.55E0,-6.E-1));
#8925=DIRECTION('',(0.E0,1.E0,0.E0));
#8926=DIRECTION('',(6.E-1,0.E0,8.E-1));
#8927=AXIS2_PLACEMENT_3D('',#8924,#8925,#8926);
#8928=CYLINDRICAL_SURFACE('',#8927,2.5E-1);
#8930=ORIENTED_EDGE('',*,*,#8929,.F.);
#8931=ORIENTED_EDGE('',*,*,#8898,.T.);
#8932=ORIENTED_EDGE('',*,*,#8821,.T.);
#8933=ORIENTED_EDGE('',*,*,#8917,.F.);
#8934=EDGE_LOOP('',(#8930,#8931,#8932,#8933));
#8935=FACE_OUTER_BOUND('',#8934,.F.);
#8936=ADVANCED_FACE('',(#8935),#8928,.F.);
#8937=CARTESIAN_POINT('',(-4.675E0,-2.425E0,-2.E0));
#8938=DIRECTION('',(0.E0,1.E0,0.E0));
#8939=DIRECTION('',(0.E0,0.E0,1.E0));
#8940=AXIS2_PLACEMENT_3D('',#8937,#8938,#8939);
#8941=PLANE('',#8940);
#8943=ORIENTED_EDGE('',*,*,#8942,.F.);
#8944=ORIENTED_EDGE('',*,*,#8872,.T.);
#8946=ORIENTED_EDGE('',*,*,#8945,.T.);
#8947=ORIENTED_EDGE('',*,*,#8853,.T.);
#8949=ORIENTED_EDGE('',*,*,#8948,.T.);
#8950=ORIENTED_EDGE('',*,*,#8900,.F.);
#8951=ORIENTED_EDGE('',*,*,#8929,.T.);
#8952=ORIENTED_EDGE('',*,*,#8915,.F.);
#8953=EDGE_LOOP('',(#8943,#8944,#8946,#8947,#8949,#8950,#8951,#8952));
#8954=FACE_OUTER_BOUND('',#8953,.F.);
#8955=ADVANCED_FACE('',(#8954),#8941,.T.);
#8956=CARTESIAN_POINT('',(1.686366E1,-2.675E0,-1.75E0));
#8957=DIRECTION('',(-1.E0,0.E0,0.E0));
#8958=DIRECTION('',(0.E0,1.E0,0.E0));
#8959=AXIS2_PLACEMENT_3D('',#8956,#8957,#8958);
#8960=CYLINDRICAL_SURFACE('',#8959,2.5E-1);
#8961=ORIENTED_EDGE('',*,*,#8913,.T.);
#8962=ORIENTED_EDGE('',*,*,#8751,.T.);
#8963=ORIENTED_EDGE('',*,*,#8769,.F.);
#8964=ORIENTED_EDGE('',*,*,#8786,.T.);
#8965=ORIENTED_EDGE('',*,*,#8866,.T.);
#8966=ORIENTED_EDGE('',*,*,#8942,.T.);
#8967=EDGE_LOOP('',(#8961,#8962,#8963,#8964,#8965,#8966));
#8968=FACE_OUTER_BOUND('',#8967,.F.);
#8969=ADVANCED_FACE('',(#8968),#8960,.T.);
#8970=CARTESIAN_POINT('',(-2.795E0,-2.55E0,-6.E-1));
#8971=DIRECTION('',(0.E0,1.E0,0.E0));
#8972=DIRECTION('',(-6.E-1,0.E0,-8.E-1));
#8973=AXIS2_PLACEMENT_3D('',#8970,#8971,#8972);
#8974=CYLINDRICAL_SURFACE('',#8973,2.5E-1);
#8975=ORIENTED_EDGE('',*,*,#8945,.F.);
#8976=ORIENTED_EDGE('',*,*,#8870,.T.);
#8977=ORIENTED_EDGE('',*,*,#8814,.T.);
#8978=ORIENTED_EDGE('',*,*,#8855,.F.);
#8979=EDGE_LOOP('',(#8975,#8976,#8977,#8978));
#8980=FACE_OUTER_BOUND('',#8979,.F.);
#8981=ADVANCED_FACE('',(#8980),#8974,.F.);
#8982=CARTESIAN_POINT('',(-3.175E0,-2.465E0,-1.4E-1));
#8983=DIRECTION('',(0.E0,7.071067811865E-1,7.071067811865E-1));
#8984=DIRECTION('',(0.E0,7.071067811865E-1,-7.071067811865E-1));
#8985=AXIS2_PLACEMENT_3D('',#8982,#8983,#8984);
#8986=PLANE('',#8985);
#8987=ORIENTED_EDGE('',*,*,#8902,.T.);
#8988=ORIENTED_EDGE('',*,*,#8948,.F.);
#8989=ORIENTED_EDGE('',*,*,#8851,.T.);
#8990=ORIENTED_EDGE('',*,*,#8885,.T.);
#8991=EDGE_LOOP('',(#8987,#8988,#8989,#8990));
#8992=FACE_OUTER_BOUND('',#8991,.F.);
#8993=ADVANCED_FACE('',(#8992),#8986,.T.);
#8994=CARTESIAN_POINT('',(-4.675E0,-4.725E0,7.761848703908E-4));
#8995=DIRECTION('',(0.E0,-3.194704605204E-2,-9.994895628512E-1));
#8996=DIRECTION('',(0.E0,9.994895628512E-1,-3.194704605204E-2));
#8997=AXIS2_PLACEMENT_3D('',#8994,#8995,#8996);
#8998=PLANE('',#8997);
#8999=ORIENTED_EDGE('',*,*,#8705,.F.);
#9000=ORIENTED_EDGE('',*,*,#8609,.F.);
#9001=ORIENTED_EDGE('',*,*,#8594,.T.);
#9003=ORIENTED_EDGE('',*,*,#9002,.T.);
#9004=EDGE_LOOP('',(#8999,#9000,#9001,#9003));
#9005=FACE_OUTER_BOUND('',#9004,.F.);
#9006=ADVANCED_FACE('',(#9005),#8998,.T.);
#9007=CARTESIAN_POINT('',(-2.945E0,-4.337754175756E0,1.134623438915E-1));
#9008=DIRECTION('',(-1.E0,0.E0,0.E0));
#9009=DIRECTION('',(0.E0,9.994895628512E-1,-3.194704605204E-2));
#9010=AXIS2_PLACEMENT_3D('',#9007,#9008,#9009);
#9011=PLANE('',#9010);
#9012=ORIENTED_EDGE('',*,*,#8627,.F.);
#9013=ORIENTED_EDGE('',*,*,#8657,.F.);
#9014=ORIENTED_EDGE('',*,*,#8655,.F.);
#9015=ORIENTED_EDGE('',*,*,#8707,.F.);
#9016=ORIENTED_EDGE('',*,*,#9002,.F.);
#9017=ORIENTED_EDGE('',*,*,#8592,.T.);
#9019=ORIENTED_EDGE('',*,*,#9018,.T.);
#9020=EDGE_LOOP('',(#9012,#9013,#9014,#9015,#9016,#9017,#9019));
#9021=FACE_OUTER_BOUND('',#9020,.F.);
#9022=ADVANCED_FACE('',(#9021),#9011,.F.);
#9023=CARTESIAN_POINT('',(-4.675E0,-4.717013238487E0,2.506485755832E-1));
#9024=DIRECTION('',(0.E0,-3.194704605204E-2,-9.994895628512E-1));
#9025=DIRECTION('',(0.E0,9.994895628512E-1,-3.194704605204E-2));
#9026=AXIS2_PLACEMENT_3D('',#9023,#9024,#9025);
#9027=PLANE('',#9026);
#9028=ORIENTED_EDGE('',*,*,#8629,.T.);
#9029=ORIENTED_EDGE('',*,*,#9018,.F.);
#9030=ORIENTED_EDGE('',*,*,#8590,.F.);
#9031=ORIENTED_EDGE('',*,*,#8606,.T.);
#9032=EDGE_LOOP('',(#9028,#9029,#9030,#9031));
#9033=FACE_OUTER_BOUND('',#9032,.F.);
#9034=ADVANCED_FACE('',(#9033),#9027,.F.);
#9035=CLOSED_SHELL('',(#8598,#8619,#8638,#8661,#8675,#8695,#8712,#8725,#8742,
#8760,#8774,#8791,#8804,#8827,#8842,#8860,#8876,#8890,#8907,#8923,#8936,#8955,
#8969,#8981,#8993,#9006,#9022,#9034));
#9036=MANIFOLD_SOLID_BREP('',#9035);
#9037=DIMENSIONAL_EXPONENTS(1.E0,0.E0,0.E0,0.E0,0.E0,0.E0,0.E0);
#9039=LENGTH_MEASURE_WITH_UNIT(LENGTH_MEASURE(2.54E1),#9038);
#9040=(CONVERSION_BASED_UNIT('INCH',#9039)LENGTH_UNIT()NAMED_UNIT(#9037));
#9041=DIMENSIONAL_EXPONENTS(0.E0,0.E0,0.E0,0.E0,0.E0,0.E0,0.E0);
#9043=PLANE_ANGLE_MEASURE_WITH_UNIT(PLANE_ANGLE_MEASURE(1.745329251994E-2),
#9042);
#9044=(CONVERSION_BASED_UNIT('DEGREE',#9043)NAMED_UNIT(*)PLANE_ANGLE_UNIT());
#9046=UNCERTAINTY_MEASURE_WITH_UNIT(LENGTH_MEASURE(5.E-4),#9040,'closure',
'Maximum model space distance between geometric entities at asserted connectivities');
#9047=(GEOMETRIC_REPRESENTATION_CONTEXT(3)GLOBAL_UNCERTAINTY_ASSIGNED_CONTEXT((
#9046))GLOBAL_UNIT_ASSIGNED_CONTEXT((#9040,#9044,#9045))REPRESENTATION_CONTEXT(
'ID2','3'));
#9048=CARTESIAN_POINT('',(0.E0,0.E0,0.E0));
#9049=DIRECTION('',(0.E0,0.E0,1.E0));
#9050=DIRECTION('',(1.E0,0.E0,0.E0));
#9053=MECHANICAL_CONTEXT('',#1984,'mechanical');
#9054=PRODUCT('1617G-W','1617G-W','NOT SPECIFIED',(#9053));
#9055=PRODUCT_DEFINITION_FORMATION_WITH_SPECIFIED_SOURCE('1','LAST_VERSION',
#9054,.MADE.);
#9061=CARTESIAN_POINT('',(-9.126643271145E0,6.35E0,-3.450469550007E0));
#9062=DIRECTION('',(-1.E0,0.E0,0.E0));
#9063=DIRECTION('',(0.E0,-1.E0,0.E0));
#9064=AXIS2_PLACEMENT_3D('',#9061,#9062,#9063);
#9065=ITEM_DEFINED_TRANSFORMATION('','',#9051,#9064);
#9066=(REPRESENTATION_RELATIONSHIP('','',#9052,#1995)REPRESENTATION_RELATIONSHIP_WITH_TRANSFORMATION(#9065)SHAPE_REPRESENTATION_RELATIONSHIP());
#9067=CONTEXT_DEPENDENT_SHAPE_REPRESENTATION(#9066,#9060);
#9070=CARTESIAN_POINT('',(-9.126643271145E0,6.35E0,-3.450469550007E0));
#9071=DIRECTION('',(-1.E0,0.E0,0.E0));
#9072=DIRECTION('',(0.E0,1.E0,0.E0));
#9073=AXIS2_PLACEMENT_3D('',#9070,#9071,#9072);
#9074=ITEM_DEFINED_TRANSFORMATION('','',#9051,#9073);
#9075=(REPRESENTATION_RELATIONSHIP('','',#9052,#1995)REPRESENTATION_RELATIONSHIP_WITH_TRANSFORMATION(#9074)SHAPE_REPRESENTATION_RELATIONSHIP());
#9076=CONTEXT_DEPENDENT_SHAPE_REPRESENTATION(#9075,#9069);
#9077=DIMENSIONAL_EXPONENTS(1.E0,0.E0,0.E0,0.E0,0.E0,0.E0,0.E0);
#9079=LENGTH_MEASURE_WITH_UNIT(LENGTH_MEASURE(2.54E1),#9078);
#9080=(CONVERSION_BASED_UNIT('INCH',#9079)LENGTH_UNIT()NAMED_UNIT(#9077));
#9081=DIMENSIONAL_EXPONENTS(0.E0,0.E0,0.E0,0.E0,0.E0,0.E0,0.E0);
#9083=PLANE_ANGLE_MEASURE_WITH_UNIT(PLANE_ANGLE_MEASURE(1.745329251994E-2),
#9082);
#9084=(CONVERSION_BASED_UNIT('DEGREE',#9083)NAMED_UNIT(*)PLANE_ANGLE_UNIT());
#9086=UNCERTAINTY_MEASURE_WITH_UNIT(LENGTH_MEASURE(1.691202621263E-3),#9080,
'closure',
'Maximum model space distance between geometric entities at asserted connectivities');
#9087=(GEOMETRIC_REPRESENTATION_CONTEXT(3)GLOBAL_UNCERTAINTY_ASSIGNED_CONTEXT((
#9086))GLOBAL_UNIT_ASSIGNED_CONTEXT((#9080,#9084,#9085))REPRESENTATION_CONTEXT(
'ID3','3'));
#9088=CARTESIAN_POINT('',(0.E0,0.E0,0.E0));
#9089=DIRECTION('',(0.E0,0.E0,1.E0));
#9090=DIRECTION('',(1.E0,0.E0,0.E0));
#9092=DESIGN_CONTEXT('',#1984,'design');
#9093=MECHANICAL_CONTEXT('',#1984,'mechanical');
#9094=PRODUCT('SMD1617-GB_ASM','SMD1617-GB_ASM','NOT SPECIFIED',(#9093));
#9095=PRODUCT_DEFINITION_FORMATION_WITH_SPECIFIED_SOURCE('1','LAST_VERSION',
#9094,.MADE.);
#9097=PRODUCT_CATEGORY('part','');
#9098=PRODUCT_RELATED_PRODUCT_CATEGORY('assembly','',(#9094));
#9099=PRODUCT_CATEGORY_RELATIONSHIP('','',#9097,#9098);
#9100=PRODUCT_CATEGORY('part','');
#9101=PRODUCT_RELATED_PRODUCT_CATEGORY('detail','',(#1988,#9054));
#9102=PRODUCT_CATEGORY_RELATIONSHIP('','',#9100,#9101);
#9103=SECURITY_CLASSIFICATION_LEVEL('unclassified');
#9104=SECURITY_CLASSIFICATION('','',#9103);
#9105=CC_DESIGN_SECURITY_CLASSIFICATION(#9104,(#1989,#9055,#9095,#1996,#9059,
#9068));
#9106=APPROVAL_STATUS('approved');
#9107=APPROVAL(#9106,'');
#9108=CC_DESIGN_APPROVAL(#9107,(#9104,#1989,#9055,#9095,#1990,#9056,#9096));
#9109=CALENDAR_DATE(123,30,10);
#9110=COORDINATED_UNIVERSAL_TIME_OFFSET(8,0,.AHEAD.);
#9111=LOCAL_TIME(16,41,4.7E1,#9110);
#9112=DATE_AND_TIME(#9109,#9111);
#9113=APPROVAL_DATE_TIME(#9112,#9107);
#9114=DATE_TIME_ROLE('creation_date');
#9115=CC_DESIGN_DATE_AND_TIME_ASSIGNMENT(#9112,#9114,(#1990,#9056,#9096));
#9116=DATE_TIME_ROLE('classification_date');
#9117=CC_DESIGN_DATE_AND_TIME_ASSIGNMENT(#9112,#9116,(#9104));
#9118=PERSON('UNSPECIFIED','UNSPECIFIED',$,$,$,$);
#9119=ORGANIZATION('UNSPECIFIED','UNSPECIFIED','UNSPECIFIED');
#9120=PERSON_AND_ORGANIZATION(#9118,#9119);
#9121=APPROVAL_ROLE('approver');
#9122=APPROVAL_PERSON_ORGANIZATION(#9120,#9107,#9121);
#9123=PERSON_AND_ORGANIZATION_ROLE('creator');
#9124=CC_DESIGN_PERSON_AND_ORGANIZATION_ASSIGNMENT(#9120,#9123,(#1989,#9055,
#9095,#1990,#9056,#9096));
#9125=PERSON_AND_ORGANIZATION_ROLE('design_supplier');
#9126=CC_DESIGN_PERSON_AND_ORGANIZATION_ASSIGNMENT(#9120,#9125,(#1989,#9055,
#9095));
#9127=PERSON_AND_ORGANIZATION_ROLE('classification_officer');
#9128=CC_DESIGN_PERSON_AND_ORGANIZATION_ASSIGNMENT(#9120,#9127,(#9104));
#9129=PERSON_AND_ORGANIZATION_ROLE('design_owner');
#9130=CC_DESIGN_PERSON_AND_ORGANIZATION_ASSIGNMENT(#9120,#9129,(#9094,#1988,
#9054));
#22=CIRCLE('',#21,1.5E-1);
#27=CIRCLE('',#26,1.5E-1);
#32=CIRCLE('',#31,1.5E-1);
#41=B_SPLINE_CURVE_WITH_KNOTS('',3,(#33,#34,#35,#36,#37,#38,#39,#40),
.UNSPECIFIED.,.F.,.F.,(4,1,1,1,1,4),(0.E0,2.E-1,4.E-1,6.E-1,8.E-1,1.E0),
.UNSPECIFIED.);
#58=CIRCLE('',#57,1.5E-1);
#63=CIRCLE('',#62,1.5E-1);
#68=CIRCLE('',#67,1.5E-1);
#77=B_SPLINE_CURVE_WITH_KNOTS('',3,(#69,#70,#71,#72,#73,#74,#75,#76),
.UNSPECIFIED.,.F.,.F.,(4,1,1,1,1,4),(0.E0,2.E-1,4.E-1,6.E-1,8.E-1,1.E0),
.UNSPECIFIED.);
#94=CIRCLE('',#93,1.5E-1);
#99=CIRCLE('',#98,1.5E-1);
#104=CIRCLE('',#103,1.5E-1);
#113=B_SPLINE_CURVE_WITH_KNOTS('',3,(#105,#106,#107,#108,#109,#110,#111,#112),
.UNSPECIFIED.,.F.,.F.,(4,1,1,1,1,4),(0.E0,2.E-1,4.E-1,6.E-1,8.E-1,1.E0),
.UNSPECIFIED.);
#130=CIRCLE('',#129,1.5E-1);
#135=CIRCLE('',#134,1.5E-1);
#140=CIRCLE('',#139,1.5E-1);
#149=B_SPLINE_CURVE_WITH_KNOTS('',3,(#141,#142,#143,#144,#145,#146,#147,#148),
.UNSPECIFIED.,.F.,.F.,(4,1,1,1,1,4),(0.E0,2.E-1,4.E-1,6.E-1,8.E-1,1.E0),
.UNSPECIFIED.);
#210=CIRCLE('',#209,1.E-1);
#215=CIRCLE('',#214,1.E-1);
#368=CIRCLE('',#367,1.E-1);
#373=CIRCLE('',#372,1.E-1);
#590=CIRCLE('',#589,1.E-1);
#595=CIRCLE('',#594,1.E-1);
#600=CIRCLE('',#599,1.E-1);
#605=CIRCLE('',#604,1.E-1);
#626=CIRCLE('',#625,1.E-1);
#631=CIRCLE('',#630,1.E-1);
#652=CIRCLE('',#651,1.E-1);
#657=CIRCLE('',#656,1.E-1);
#662=CIRCLE('',#661,1.E-1);
#667=CIRCLE('',#666,1.E-1);
#688=CIRCLE('',#687,1.E-1);
#693=CIRCLE('',#692,1.E-1);
#698=CIRCLE('',#697,1.5E-1);
#715=CIRCLE('',#714,1.5E-1);
#720=CIRCLE('',#719,1.5E-1);
#725=CIRCLE('',#724,1.5E-1);
#939=EDGE_CURVE('',#748,#749,#5,.T.);
#941=EDGE_CURVE('',#761,#748,#9,.T.);
#943=EDGE_CURVE('',#755,#761,#13,.T.);
#945=EDGE_CURVE('',#749,#755,#17,.T.);
#956=EDGE_CURVE('',#749,#751,#27,.T.);
#958=EDGE_CURVE('',#745,#751,#153,.T.);
#960=EDGE_CURVE('',#748,#745,#22,.T.);
#970=EDGE_CURVE('',#751,#753,#32,.T.);
#973=EDGE_CURVE('',#749,#753,#58,.T.);
#984=EDGE_CURVE('',#728,#753,#53,.T.);
#986=EDGE_CURVE('',#741,#728,#41,.T.);
#988=EDGE_CURVE('',#741,#751,#157,.T.);
#998=EDGE_CURVE('',#753,#757,#45,.T.);
#1000=EDGE_CURVE('',#757,#729,#49,.T.);
#1002=EDGE_CURVE('',#728,#729,#319,.T.);
#1014=EDGE_CURVE('',#755,#757,#63,.T.);
#1026=EDGE_CURVE('',#757,#759,#68,.T.);
#1029=EDGE_CURVE('',#755,#759,#94,.T.);
#1040=EDGE_CURVE('',#759,#736,#89,.T.);
#1042=EDGE_CURVE('',#729,#736,#77,.T.);
#1053=EDGE_CURVE('',#759,#763,#81,.T.);
#1055=EDGE_CURVE('',#737,#763,#85,.T.);
#1057=EDGE_CURVE('',#736,#737,#706,.T.);
#1069=EDGE_CURVE('',#761,#763,#99,.T.);
#1081=EDGE_CURVE('',#763,#765,#104,.T.);
#1084=EDGE_CURVE('',#761,#765,#130,.T.);
#1095=EDGE_CURVE('',#732,#765,#125,.T.);
#1097=EDGE_CURVE('',#737,#732,#113,.T.);
#1108=EDGE_CURVE('',#765,#744,#117,.T.);
#1110=EDGE_CURVE('',#744,#733,#121,.T.);
#1112=EDGE_CURVE('',#732,#733,#545,.T.);
#1124=EDGE_CURVE('',#748,#744,#135,.T.);
#1136=EDGE_CURVE('',#744,#745,#140,.T.);
#1149=EDGE_CURVE('',#745,#740,#161,.T.);
#1151=EDGE_CURVE('',#733,#740,#149,.T.);
#1164=EDGE_CURVE('',#740,#741,#169,.T.);
#1175=EDGE_CURVE('',#885,#883,#181,.T.);
#1177=EDGE_CURVE('',#740,#885,#165,.T.);
#1180=EDGE_CURVE('',#741,#883,#173,.T.);
#1190=EDGE_CURVE('',#890,#902,#177,.T.);
#1192=EDGE_CURVE('',#890,#891,#393,.T.);
#1194=EDGE_CURVE('',#867,#891,#671,.T.);
#1196=EDGE_CURVE('',#866,#867,#553,.T.);
#1198=EDGE_CURVE('',#885,#866,#720,.T.);
#1201=EDGE_CURVE('',#850,#883,#725,.T.);
#1203=EDGE_CURVE('',#850,#851,#311,.T.);
#1205=EDGE_CURVE('',#903,#851,#679,.T.);
#1207=EDGE_CURVE('',#902,#903,#235,.T.);
#1217=EDGE_CURVE('',#929,#921,#441,.T.);
#1219=EDGE_CURVE('',#921,#887,#425,.T.);
#1221=EDGE_CURVE('',#863,#887,#185,.T.);
#1223=EDGE_CURVE('',#869,#863,#569,.T.);
#1225=EDGE_CURVE('',#913,#869,#359,.T.);
#1227=EDGE_CURVE('',#913,#919,#413,.T.);
#1229=EDGE_CURVE('',#927,#919,#189,.T.);
#1231=EDGE_CURVE('',#911,#927,#255,.T.);
#1233=EDGE_CURVE('',#853,#911,#351,.T.);
#1235=EDGE_CURVE('',#853,#847,#295,.T.);
#1237=EDGE_CURVE('',#899,#847,#193,.T.);
#1239=EDGE_CURVE('',#929,#899,#457,.T.);
#1249=EDGE_CURVE('',#881,#879,#197,.T.);
#1251=EDGE_CURVE('',#872,#879,#698,.T.);
#1253=EDGE_CURVE('',#872,#873,#537,.T.);
#1255=EDGE_CURVE('',#895,#873,#643,.T.);
#1257=EDGE_CURVE('',#894,#895,#401,.T.);
#1259=EDGE_CURVE('',#906,#894,#201,.T.);
#1261=EDGE_CURVE('',#906,#907,#243,.T.);
#1263=EDGE_CURVE('',#857,#907,#635,.T.);
#1265=EDGE_CURVE('',#856,#857,#327,.T.);
#1267=EDGE_CURVE('',#881,#856,#715,.T.);
#1277=EDGE_CURVE('',#923,#931,#205,.T.);
#1279=EDGE_CURVE('',#915,#923,#417,.T.);
#1281=EDGE_CURVE('',#876,#915,#573,.T.);
#1283=EDGE_CURVE('',#876,#877,#521,.T.);
#1285=EDGE_CURVE('',#877,#897,#509,.T.);
#1287=EDGE_CURVE('',#925,#897,#437,.T.);
#1289=EDGE_CURVE('',#925,#933,#473,.T.);
#1291=EDGE_CURVE('',#933,#909,#461,.T.);
#1293=EDGE_CURVE('',#909,#861,#505,.T.);
#1295=EDGE_CURVE('',#860,#861,#343,.T.);
#1297=EDGE_CURVE('',#917,#860,#581,.T.);
#1299=EDGE_CURVE('',#917,#931,#259,.T.);
#1310=EDGE_CURVE('',#902,#769,#210,.T.);
#1312=EDGE_CURVE('',#768,#769,#675,.T.);
#1314=EDGE_CURVE('',#768,#890,#215,.T.);
#1324=EDGE_CURVE('',#833,#899,#219,.T.);
#1326=EDGE_CURVE('',#833,#841,#223,.T.);
#1328=EDGE_CURVE('',#909,#841,#227,.T.);
#1330=EDGE_CURVE('',#899,#909,#231,.T.);
#1341=EDGE_CURVE('',#903,#769,#239,.T.);
#1353=EDGE_CURVE('',#780,#906,#657,.T.);
#1355=EDGE_CURVE('',#780,#907,#247,.T.);
#1365=EDGE_CURVE('',#772,#911,#251,.T.);
#1368=EDGE_CURVE('',#772,#927,#373,.T.);
#1379=EDGE_CURVE('',#917,#777,#263,.T.);
#1381=EDGE_CURVE('',#931,#777,#590,.T.);
#1391=EDGE_CURVE('',#832,#833,#267,.T.);
#1395=EDGE_CURVE('',#832,#847,#291,.T.);
#1405=EDGE_CURVE('',#836,#837,#279,.T.);
#1407=EDGE_CURVE('',#837,#863,#513,.T.);
#1410=EDGE_CURVE('',#836,#887,#377,.T.);
#1421=EDGE_CURVE('',#832,#840,#271,.T.);
#1423=EDGE_CURVE('',#840,#841,#275,.T.);
#1435=EDGE_CURVE('',#844,#836,#389,.T.);
#1437=EDGE_CURVE('',#844,#845,#283,.T.);
#1439=EDGE_CURVE('',#845,#837,#287,.T.);
#1451=EDGE_CURVE('',#853,#804,#299,.T.);
#1453=EDGE_CURVE('',#800,#804,#688,.T.);
#1455=EDGE_CURVE('',#800,#817,#303,.T.);
#1457=EDGE_CURVE('',#829,#817,#667,.T.);
#1459=EDGE_CURVE('',#851,#829,#307,.T.);
#1462=EDGE_CURVE('',#728,#850,#315,.T.);
#1465=EDGE_CURVE('',#729,#856,#323,.T.);
#1468=EDGE_CURVE('',#857,#824,#331,.T.);
#1470=EDGE_CURVE('',#812,#824,#626,.T.);
#1472=EDGE_CURVE('',#812,#809,#335,.T.);
#1474=EDGE_CURVE('',#821,#809,#605,.T.);
#1476=EDGE_CURVE('',#860,#821,#339,.T.);
#1479=EDGE_CURVE('',#861,#840,#347,.T.);
#1492=EDGE_CURVE('',#772,#773,#355,.T.);
#1494=EDGE_CURVE('',#913,#773,#409,.T.);
#1497=EDGE_CURVE('',#869,#805,#565,.T.);
#1499=EDGE_CURVE('',#804,#805,#363,.T.);
#1511=EDGE_CURVE('',#919,#773,#368,.T.);
#1524=EDGE_CURVE('',#887,#897,#381,.T.);
#1526=EDGE_CURVE('',#897,#844,#385,.T.);
#1539=EDGE_CURVE('',#768,#891,#397,.T.);
#1550=EDGE_CURVE('',#895,#781,#405,.T.);
#1552=EDGE_CURVE('',#894,#781,#652,.T.);
#1574=EDGE_CURVE('',#776,#923,#595,.T.);
#1576=EDGE_CURVE('',#776,#915,#421,.T.);
#1587=EDGE_CURVE('',#791,#921,#453,.T.);
#1589=EDGE_CURVE('',#784,#791,#429,.T.);
#1591=EDGE_CURVE('',#784,#788,#501,.T.);
#1593=EDGE_CURVE('',#788,#793,#433,.T.);
#1595=EDGE_CURVE('',#793,#925,#477,.T.);
#1608=EDGE_CURVE('',#929,#795,#445,.T.);
#1610=EDGE_CURVE('',#795,#791,#449,.T.);
#1624=EDGE_CURVE('',#933,#797,#485,.T.);
#1626=EDGE_CURVE('',#797,#789,#465,.T.);
#1628=EDGE_CURVE('',#785,#789,#493,.T.);
#1630=EDGE_CURVE('',#795,#785,#469,.T.);
#1643=EDGE_CURVE('',#793,#797,#481,.T.);
#1657=EDGE_CURVE('',#788,#789,#497,.T.);
#1667=EDGE_CURVE('',#784,#785,#489,.T.);
#1707=EDGE_CURVE('',#877,#845,#517,.T.);
#1721=EDGE_CURVE('',#876,#820,#525,.T.);
#1723=EDGE_CURVE('',#808,#820,#600,.T.);
#1725=EDGE_CURVE('',#813,#808,#529,.T.);
#1727=EDGE_CURVE('',#825,#813,#631,.T.);
#1729=EDGE_CURVE('',#873,#825,#533,.T.);
#1732=EDGE_CURVE('',#732,#872,#541,.T.);
#1735=EDGE_CURVE('',#733,#866,#549,.T.);
#1738=EDGE_CURVE('',#867,#828,#557,.T.);
#1740=EDGE_CURVE('',#816,#828,#662,.T.);
#1742=EDGE_CURVE('',#801,#816,#561,.T.);
#1744=EDGE_CURVE('',#805,#801,#693,.T.);
#1758=EDGE_CURVE('',#776,#777,#577,.T.);
#1763=EDGE_CURVE('',#820,#821,#585,.T.);
#1786=EDGE_CURVE('',#808,#809,#609,.T.);
#1801=EDGE_CURVE('',#812,#813,#613,.T.);
#1812=EDGE_CURVE('',#816,#817,#617,.T.);
#1815=EDGE_CURVE('',#800,#801,#621,.T.);
#1828=EDGE_CURVE('',#824,#825,#647,.T.);
#1841=EDGE_CURVE('',#780,#781,#639,.T.);
#1870=EDGE_CURVE('',#828,#829,#683,.T.);
#1910=EDGE_CURVE('',#737,#879,#710,.T.);
#1923=EDGE_CURVE('',#736,#881,#702,.T.);
#1969=(LENGTH_UNIT()NAMED_UNIT(*)SI_UNIT(.MILLI.,.METRE.));
#1973=(NAMED_UNIT(*)PLANE_ANGLE_UNIT()SI_UNIT($,.RADIAN.));
#1976=(NAMED_UNIT(*)SI_UNIT($,.STERADIAN.)SOLID_ANGLE_UNIT());
#1982=AXIS2_PLACEMENT_3D('',#1979,#1980,#1981);
#1983=ADVANCED_BREP_SHAPE_REPRESENTATION('',(#1982,#1967),#1978);
#1990=PRODUCT_DEFINITION('design','',#1989,#1986);
#1991=PRODUCT_DEFINITION_SHAPE('','SHAPE FOR 1617G-S57.',#1990);
#1992=SHAPE_DEFINITION_REPRESENTATION(#1991,#1983);
#1993=SHAPE_DEFINITION_REPRESENTATION(#1994,#1995);
#1994=PRODUCT_DEFINITION_SHAPE('','SHAPE FOR SMD1617-GB_ASM.',#9096);
#1995=SHAPE_REPRESENTATION('',(#2001,#9064,#9073,#9091),#9087);
#1996=NEXT_ASSEMBLY_USAGE_OCCURRENCE('0','Next assembly relationship',
'1617G-S57',#9096,#1990,$);
#1997=PRODUCT_DEFINITION_SHAPE('Placement #0',
'Placement of 1617G-S57 with respect to SMD1617-GB_ASM',#1996);
#2010=CIRCLE('',#2009,3.5E-1);
#2019=CIRCLE('',#2018,3.5E-1);
#2024=CIRCLE('',#2023,2.5E-1);
#2045=CIRCLE('',#2044,3.5E-1);
#2054=CIRCLE('',#2053,2.5E-1);
#2067=CIRCLE('',#2066,3.5E-1);
#2116=CIRCLE('',#2115,1.E-1);
#2121=CIRCLE('',#2120,1.E-1);
#2126=CIRCLE('',#2125,1.E-1);
#2131=CIRCLE('',#2130,1.E-1);
#2148=CIRCLE('',#2147,2.5E-1);
#2161=CIRCLE('',#2160,2.5E-1);
#2190=CIRCLE('',#2189,2.5E-1);
#2219=CIRCLE('',#2218,2.5E-1);
#2248=CIRCLE('',#2247,2.5E-1);
#2261=CIRCLE('',#2260,2.5E-1);
#2278=CIRCLE('',#2277,2.5E-1);
#2291=CIRCLE('',#2290,2.5E-1);
#2304=CIRCLE('',#2303,2.5E-1);
#2309=CIRCLE('',#2308,2.5E-1);
#2435=EDGE_CURVE('',#2421,#2423,#2010,.T.);
#2437=EDGE_CURVE('',#2417,#2421,#2032,.T.);
#2439=EDGE_CURVE('',#2416,#2417,#2028,.T.);
#2441=EDGE_CURVE('',#2409,#2416,#2126,.T.);
#2443=EDGE_CURVE('',#2399,#2409,#2111,.T.);
#2445=EDGE_CURVE('',#2399,#2401,#2014,.T.);
#2447=EDGE_CURVE('',#2401,#2423,#2091,.T.);
#2457=EDGE_CURVE('',#2420,#2421,#2019,.T.);
#2460=EDGE_CURVE('',#2425,#2423,#2087,.T.);
#2462=EDGE_CURVE('',#2425,#2427,#2067,.T.);
#2464=EDGE_CURVE('',#2427,#2429,#2045,.T.);
#2466=EDGE_CURVE('',#2429,#2420,#2036,.T.);
#2477=EDGE_CURVE('',#2420,#2336,#2040,.T.);
#2479=EDGE_CURVE('',#2391,#2336,#2313,.T.);
#2481=EDGE_CURVE('',#2389,#2391,#2024,.T.);
#2483=EDGE_CURVE('',#2405,#2389,#2139,.T.);
#2485=EDGE_CURVE('',#2416,#2405,#2131,.T.);
#2498=EDGE_CURVE('',#2429,#2332,#2062,.T.);
#2500=EDGE_CURVE('',#2332,#2336,#2299,.T.);
#2512=EDGE_CURVE('',#2413,#2427,#2083,.T.);
#2514=EDGE_CURVE('',#2412,#2413,#2079,.T.);
#2516=EDGE_CURVE('',#2404,#2412,#2116,.T.);
#2518=EDGE_CURVE('',#2404,#2387,#2049,.T.);
#2520=EDGE_CURVE('',#2385,#2387,#2054,.T.);
#2522=EDGE_CURVE('',#2385,#2332,#2058,.T.);
#2534=EDGE_CURVE('',#2397,#2425,#2071,.T.);
#2536=EDGE_CURVE('',#2396,#2397,#2099,.T.);
#2538=EDGE_CURVE('',#2396,#2408,#2075,.T.);
#2540=EDGE_CURVE('',#2412,#2408,#2121,.T.);
#2554=EDGE_CURVE('',#2397,#2401,#2095,.T.);
#2566=EDGE_CURVE('',#2396,#2399,#2107,.T.);
#2578=EDGE_CURVE('',#2408,#2409,#2103,.T.);
#2591=EDGE_CURVE('',#2404,#2405,#2135,.T.);
#2608=EDGE_CURVE('',#2389,#2387,#2143,.T.);
#2619=EDGE_CURVE('',#2384,#2385,#2161,.T.);
#2624=EDGE_CURVE('',#2391,#2393,#2309,.T.);
#2626=EDGE_CURVE('',#2393,#2384,#2321,.T.);
#2636=EDGE_CURVE('',#2373,#2375,#2148,.T.);
#2638=EDGE_CURVE('',#2373,#2333,#2152,.T.);
#2640=EDGE_CURVE('',#2332,#2333,#2156,.T.);
#2644=EDGE_CURVE('',#2384,#2375,#2165,.T.);
#2654=EDGE_CURVE('',#2372,#2373,#2190,.T.);
#2657=EDGE_CURVE('',#2377,#2375,#2317,.T.);
#2659=EDGE_CURVE('',#2377,#2379,#2304,.T.);
#2661=EDGE_CURVE('',#2379,#2381,#2219,.T.);
#2663=EDGE_CURVE('',#2381,#2372,#2239,.T.);
#2673=EDGE_CURVE('',#2359,#2361,#2169,.T.);
#2675=EDGE_CURVE('',#2348,#2359,#2173,.T.);
#2677=EDGE_CURVE('',#2340,#2348,#2329,.T.);
#2679=EDGE_CURVE('',#2340,#2365,#2177,.T.);
#2681=EDGE_CURVE('',#2364,#2365,#2181,.T.);
#2683=EDGE_CURVE('',#2364,#2361,#2185,.T.);
#2694=EDGE_CURVE('',#2372,#2341,#2194,.T.);
#2696=EDGE_CURVE('',#2341,#2349,#2198,.T.);
#2698=EDGE_CURVE('',#2333,#2349,#2202,.T.);
#2709=EDGE_CURVE('',#2356,#2357,#2206,.T.);
#2711=EDGE_CURVE('',#2359,#2357,#2269,.T.);
#2714=EDGE_CURVE('',#2361,#2356,#2227,.T.);
#2725=EDGE_CURVE('',#2369,#2356,#2235,.T.);
#2727=EDGE_CURVE('',#2367,#2369,#2210,.T.);
#2729=EDGE_CURVE('',#2345,#2367,#2252,.T.);
#2731=EDGE_CURVE('',#2345,#2353,#2214,.T.);
#2733=EDGE_CURVE('',#2353,#2357,#2273,.T.);
#2744=EDGE_CURVE('',#2379,#2337,#2223,.T.);
#2746=EDGE_CURVE('',#2337,#2352,#2282,.T.);
#2748=EDGE_CURVE('',#2344,#2352,#2265,.T.);
#2750=EDGE_CURVE('',#2381,#2344,#2243,.T.);
#2762=EDGE_CURVE('',#2369,#2364,#2231,.T.);
#2774=EDGE_CURVE('',#2367,#2365,#2256,.T.);
#2788=EDGE_CURVE('',#2344,#2345,#2248,.T.);
#2793=EDGE_CURVE('',#2340,#2341,#2261,.T.);
#2806=EDGE_CURVE('',#2352,#2353,#2278,.T.);
#2821=EDGE_CURVE('',#2333,#2337,#2286,.T.);
#2824=EDGE_CURVE('',#2348,#2349,#2291,.T.);
#2835=EDGE_CURVE('',#2336,#2337,#2295,.T.);
#2849=EDGE_CURVE('',#2393,#2377,#2325,.T.);
#2893=CIRCLE('',#2892,3.5E-1);
#2906=CIRCLE('',#2905,3.5E-1);
#2915=CIRCLE('',#2914,2.5E-1);
#2940=CIRCLE('',#2939,3.5E-1);
#2945=CIRCLE('',#2944,2.5E-1);
#2954=CIRCLE('',#2953,1.E-1);
#2959=CIRCLE('',#2958,1.E-1);
#2964=CIRCLE('',#2963,1.E-1);
#2969=CIRCLE('',#2968,1.E-1);
#2986=CIRCLE('',#2985,2.5E-1);
#2991=CIRCLE('',#2990,2.5E-1);
#3012=CIRCLE('',#3011,2.5E-1);
#3025=CIRCLE('',#3024,2.5E-1);
#3046=CIRCLE('',#3045,2.5E-1);
#3059=CIRCLE('',#3058,2.5E-1);
#3088=CIRCLE('',#3087,2.5E-1);
#3129=CIRCLE('',#3128,2.5E-1);
#3146=CIRCLE('',#3145,2.5E-1);
#3159=CIRCLE('',#3158,2.5E-1);
#3184=CIRCLE('',#3183,3.5E-1);
#3314=EDGE_CURVE('',#3278,#3280,#2888,.T.);
#3316=EDGE_CURVE('',#3280,#3276,#3204,.T.);
#3318=EDGE_CURVE('',#3275,#3276,#3192,.T.);
#3320=EDGE_CURVE('',#3278,#3275,#3179,.T.);
#3330=EDGE_CURVE('',#3304,#3306,#2893,.T.);
#3332=EDGE_CURVE('',#3280,#3304,#3208,.T.);
#3335=EDGE_CURVE('',#3278,#3287,#3175,.T.);
#3337=EDGE_CURVE('',#3291,#3287,#2959,.T.);
#3339=EDGE_CURVE('',#3291,#3292,#2897,.T.);
#3341=EDGE_CURVE('',#3292,#3306,#2901,.T.);
#3351=EDGE_CURVE('',#3299,#3300,#2906,.T.);
#3353=EDGE_CURVE('',#3300,#3302,#3184,.T.);
#3355=EDGE_CURVE('',#3304,#3302,#3200,.T.);
#3358=EDGE_CURVE('',#3306,#3308,#2940,.T.);
#3360=EDGE_CURVE('',#3308,#3299,#2931,.T.);
#3371=EDGE_CURVE('',#3299,#3211,#2910,.T.);
#3373=EDGE_CURVE('',#3258,#3211,#3016,.T.);
#3375=EDGE_CURVE('',#3256,#3258,#2915,.T.);
#3377=EDGE_CURVE('',#3284,#3256,#2919,.T.);
#3379=EDGE_CURVE('',#3295,#3284,#2969,.T.);
#3381=EDGE_CURVE('',#3295,#3296,#2923,.T.);
#3383=EDGE_CURVE('',#3296,#3300,#2927,.T.);
#3394=EDGE_CURVE('',#3308,#3215,#2935,.T.);
#3396=EDGE_CURVE('',#3215,#3211,#3037,.T.);
#3410=EDGE_CURVE('',#3283,#3291,#2954,.T.);
#3412=EDGE_CURVE('',#3283,#3254,#2981,.T.);
#3414=EDGE_CURVE('',#3252,#3254,#2945,.T.);
#3416=EDGE_CURVE('',#3252,#3215,#2949,.T.);
#3427=EDGE_CURVE('',#3283,#3284,#2973,.T.);
#3431=EDGE_CURVE('',#3287,#3288,#3171,.T.);
#3433=EDGE_CURVE('',#3288,#3295,#2964,.T.);
#3446=EDGE_CURVE('',#3256,#3254,#2977,.T.);
#3457=EDGE_CURVE('',#3251,#3252,#2986,.T.);
#3462=EDGE_CURVE('',#3258,#3260,#3012,.T.);
#3464=EDGE_CURVE('',#3260,#3251,#2999,.T.);
#3475=EDGE_CURVE('',#3251,#3266,#3007,.T.);
#3477=EDGE_CURVE('',#3264,#3266,#2991,.T.);
#3479=EDGE_CURVE('',#3264,#3216,#2995,.T.);
#3481=EDGE_CURVE('',#3215,#3216,#3033,.T.);
#3493=EDGE_CURVE('',#3260,#3268,#3029,.T.);
#3495=EDGE_CURVE('',#3268,#3266,#3003,.T.);
#3508=EDGE_CURVE('',#3211,#3212,#3020,.T.);
#3510=EDGE_CURVE('',#3270,#3212,#3092,.T.);
#3512=EDGE_CURVE('',#3268,#3270,#3025,.T.);
#3524=EDGE_CURVE('',#3216,#3212,#3050,.T.);
#3536=EDGE_CURVE('',#3238,#3236,#3041,.T.);
#3538=EDGE_CURVE('',#3228,#3236,#3083,.T.);
#3540=EDGE_CURVE('',#3227,#3228,#3046,.T.);
#3542=EDGE_CURVE('',#3212,#3227,#3096,.T.);
#3545=EDGE_CURVE('',#3216,#3232,#3054,.T.);
#3547=EDGE_CURVE('',#3231,#3232,#3059,.T.);
#3549=EDGE_CURVE('',#3231,#3238,#3063,.T.);
#3559=EDGE_CURVE('',#3235,#3236,#3067,.T.);
#3562=EDGE_CURVE('',#3238,#3240,#3116,.T.);
#3564=EDGE_CURVE('',#3240,#3235,#3104,.T.);
#3575=EDGE_CURVE('',#3248,#3235,#3112,.T.);
#3577=EDGE_CURVE('',#3246,#3248,#3071,.T.);
#3579=EDGE_CURVE('',#3220,#3246,#3075,.T.);
#3581=EDGE_CURVE('',#3220,#3228,#3079,.T.);
#3592=EDGE_CURVE('',#3270,#3272,#3088,.T.);
#3596=EDGE_CURVE('',#3219,#3227,#3167,.T.);
#3598=EDGE_CURVE('',#3272,#3219,#3100,.T.);
#3609=EDGE_CURVE('',#3243,#3240,#3124,.T.);
#3611=EDGE_CURVE('',#3248,#3243,#3108,.T.);
#3624=EDGE_CURVE('',#3223,#3231,#3137,.T.);
#3626=EDGE_CURVE('',#3223,#3244,#3154,.T.);
#3628=EDGE_CURVE('',#3243,#3244,#3120,.T.);
#3639=EDGE_CURVE('',#3263,#3264,#3129,.T.);
#3641=EDGE_CURVE('',#3263,#3224,#3163,.T.);
#3643=EDGE_CURVE('',#3224,#3232,#3133,.T.);
#3655=EDGE_CURVE('',#3223,#3224,#3159,.T.);
#3668=EDGE_CURVE('',#3272,#3263,#3141,.T.);
#3671=EDGE_CURVE('',#3219,#3220,#3146,.T.);
#3674=EDGE_CURVE('',#3246,#3244,#3150,.T.);
#3728=EDGE_CURVE('',#3275,#3288,#3188,.T.);
#3744=EDGE_CURVE('',#3276,#3302,#3196,.T.);
#3772=CIRCLE('',#3771,3.5E-1);
#3785=CIRCLE('',#3784,3.5E-1);
#3790=CIRCLE('',#3789,2.5E-1);
#3815=CIRCLE('',#3814,3.5E-1);
#3820=CIRCLE('',#3819,2.5E-1);
#3829=CIRCLE('',#3828,1.E-1);
#3834=CIRCLE('',#3833,1.E-1);
#3839=CIRCLE('',#3838,1.E-1);
#3844=CIRCLE('',#3843,1.E-1);
#3865=CIRCLE('',#3864,2.5E-1);
#3874=CIRCLE('',#3873,2.5E-1);
#3891=CIRCLE('',#3890,2.5E-1);
#3912=CIRCLE('',#3911,2.5E-1);
#3941=CIRCLE('',#3940,2.5E-1);
#3958=CIRCLE('',#3957,2.5E-1);
#3979=CIRCLE('',#3978,2.5E-1);
#3996=CIRCLE('',#3995,2.5E-1);
#4017=CIRCLE('',#4016,2.5E-1);
#4022=CIRCLE('',#4021,2.5E-1);
#4067=CIRCLE('',#4066,3.5E-1);
#4193=EDGE_CURVE('',#4154,#4158,#3767,.T.);
#4195=EDGE_CURVE('',#4158,#4159,#4083,.T.);
#4197=EDGE_CURVE('',#4155,#4159,#4071,.T.);
#4199=EDGE_CURVE('',#4154,#4155,#4058,.T.);
#4209=EDGE_CURVE('',#4183,#4185,#3772,.T.);
#4211=EDGE_CURVE('',#4158,#4183,#4087,.T.);
#4214=EDGE_CURVE('',#4154,#4166,#4054,.T.);
#4216=EDGE_CURVE('',#4170,#4166,#3834,.T.);
#4218=EDGE_CURVE('',#4170,#4171,#3776,.T.);
#4220=EDGE_CURVE('',#4171,#4185,#3780,.T.);
#4230=EDGE_CURVE('',#4178,#4179,#3785,.T.);
#4232=EDGE_CURVE('',#4179,#4181,#4067,.T.);
#4234=EDGE_CURVE('',#4183,#4181,#4075,.T.);
#4237=EDGE_CURVE('',#4185,#4187,#3815,.T.);
#4239=EDGE_CURVE('',#4187,#4178,#3802,.T.);
#4250=EDGE_CURVE('',#4178,#4094,#3810,.T.);
#4252=EDGE_CURVE('',#4149,#4094,#4026,.T.);
#4254=EDGE_CURVE('',#4147,#4149,#3790,.T.);
#4256=EDGE_CURVE('',#4163,#4147,#3852,.T.);
#4258=EDGE_CURVE('',#4174,#4163,#3844,.T.);
#4260=EDGE_CURVE('',#4174,#4175,#3794,.T.);
#4262=EDGE_CURVE('',#4175,#4179,#3798,.T.);
#4273=EDGE_CURVE('',#4187,#4090,#3806,.T.);
#4275=EDGE_CURVE('',#4090,#4094,#4012,.T.);
#4289=EDGE_CURVE('',#4162,#4170,#3829,.T.);
#4291=EDGE_CURVE('',#4162,#4145,#3860,.T.);
#4293=EDGE_CURVE('',#4143,#4145,#3820,.T.);
#4295=EDGE_CURVE('',#4143,#4090,#3824,.T.);
#4306=EDGE_CURVE('',#4162,#4163,#3848,.T.);
#4310=EDGE_CURVE('',#4166,#4167,#4050,.T.);
#4312=EDGE_CURVE('',#4167,#4174,#3839,.T.);
#4325=EDGE_CURVE('',#4147,#4145,#3856,.T.);
#4336=EDGE_CURVE('',#4142,#4143,#3874,.T.);
#4341=EDGE_CURVE('',#4149,#4151,#4022,.T.);
#4343=EDGE_CURVE('',#4151,#4142,#4038,.T.);
#4353=EDGE_CURVE('',#4131,#4133,#3865,.T.);
#4355=EDGE_CURVE('',#4131,#4091,#3869,.T.);
#4357=EDGE_CURVE('',#4090,#4091,#4004,.T.);
#4361=EDGE_CURVE('',#4142,#4133,#4034,.T.);
#4371=EDGE_CURVE('',#4130,#4131,#3891,.T.);
#4374=EDGE_CURVE('',#4135,#4133,#4030,.T.);
#4376=EDGE_CURVE('',#4135,#4137,#4017,.T.);
#4378=EDGE_CURVE('',#4137,#4139,#3912,.T.);
#4380=EDGE_CURVE('',#4139,#4130,#3932,.T.);
#4390=EDGE_CURVE('',#4117,#4119,#3878,.T.);
#4392=EDGE_CURVE('',#4110,#4117,#4000,.T.);
#4394=EDGE_CURVE('',#4102,#4110,#4046,.T.);
#4396=EDGE_CURVE('',#4102,#4123,#3953,.T.);
#4398=EDGE_CURVE('',#4122,#4123,#3882,.T.);
#4400=EDGE_CURVE('',#4122,#4119,#3886,.T.);
#4411=EDGE_CURVE('',#4130,#4103,#3962,.T.);
#4413=EDGE_CURVE('',#4103,#4111,#3895,.T.);
#4415=EDGE_CURVE('',#4091,#4111,#3991,.T.);
#4426=EDGE_CURVE('',#4114,#4115,#3899,.T.);
#4428=EDGE_CURVE('',#4117,#4115,#3970,.T.);
#4431=EDGE_CURVE('',#4119,#4114,#3920,.T.);
#4442=EDGE_CURVE('',#4127,#4114,#3928,.T.);
#4444=EDGE_CURVE('',#4125,#4127,#3903,.T.);
#4446=EDGE_CURVE('',#4099,#4125,#3945,.T.);
#4448=EDGE_CURVE('',#4099,#4107,#3907,.T.);
#4450=EDGE_CURVE('',#4107,#4115,#3974,.T.);
#4461=EDGE_CURVE('',#4137,#4095,#3916,.T.);
#4463=EDGE_CURVE('',#4095,#4106,#3983,.T.);
#4465=EDGE_CURVE('',#4098,#4106,#3966,.T.);
#4467=EDGE_CURVE('',#4139,#4098,#3936,.T.);
#4479=EDGE_CURVE('',#4127,#4122,#3924,.T.);
#4491=EDGE_CURVE('',#4125,#4123,#3949,.T.);
#4505=EDGE_CURVE('',#4098,#4099,#3941,.T.);
#4510=EDGE_CURVE('',#4102,#4103,#3958,.T.);
#4523=EDGE_CURVE('',#4106,#4107,#3979,.T.);
#4538=EDGE_CURVE('',#4091,#4095,#3987,.T.);
#4541=EDGE_CURVE('',#4110,#4111,#3996,.T.);
#4554=EDGE_CURVE('',#4094,#4095,#4008,.T.);
#4566=EDGE_CURVE('',#4151,#4135,#4042,.T.);
#4607=EDGE_CURVE('',#4155,#4167,#4062,.T.);
#4623=EDGE_CURVE('',#4159,#4181,#4079,.T.);
#4651=CIRCLE('',#4650,3.5E-1);
#4664=CIRCLE('',#4663,3.5E-1);
#4669=CIRCLE('',#4668,2.5E-1);
#4694=CIRCLE('',#4693,3.5E-1);
#4699=CIRCLE('',#4698,2.5E-1);
#4708=CIRCLE('',#4707,1.E-1);
#4713=CIRCLE('',#4712,1.E-1);
#4718=CIRCLE('',#4717,1.E-1);
#4723=CIRCLE('',#4722,1.E-1);
#4744=CIRCLE('',#4743,2.5E-1);
#4749=CIRCLE('',#4748,2.5E-1);
#4774=CIRCLE('',#4773,2.5E-1);
#4783=CIRCLE('',#4782,2.5E-1);
#4808=CIRCLE('',#4807,2.5E-1);
#4825=CIRCLE('',#4824,2.5E-1);
#4846=CIRCLE('',#4845,2.5E-1);
#4879=CIRCLE('',#4878,2.5E-1);
#4900=CIRCLE('',#4899,2.5E-1);
#4917=CIRCLE('',#4916,2.5E-1);
#4946=CIRCLE('',#4945,3.5E-1);
#5072=EDGE_CURVE('',#5033,#5037,#4646,.T.);
#5074=EDGE_CURVE('',#5037,#5038,#4962,.T.);
#5076=EDGE_CURVE('',#5034,#5038,#4950,.T.);
#5078=EDGE_CURVE('',#5033,#5034,#4937,.T.);
#5088=EDGE_CURVE('',#5062,#5064,#4651,.T.);
#5090=EDGE_CURVE('',#5037,#5062,#4966,.T.);
#5093=EDGE_CURVE('',#5033,#5045,#4933,.T.);
#5095=EDGE_CURVE('',#5049,#5045,#4713,.T.);
#5097=EDGE_CURVE('',#5049,#5050,#4655,.T.);
#5099=EDGE_CURVE('',#5050,#5064,#4659,.T.);
#5109=EDGE_CURVE('',#5057,#5058,#4664,.T.);
#5111=EDGE_CURVE('',#5058,#5060,#4946,.T.);
#5113=EDGE_CURVE('',#5062,#5060,#4954,.T.);
#5116=EDGE_CURVE('',#5064,#5066,#4694,.T.);
#5118=EDGE_CURVE('',#5066,#5057,#4681,.T.);
#5129=EDGE_CURVE('',#5057,#4969,#4689,.T.);
#5131=EDGE_CURVE('',#5016,#4969,#4778,.T.);
#5133=EDGE_CURVE('',#5014,#5016,#4669,.T.);
#5135=EDGE_CURVE('',#5042,#5014,#4731,.T.);
#5137=EDGE_CURVE('',#5053,#5042,#4723,.T.);
#5139=EDGE_CURVE('',#5053,#5054,#4673,.T.);
#5141=EDGE_CURVE('',#5054,#5058,#4677,.T.);
#5152=EDGE_CURVE('',#5066,#4973,#4685,.T.);
#5154=EDGE_CURVE('',#4973,#4969,#4791,.T.);
#5168=EDGE_CURVE('',#5041,#5049,#4708,.T.);
#5170=EDGE_CURVE('',#5041,#5012,#4739,.T.);
#5172=EDGE_CURVE('',#5010,#5012,#4699,.T.);
#5174=EDGE_CURVE('',#5010,#4973,#4703,.T.);
#5185=EDGE_CURVE('',#5041,#5042,#4727,.T.);
#5189=EDGE_CURVE('',#5045,#5046,#4929,.T.);
#5191=EDGE_CURVE('',#5046,#5053,#4718,.T.);
#5204=EDGE_CURVE('',#5014,#5012,#4735,.T.);
#5215=EDGE_CURVE('',#5009,#5010,#4744,.T.);
#5220=EDGE_CURVE('',#5016,#5018,#4774,.T.);
#5222=EDGE_CURVE('',#5018,#5009,#4757,.T.);
#5233=EDGE_CURVE('',#5009,#5024,#4769,.T.);
#5235=EDGE_CURVE('',#5022,#5024,#4749,.T.);
#5237=EDGE_CURVE('',#5022,#4974,#4753,.T.);
#5239=EDGE_CURVE('',#4973,#4974,#4795,.T.);
#5251=EDGE_CURVE('',#5018,#5026,#4761,.T.);
#5253=EDGE_CURVE('',#5026,#5024,#4765,.T.);
#5266=EDGE_CURVE('',#4969,#4970,#4787,.T.);
#5268=EDGE_CURVE('',#5028,#4970,#4850,.T.);
#5270=EDGE_CURVE('',#5026,#5028,#4783,.T.);
#5284=EDGE_CURVE('',#4974,#4970,#4816,.T.);
#5294=EDGE_CURVE('',#4996,#4994,#4799,.T.);
#5296=EDGE_CURVE('',#4990,#4994,#4803,.T.);
#5298=EDGE_CURVE('',#4989,#4990,#4808,.T.);
#5300=EDGE_CURVE('',#4970,#4989,#4812,.T.);
#5303=EDGE_CURVE('',#4974,#4986,#4820,.T.);
#5305=EDGE_CURVE('',#4985,#4986,#4825,.T.);
#5307=EDGE_CURVE('',#4985,#4996,#4829,.T.);
#5317=EDGE_CURVE('',#4993,#4994,#4833,.T.);
#5320=EDGE_CURVE('',#4996,#4998,#4866,.T.);
#5322=EDGE_CURVE('',#4998,#4993,#4854,.T.);
#5333=EDGE_CURVE('',#5006,#4993,#4862,.T.);
#5335=EDGE_CURVE('',#5004,#5006,#4837,.T.);
#5337=EDGE_CURVE('',#4982,#5004,#4904,.T.);
#5339=EDGE_CURVE('',#4982,#4990,#4841,.T.);
#5350=EDGE_CURVE('',#5028,#5030,#4846,.T.);
#5354=EDGE_CURVE('',#4981,#4989,#4925,.T.);
#5356=EDGE_CURVE('',#5030,#4981,#4895,.T.);
#5367=EDGE_CURVE('',#5001,#4998,#4874,.T.);
#5369=EDGE_CURVE('',#5006,#5001,#4858,.T.);
#5382=EDGE_CURVE('',#4977,#4985,#4887,.T.);
#5384=EDGE_CURVE('',#4977,#5002,#4912,.T.);
#5386=EDGE_CURVE('',#5001,#5002,#4870,.T.);
#5397=EDGE_CURVE('',#5021,#5022,#4879,.T.);
#5399=EDGE_CURVE('',#5021,#4978,#4921,.T.);
#5401=EDGE_CURVE('',#4978,#4986,#4883,.T.);
#5413=EDGE_CURVE('',#4977,#4978,#4917,.T.);
#5426=EDGE_CURVE('',#5030,#5021,#4891,.T.);
#5429=EDGE_CURVE('',#4981,#4982,#4900,.T.);
#5432=EDGE_CURVE('',#5004,#5002,#4908,.T.);
#5486=EDGE_CURVE('',#5034,#5046,#4941,.T.);
#5502=EDGE_CURVE('',#5038,#5060,#4958,.T.);
#5530=CIRCLE('',#5529,3.5E-1);
#5543=CIRCLE('',#5542,3.5E-1);
#5548=CIRCLE('',#5547,2.5E-1);
#5573=CIRCLE('',#5572,3.5E-1);
#5578=CIRCLE('',#5577,2.5E-1);
#5587=CIRCLE('',#5586,1.E-1);
#5592=CIRCLE('',#5591,1.E-1);
#5597=CIRCLE('',#5596,1.E-1);
#5602=CIRCLE('',#5601,1.E-1);
#5623=CIRCLE('',#5622,2.5E-1);
#5628=CIRCLE('',#5627,2.5E-1);
#5653=CIRCLE('',#5652,2.5E-1);
#5662=CIRCLE('',#5661,2.5E-1);
#5687=CIRCLE('',#5686,2.5E-1);
#5704=CIRCLE('',#5703,2.5E-1);
#5725=CIRCLE('',#5724,2.5E-1);
#5758=CIRCLE('',#5757,2.5E-1);
#5779=CIRCLE('',#5778,2.5E-1);
#5796=CIRCLE('',#5795,2.5E-1);
#5825=CIRCLE('',#5824,3.5E-1);
#5951=EDGE_CURVE('',#5912,#5916,#5525,.T.);
#5953=EDGE_CURVE('',#5916,#5917,#5841,.T.);
#5955=EDGE_CURVE('',#5913,#5917,#5829,.T.);
#5957=EDGE_CURVE('',#5912,#5913,#5816,.T.);
#5967=EDGE_CURVE('',#5941,#5943,#5530,.T.);
#5969=EDGE_CURVE('',#5916,#5941,#5845,.T.);
#5972=EDGE_CURVE('',#5912,#5924,#5812,.T.);
#5974=EDGE_CURVE('',#5928,#5924,#5592,.T.);
#5976=EDGE_CURVE('',#5928,#5929,#5534,.T.);
#5978=EDGE_CURVE('',#5929,#5943,#5538,.T.);
#5988=EDGE_CURVE('',#5936,#5937,#5543,.T.);
#5990=EDGE_CURVE('',#5937,#5939,#5825,.T.);
#5992=EDGE_CURVE('',#5941,#5939,#5833,.T.);
#5995=EDGE_CURVE('',#5943,#5945,#5573,.T.);
#5997=EDGE_CURVE('',#5945,#5936,#5560,.T.);
#6008=EDGE_CURVE('',#5936,#5852,#5568,.T.);
#6010=EDGE_CURVE('',#5895,#5852,#5657,.T.);
#6012=EDGE_CURVE('',#5893,#5895,#5548,.T.);
#6014=EDGE_CURVE('',#5921,#5893,#5610,.T.);
#6016=EDGE_CURVE('',#5932,#5921,#5602,.T.);
#6018=EDGE_CURVE('',#5932,#5933,#5552,.T.);
#6020=EDGE_CURVE('',#5933,#5937,#5556,.T.);
#6031=EDGE_CURVE('',#5945,#5848,#5564,.T.);
#6033=EDGE_CURVE('',#5848,#5852,#5674,.T.);
#6047=EDGE_CURVE('',#5920,#5928,#5587,.T.);
#6049=EDGE_CURVE('',#5920,#5891,#5618,.T.);
#6051=EDGE_CURVE('',#5889,#5891,#5578,.T.);
#6053=EDGE_CURVE('',#5889,#5848,#5582,.T.);
#6064=EDGE_CURVE('',#5920,#5921,#5606,.T.);
#6068=EDGE_CURVE('',#5924,#5925,#5808,.T.);
#6070=EDGE_CURVE('',#5925,#5932,#5597,.T.);
#6083=EDGE_CURVE('',#5893,#5891,#5614,.T.);
#6094=EDGE_CURVE('',#5888,#5889,#5623,.T.);
#6099=EDGE_CURVE('',#5895,#5897,#5653,.T.);
#6101=EDGE_CURVE('',#5897,#5888,#5636,.T.);
#6112=EDGE_CURVE('',#5888,#5903,#5648,.T.);
#6114=EDGE_CURVE('',#5901,#5903,#5628,.T.);
#6116=EDGE_CURVE('',#5901,#5849,#5632,.T.);
#6118=EDGE_CURVE('',#5848,#5849,#5666,.T.);
#6130=EDGE_CURVE('',#5897,#5905,#5640,.T.);
#6132=EDGE_CURVE('',#5905,#5903,#5644,.T.);
#6145=EDGE_CURVE('',#5852,#5853,#5670,.T.);
#6147=EDGE_CURVE('',#5907,#5853,#5729,.T.);
#6149=EDGE_CURVE('',#5905,#5907,#5662,.T.);
#6161=EDGE_CURVE('',#5849,#5853,#5695,.T.);
#6173=EDGE_CURVE('',#5875,#5873,#5678,.T.);
#6175=EDGE_CURVE('',#5869,#5873,#5682,.T.);
#6177=EDGE_CURVE('',#5868,#5869,#5687,.T.);
#6179=EDGE_CURVE('',#5853,#5868,#5691,.T.);
#6182=EDGE_CURVE('',#5849,#5865,#5699,.T.);
#6184=EDGE_CURVE('',#5864,#5865,#5704,.T.);
#6186=EDGE_CURVE('',#5864,#5875,#5708,.T.);
#6196=EDGE_CURVE('',#5872,#5873,#5712,.T.);
#6199=EDGE_CURVE('',#5875,#5877,#5745,.T.);
#6201=EDGE_CURVE('',#5877,#5872,#5733,.T.);
#6212=EDGE_CURVE('',#5885,#5872,#5741,.T.);
#6214=EDGE_CURVE('',#5883,#5885,#5716,.T.);
#6216=EDGE_CURVE('',#5861,#5883,#5783,.T.);
#6218=EDGE_CURVE('',#5861,#5869,#5720,.T.);
#6229=EDGE_CURVE('',#5907,#5909,#5725,.T.);
#6233=EDGE_CURVE('',#5860,#5868,#5804,.T.);
#6235=EDGE_CURVE('',#5909,#5860,#5774,.T.);
#6246=EDGE_CURVE('',#5880,#5877,#5753,.T.);
#6248=EDGE_CURVE('',#5885,#5880,#5737,.T.);
#6261=EDGE_CURVE('',#5856,#5864,#5766,.T.);
#6263=EDGE_CURVE('',#5856,#5881,#5791,.T.);
#6265=EDGE_CURVE('',#5880,#5881,#5749,.T.);
#6276=EDGE_CURVE('',#5900,#5901,#5758,.T.);
#6278=EDGE_CURVE('',#5900,#5857,#5800,.T.);
#6280=EDGE_CURVE('',#5857,#5865,#5762,.T.);
#6292=EDGE_CURVE('',#5856,#5857,#5796,.T.);
#6305=EDGE_CURVE('',#5909,#5900,#5770,.T.);
#6308=EDGE_CURVE('',#5860,#5861,#5779,.T.);
#6311=EDGE_CURVE('',#5883,#5881,#5787,.T.);
#6365=EDGE_CURVE('',#5913,#5925,#5820,.T.);
#6381=EDGE_CURVE('',#5917,#5939,#5837,.T.);
#6409=CIRCLE('',#6408,3.5E-1);
#6422=CIRCLE('',#6421,3.5E-1);
#6427=CIRCLE('',#6426,2.5E-1);
#6452=CIRCLE('',#6451,3.5E-1);
#6457=CIRCLE('',#6456,2.5E-1);
#6466=CIRCLE('',#6465,1.E-1);
#6471=CIRCLE('',#6470,1.E-1);
#6476=CIRCLE('',#6475,1.E-1);
#6481=CIRCLE('',#6480,1.E-1);
#6502=CIRCLE('',#6501,2.5E-1);
#6507=CIRCLE('',#6506,2.5E-1);
#6532=CIRCLE('',#6531,2.5E-1);
#6541=CIRCLE('',#6540,2.5E-1);
#6566=CIRCLE('',#6565,2.5E-1);
#6583=CIRCLE('',#6582,2.5E-1);
#6604=CIRCLE('',#6603,2.5E-1);
#6637=CIRCLE('',#6636,2.5E-1);
#6658=CIRCLE('',#6657,2.5E-1);
#6675=CIRCLE('',#6674,2.5E-1);
#6704=CIRCLE('',#6703,3.5E-1);
#6830=EDGE_CURVE('',#6791,#6795,#6404,.T.);
#6832=EDGE_CURVE('',#6795,#6796,#6720,.T.);
#6834=EDGE_CURVE('',#6792,#6796,#6708,.T.);
#6836=EDGE_CURVE('',#6791,#6792,#6695,.T.);
#6846=EDGE_CURVE('',#6820,#6822,#6409,.T.);
#6848=EDGE_CURVE('',#6795,#6820,#6724,.T.);
#6851=EDGE_CURVE('',#6791,#6803,#6691,.T.);
#6853=EDGE_CURVE('',#6807,#6803,#6471,.T.);
#6855=EDGE_CURVE('',#6807,#6808,#6413,.T.);
#6857=EDGE_CURVE('',#6808,#6822,#6417,.T.);
#6867=EDGE_CURVE('',#6815,#6816,#6422,.T.);
#6869=EDGE_CURVE('',#6816,#6818,#6704,.T.);
#6871=EDGE_CURVE('',#6820,#6818,#6712,.T.);
#6874=EDGE_CURVE('',#6822,#6824,#6452,.T.);
#6876=EDGE_CURVE('',#6824,#6815,#6439,.T.);
#6887=EDGE_CURVE('',#6815,#6727,#6447,.T.);
#6889=EDGE_CURVE('',#6774,#6727,#6536,.T.);
#6891=EDGE_CURVE('',#6772,#6774,#6427,.T.);
#6893=EDGE_CURVE('',#6800,#6772,#6489,.T.);
#6895=EDGE_CURVE('',#6811,#6800,#6481,.T.);
#6897=EDGE_CURVE('',#6811,#6812,#6431,.T.);
#6899=EDGE_CURVE('',#6812,#6816,#6435,.T.);
#6910=EDGE_CURVE('',#6824,#6731,#6443,.T.);
#6912=EDGE_CURVE('',#6731,#6727,#6549,.T.);
#6926=EDGE_CURVE('',#6799,#6807,#6466,.T.);
#6928=EDGE_CURVE('',#6799,#6770,#6497,.T.);
#6930=EDGE_CURVE('',#6768,#6770,#6457,.T.);
#6932=EDGE_CURVE('',#6768,#6731,#6461,.T.);
#6943=EDGE_CURVE('',#6799,#6800,#6485,.T.);
#6947=EDGE_CURVE('',#6803,#6804,#6687,.T.);
#6949=EDGE_CURVE('',#6804,#6811,#6476,.T.);
#6962=EDGE_CURVE('',#6772,#6770,#6493,.T.);
#6973=EDGE_CURVE('',#6767,#6768,#6502,.T.);
#6978=EDGE_CURVE('',#6774,#6776,#6532,.T.);
#6980=EDGE_CURVE('',#6776,#6767,#6515,.T.);
#6991=EDGE_CURVE('',#6767,#6782,#6527,.T.);
#6993=EDGE_CURVE('',#6780,#6782,#6507,.T.);
#6995=EDGE_CURVE('',#6780,#6732,#6511,.T.);
#6997=EDGE_CURVE('',#6731,#6732,#6553,.T.);
#7009=EDGE_CURVE('',#6776,#6784,#6519,.T.);
#7011=EDGE_CURVE('',#6784,#6782,#6523,.T.);
#7024=EDGE_CURVE('',#6727,#6728,#6545,.T.);
#7026=EDGE_CURVE('',#6786,#6728,#6608,.T.);
#7028=EDGE_CURVE('',#6784,#6786,#6541,.T.);
#7042=EDGE_CURVE('',#6732,#6728,#6574,.T.);
#7052=EDGE_CURVE('',#6754,#6752,#6557,.T.);
#7054=EDGE_CURVE('',#6748,#6752,#6561,.T.);
#7056=EDGE_CURVE('',#6747,#6748,#6566,.T.);
#7058=EDGE_CURVE('',#6728,#6747,#6570,.T.);
#7061=EDGE_CURVE('',#6732,#6744,#6578,.T.);
#7063=EDGE_CURVE('',#6743,#6744,#6583,.T.);
#7065=EDGE_CURVE('',#6743,#6754,#6587,.T.);
#7075=EDGE_CURVE('',#6751,#6752,#6591,.T.);
#7078=EDGE_CURVE('',#6754,#6756,#6624,.T.);
#7080=EDGE_CURVE('',#6756,#6751,#6612,.T.);
#7091=EDGE_CURVE('',#6764,#6751,#6620,.T.);
#7093=EDGE_CURVE('',#6762,#6764,#6595,.T.);
#7095=EDGE_CURVE('',#6740,#6762,#6662,.T.);
#7097=EDGE_CURVE('',#6740,#6748,#6599,.T.);
#7108=EDGE_CURVE('',#6786,#6788,#6604,.T.);
#7112=EDGE_CURVE('',#6739,#6747,#6683,.T.);
#7114=EDGE_CURVE('',#6788,#6739,#6653,.T.);
#7125=EDGE_CURVE('',#6759,#6756,#6632,.T.);
#7127=EDGE_CURVE('',#6764,#6759,#6616,.T.);
#7140=EDGE_CURVE('',#6735,#6743,#6645,.T.);
#7142=EDGE_CURVE('',#6735,#6760,#6670,.T.);
#7144=EDGE_CURVE('',#6759,#6760,#6628,.T.);
#7155=EDGE_CURVE('',#6779,#6780,#6637,.T.);
#7157=EDGE_CURVE('',#6779,#6736,#6679,.T.);
#7159=EDGE_CURVE('',#6736,#6744,#6641,.T.);
#7171=EDGE_CURVE('',#6735,#6736,#6675,.T.);
#7184=EDGE_CURVE('',#6788,#6779,#6649,.T.);
#7187=EDGE_CURVE('',#6739,#6740,#6658,.T.);
#7190=EDGE_CURVE('',#6762,#6760,#6666,.T.);
#7244=EDGE_CURVE('',#6792,#6804,#6699,.T.);
#7260=EDGE_CURVE('',#6796,#6818,#6716,.T.);
#7288=CIRCLE('',#7287,3.5E-1);
#7301=CIRCLE('',#7300,3.5E-1);
#7306=CIRCLE('',#7305,2.5E-1);
#7331=CIRCLE('',#7330,3.5E-1);
#7336=CIRCLE('',#7335,2.5E-1);
#7345=CIRCLE('',#7344,1.E-1);
#7350=CIRCLE('',#7349,1.E-1);
#7355=CIRCLE('',#7354,1.E-1);
#7360=CIRCLE('',#7359,1.E-1);
#7381=CIRCLE('',#7380,2.5E-1);
#7386=CIRCLE('',#7385,2.5E-1);
#7411=CIRCLE('',#7410,2.5E-1);
#7420=CIRCLE('',#7419,2.5E-1);
#7445=CIRCLE('',#7444,2.5E-1);
#7462=CIRCLE('',#7461,2.5E-1);
#7483=CIRCLE('',#7482,2.5E-1);
#7516=CIRCLE('',#7515,2.5E-1);
#7537=CIRCLE('',#7536,2.5E-1);
#7554=CIRCLE('',#7553,2.5E-1);
#7583=CIRCLE('',#7582,3.5E-1);
#7709=EDGE_CURVE('',#7670,#7674,#7283,.T.);
#7711=EDGE_CURVE('',#7674,#7675,#7599,.T.);
#7713=EDGE_CURVE('',#7671,#7675,#7587,.T.);
#7715=EDGE_CURVE('',#7670,#7671,#7574,.T.);
#7725=EDGE_CURVE('',#7699,#7701,#7288,.T.);
#7727=EDGE_CURVE('',#7674,#7699,#7603,.T.);
#7730=EDGE_CURVE('',#7670,#7682,#7570,.T.);
#7732=EDGE_CURVE('',#7686,#7682,#7350,.T.);
#7734=EDGE_CURVE('',#7686,#7687,#7292,.T.);
#7736=EDGE_CURVE('',#7687,#7701,#7296,.T.);
#7746=EDGE_CURVE('',#7694,#7695,#7301,.T.);
#7748=EDGE_CURVE('',#7695,#7697,#7583,.T.);
#7750=EDGE_CURVE('',#7699,#7697,#7591,.T.);
#7753=EDGE_CURVE('',#7701,#7703,#7331,.T.);
#7755=EDGE_CURVE('',#7703,#7694,#7318,.T.);
#7766=EDGE_CURVE('',#7694,#7606,#7326,.T.);
#7768=EDGE_CURVE('',#7653,#7606,#7415,.T.);
#7770=EDGE_CURVE('',#7651,#7653,#7306,.T.);
#7772=EDGE_CURVE('',#7679,#7651,#7368,.T.);
#7774=EDGE_CURVE('',#7690,#7679,#7360,.T.);
#7776=EDGE_CURVE('',#7690,#7691,#7310,.T.);
#7778=EDGE_CURVE('',#7691,#7695,#7314,.T.);
#7789=EDGE_CURVE('',#7703,#7610,#7322,.T.);
#7791=EDGE_CURVE('',#7610,#7606,#7428,.T.);
#7805=EDGE_CURVE('',#7678,#7686,#7345,.T.);
#7807=EDGE_CURVE('',#7678,#7649,#7376,.T.);
#7809=EDGE_CURVE('',#7647,#7649,#7336,.T.);
#7811=EDGE_CURVE('',#7647,#7610,#7340,.T.);
#7822=EDGE_CURVE('',#7678,#7679,#7364,.T.);
#7826=EDGE_CURVE('',#7682,#7683,#7566,.T.);
#7828=EDGE_CURVE('',#7683,#7690,#7355,.T.);
#7841=EDGE_CURVE('',#7651,#7649,#7372,.T.);
#7852=EDGE_CURVE('',#7646,#7647,#7381,.T.);
#7857=EDGE_CURVE('',#7653,#7655,#7411,.T.);
#7859=EDGE_CURVE('',#7655,#7646,#7394,.T.);
#7870=EDGE_CURVE('',#7646,#7661,#7406,.T.);
#7872=EDGE_CURVE('',#7659,#7661,#7386,.T.);
#7874=EDGE_CURVE('',#7659,#7611,#7390,.T.);
#7876=EDGE_CURVE('',#7610,#7611,#7432,.T.);
#7888=EDGE_CURVE('',#7655,#7663,#7398,.T.);
#7890=EDGE_CURVE('',#7663,#7661,#7402,.T.);
#7903=EDGE_CURVE('',#7606,#7607,#7424,.T.);
#7905=EDGE_CURVE('',#7665,#7607,#7487,.T.);
#7907=EDGE_CURVE('',#7663,#7665,#7420,.T.);
#7921=EDGE_CURVE('',#7611,#7607,#7453,.T.);
#7931=EDGE_CURVE('',#7633,#7631,#7436,.T.);
#7933=EDGE_CURVE('',#7623,#7631,#7440,.T.);
#7935=EDGE_CURVE('',#7622,#7623,#7445,.T.);
#7937=EDGE_CURVE('',#7607,#7622,#7449,.T.);
#7940=EDGE_CURVE('',#7611,#7627,#7457,.T.);
#7942=EDGE_CURVE('',#7626,#7627,#7462,.T.);
#7944=EDGE_CURVE('',#7626,#7633,#7466,.T.);
#7954=EDGE_CURVE('',#7630,#7631,#7470,.T.);
#7957=EDGE_CURVE('',#7633,#7635,#7503,.T.);
#7959=EDGE_CURVE('',#7635,#7630,#7491,.T.);
#7970=EDGE_CURVE('',#7643,#7630,#7499,.T.);
#7972=EDGE_CURVE('',#7641,#7643,#7474,.T.);
#7974=EDGE_CURVE('',#7615,#7641,#7541,.T.);
#7976=EDGE_CURVE('',#7615,#7623,#7478,.T.);
#7987=EDGE_CURVE('',#7665,#7667,#7483,.T.);
#7991=EDGE_CURVE('',#7614,#7622,#7562,.T.);
#7993=EDGE_CURVE('',#7667,#7614,#7532,.T.);
#8004=EDGE_CURVE('',#7638,#7635,#7511,.T.);
#8006=EDGE_CURVE('',#7643,#7638,#7495,.T.);
#8019=EDGE_CURVE('',#7618,#7626,#7524,.T.);
#8021=EDGE_CURVE('',#7618,#7639,#7549,.T.);
#8023=EDGE_CURVE('',#7638,#7639,#7507,.T.);
#8034=EDGE_CURVE('',#7658,#7659,#7516,.T.);
#8036=EDGE_CURVE('',#7658,#7619,#7558,.T.);
#8038=EDGE_CURVE('',#7619,#7627,#7520,.T.);
#8050=EDGE_CURVE('',#7618,#7619,#7554,.T.);
#8063=EDGE_CURVE('',#7667,#7658,#7528,.T.);
#8066=EDGE_CURVE('',#7614,#7615,#7537,.T.);
#8069=EDGE_CURVE('',#7641,#7639,#7545,.T.);
#8123=EDGE_CURVE('',#7671,#7683,#7578,.T.);
#8139=EDGE_CURVE('',#7675,#7697,#7595,.T.);
#8167=CIRCLE('',#8166,3.5E-1);
#8180=CIRCLE('',#8179,3.5E-1);
#8185=CIRCLE('',#8184,2.5E-1);
#8210=CIRCLE('',#8209,3.5E-1);
#8215=CIRCLE('',#8214,2.5E-1);
#8224=CIRCLE('',#8223,1.E-1);
#8229=CIRCLE('',#8228,1.E-1);
#8234=CIRCLE('',#8233,1.E-1);
#8239=CIRCLE('',#8238,1.E-1);
#8260=CIRCLE('',#8259,2.5E-1);
#8265=CIRCLE('',#8264,2.5E-1);
#8290=CIRCLE('',#8289,2.5E-1);
#8299=CIRCLE('',#8298,2.5E-1);
#8324=CIRCLE('',#8323,2.5E-1);
#8341=CIRCLE('',#8340,2.5E-1);
#8362=CIRCLE('',#8361,2.5E-1);
#8395=CIRCLE('',#8394,2.5E-1);
#8416=CIRCLE('',#8415,2.5E-1);
#8433=CIRCLE('',#8432,2.5E-1);
#8462=CIRCLE('',#8461,3.5E-1);
#8588=EDGE_CURVE('',#8549,#8553,#8162,.T.);
#8590=EDGE_CURVE('',#8553,#8554,#8478,.T.);
#8592=EDGE_CURVE('',#8550,#8554,#8466,.T.);
#8594=EDGE_CURVE('',#8549,#8550,#8453,.T.);
#8604=EDGE_CURVE('',#8578,#8580,#8167,.T.);
#8606=EDGE_CURVE('',#8553,#8578,#8482,.T.);
#8609=EDGE_CURVE('',#8549,#8561,#8449,.T.);
#8611=EDGE_CURVE('',#8565,#8561,#8229,.T.);
#8613=EDGE_CURVE('',#8565,#8566,#8171,.T.);
#8615=EDGE_CURVE('',#8566,#8580,#8175,.T.);
#8625=EDGE_CURVE('',#8573,#8574,#8180,.T.);
#8627=EDGE_CURVE('',#8574,#8576,#8462,.T.);
#8629=EDGE_CURVE('',#8578,#8576,#8470,.T.);
#8632=EDGE_CURVE('',#8580,#8582,#8210,.T.);
#8634=EDGE_CURVE('',#8582,#8573,#8197,.T.);
#8645=EDGE_CURVE('',#8573,#8489,#8205,.T.);
#8647=EDGE_CURVE('',#8532,#8489,#8294,.T.);
#8649=EDGE_CURVE('',#8530,#8532,#8185,.T.);
#8651=EDGE_CURVE('',#8558,#8530,#8247,.T.);
#8653=EDGE_CURVE('',#8569,#8558,#8239,.T.);
#8655=EDGE_CURVE('',#8569,#8570,#8189,.T.);
#8657=EDGE_CURVE('',#8570,#8574,#8193,.T.);
#8668=EDGE_CURVE('',#8582,#8485,#8201,.T.);
#8670=EDGE_CURVE('',#8485,#8489,#8311,.T.);
#8684=EDGE_CURVE('',#8557,#8565,#8224,.T.);
#8686=EDGE_CURVE('',#8557,#8528,#8255,.T.);
#8688=EDGE_CURVE('',#8526,#8528,#8215,.T.);
#8690=EDGE_CURVE('',#8526,#8485,#8219,.T.);
#8701=EDGE_CURVE('',#8557,#8558,#8243,.T.);
#8705=EDGE_CURVE('',#8561,#8562,#8445,.T.);
#8707=EDGE_CURVE('',#8562,#8569,#8234,.T.);
#8720=EDGE_CURVE('',#8530,#8528,#8251,.T.);
#8731=EDGE_CURVE('',#8525,#8526,#8260,.T.);
#8736=EDGE_CURVE('',#8532,#8534,#8290,.T.);
#8738=EDGE_CURVE('',#8534,#8525,#8273,.T.);
#8749=EDGE_CURVE('',#8525,#8540,#8285,.T.);
#8751=EDGE_CURVE('',#8538,#8540,#8265,.T.);
#8753=EDGE_CURVE('',#8538,#8486,#8269,.T.);
#8755=EDGE_CURVE('',#8485,#8486,#8303,.T.);
#8767=EDGE_CURVE('',#8534,#8542,#8277,.T.);
#8769=EDGE_CURVE('',#8542,#8540,#8281,.T.);
#8782=EDGE_CURVE('',#8489,#8490,#8307,.T.);
#8784=EDGE_CURVE('',#8544,#8490,#8366,.T.);
#8786=EDGE_CURVE('',#8542,#8544,#8299,.T.);
#8798=EDGE_CURVE('',#8486,#8490,#8332,.T.);
#8810=EDGE_CURVE('',#8512,#8510,#8315,.T.);
#8812=EDGE_CURVE('',#8502,#8510,#8319,.T.);
#8814=EDGE_CURVE('',#8501,#8502,#8324,.T.);
#8816=EDGE_CURVE('',#8490,#8501,#8328,.T.);
#8819=EDGE_CURVE('',#8486,#8506,#8336,.T.);
#8821=EDGE_CURVE('',#8505,#8506,#8341,.T.);
#8823=EDGE_CURVE('',#8505,#8512,#8345,.T.);
#8833=EDGE_CURVE('',#8509,#8510,#8349,.T.);
#8836=EDGE_CURVE('',#8512,#8514,#8382,.T.);
#8838=EDGE_CURVE('',#8514,#8509,#8370,.T.);
#8849=EDGE_CURVE('',#8522,#8509,#8378,.T.);
#8851=EDGE_CURVE('',#8520,#8522,#8353,.T.);
#8853=EDGE_CURVE('',#8494,#8520,#8420,.T.);
#8855=EDGE_CURVE('',#8494,#8502,#8357,.T.);
#8866=EDGE_CURVE('',#8544,#8546,#8362,.T.);
#8870=EDGE_CURVE('',#8493,#8501,#8441,.T.);
#8872=EDGE_CURVE('',#8546,#8493,#8411,.T.);
#8883=EDGE_CURVE('',#8517,#8514,#8390,.T.);
#8885=EDGE_CURVE('',#8522,#8517,#8374,.T.);
#8898=EDGE_CURVE('',#8497,#8505,#8403,.T.);
#8900=EDGE_CURVE('',#8497,#8518,#8428,.T.);
#8902=EDGE_CURVE('',#8517,#8518,#8386,.T.);
#8913=EDGE_CURVE('',#8537,#8538,#8395,.T.);
#8915=EDGE_CURVE('',#8537,#8498,#8437,.T.);
#8917=EDGE_CURVE('',#8498,#8506,#8399,.T.);
#8929=EDGE_CURVE('',#8497,#8498,#8433,.T.);
#8942=EDGE_CURVE('',#8546,#8537,#8407,.T.);
#8945=EDGE_CURVE('',#8493,#8494,#8416,.T.);
#8948=EDGE_CURVE('',#8520,#8518,#8424,.T.);
#9002=EDGE_CURVE('',#8550,#8562,#8457,.T.);
#9018=EDGE_CURVE('',#8554,#8576,#8474,.T.);
#9038=(LENGTH_UNIT()NAMED_UNIT(*)SI_UNIT(.MILLI.,.METRE.));
#9042=(NAMED_UNIT(*)PLANE_ANGLE_UNIT()SI_UNIT($,.RADIAN.));
#9045=(NAMED_UNIT(*)SI_UNIT($,.STERADIAN.)SOLID_ANGLE_UNIT());
#9051=AXIS2_PLACEMENT_3D('',#9048,#9049,#9050);
#9052=ADVANCED_BREP_SHAPE_REPRESENTATION('',(#9051,#2883,#3762,#4641,#5520,
#6399,#7278,#8157,#9036),#9047);
#9056=PRODUCT_DEFINITION('design','',#9055,#1986);
#9057=PRODUCT_DEFINITION_SHAPE('','SHAPE FOR 1617G-W.',#9056);
#9058=SHAPE_DEFINITION_REPRESENTATION(#9057,#9052);
#9059=NEXT_ASSEMBLY_USAGE_OCCURRENCE('1','Next assembly relationship','1617G-W',
#9096,#9056,$);
#9060=PRODUCT_DEFINITION_SHAPE('Placement #1',
'Placement of 1617G-W with respect to SMD1617-GB_ASM',#9059);
#9068=NEXT_ASSEMBLY_USAGE_OCCURRENCE('2','Next assembly relationship','1617G-W',
#9096,#9056,$);
#9069=PRODUCT_DEFINITION_SHAPE('Placement #2',
'Placement of 1617G-W with respect to SMD1617-GB_ASM',#9068);
#9078=(LENGTH_UNIT()NAMED_UNIT(*)SI_UNIT(.MILLI.,.METRE.));
#9082=(NAMED_UNIT(*)PLANE_ANGLE_UNIT()SI_UNIT($,.RADIAN.));
#9085=(NAMED_UNIT(*)SI_UNIT($,.STERADIAN.)SOLID_ANGLE_UNIT());
#9091=AXIS2_PLACEMENT_3D('',#9088,#9089,#9090);
#9096=PRODUCT_DEFINITION('design','',#9095,#9092);
ENDSEC;
END-ISO-10303-21;
