ISO-10303-21;
HEADER;
FILE_DESCRIPTION((''),'2;1');
FILE_NAME('SS-74401-001','2015-11-23T',('abaum'),('Stewart Connector'),
'PRO/ENGINEER BY PARAMETRIC TECHNOLOGY CORPORATION, 2015280',
'PRO/ENGINEER BY PARAMETRIC TECHNOLOGY CORPORATION, 2015280','');
FILE_SCHEMA(('CONFIG_CONTROL_DESIGN'));
ENDSEC;
DATA;
#1=DIRECTION('',(0.E0,-1.E0,0.E0));
#2=VECTOR('',#1,2.7E-1);
#3=CARTESIAN_POINT('',(-2.35E-1,3.64E-1,0.E0));
#4=LINE('',#3,#2);
#5=DIRECTION('',(1.E0,0.E0,0.E0));
#6=VECTOR('',#5,4.7E-1);
#7=CARTESIAN_POINT('',(-2.35E-1,9.4E-2,0.E0));
#8=LINE('',#7,#6);
#9=DIRECTION('',(0.E0,1.E0,0.E0));
#10=VECTOR('',#9,2.7E-1);
#11=CARTESIAN_POINT('',(2.35E-1,9.4E-2,0.E0));
#12=LINE('',#11,#10);
#13=DIRECTION('',(-1.E0,0.E0,0.E0));
#14=VECTOR('',#13,1.11E-1);
#15=CARTESIAN_POINT('',(2.35E-1,3.64E-1,0.E0));
#16=LINE('',#15,#14);
#17=DIRECTION('',(0.E0,1.E0,0.E0));
#18=VECTOR('',#17,6.5E-2);
#19=CARTESIAN_POINT('',(1.24E-1,3.64E-1,0.E0));
#20=LINE('',#19,#18);
#21=DIRECTION('',(-1.E0,0.E0,0.E0));
#22=VECTOR('',#21,4.4E-2);
#23=CARTESIAN_POINT('',(1.24E-1,4.29E-1,0.E0));
#24=LINE('',#23,#22);
#25=DIRECTION('',(0.E0,1.E0,0.E0));
#26=VECTOR('',#25,6.E-2);
#27=CARTESIAN_POINT('',(8.E-2,4.29E-1,0.E0));
#28=LINE('',#27,#26);
#29=DIRECTION('',(-1.E0,0.E0,0.E0));
#30=VECTOR('',#29,1.6E-1);
#31=CARTESIAN_POINT('',(8.E-2,4.89E-1,0.E0));
#32=LINE('',#31,#30);
#33=DIRECTION('',(0.E0,-1.E0,0.E0));
#34=VECTOR('',#33,6.E-2);
#35=CARTESIAN_POINT('',(-8.E-2,4.89E-1,0.E0));
#36=LINE('',#35,#34);
#37=DIRECTION('',(-1.E0,0.E0,0.E0));
#38=VECTOR('',#37,4.4E-2);
#39=CARTESIAN_POINT('',(-8.E-2,4.29E-1,0.E0));
#40=LINE('',#39,#38);
#41=DIRECTION('',(0.E0,-1.E0,0.E0));
#42=VECTOR('',#41,6.5E-2);
#43=CARTESIAN_POINT('',(-1.24E-1,4.29E-1,0.E0));
#44=LINE('',#43,#42);
#45=DIRECTION('',(-1.E0,0.E0,0.E0));
#46=VECTOR('',#45,1.11E-1);
#47=CARTESIAN_POINT('',(-1.24E-1,3.64E-1,0.E0));
#48=LINE('',#47,#46);
#49=DIRECTION('',(0.E0,1.E0,0.E0));
#50=VECTOR('',#49,1.05E-1);
#51=CARTESIAN_POINT('',(-3.255E-1,8.15E-2,0.E0));
#52=LINE('',#51,#50);
#53=DIRECTION('',(0.E0,1.E0,0.E0));
#54=VECTOR('',#53,9.2E-2);
#55=CARTESIAN_POINT('',(-3.255E-1,1.865E-1,0.E0));
#56=LINE('',#55,#54);
#57=DIRECTION('',(0.E0,1.E0,0.E0));
#58=VECTOR('',#57,1.05E-1);
#59=CARTESIAN_POINT('',(-3.255E-1,2.785E-1,0.E0));
#60=LINE('',#59,#58);
#61=DIRECTION('',(0.E0,1.E0,0.E0));
#62=VECTOR('',#61,1.375E-1);
#63=CARTESIAN_POINT('',(-3.255E-1,3.835E-1,0.E0));
#64=LINE('',#63,#62);
#65=DIRECTION('',(1.E0,0.E0,0.E0));
#66=VECTOR('',#65,7.299999999999E-2);
#67=CARTESIAN_POINT('',(-3.255E-1,5.21E-1,0.E0));
#68=LINE('',#67,#66);
#69=DIRECTION('',(1.E0,0.E0,0.E0));
#70=VECTOR('',#69,1.05E-1);
#71=CARTESIAN_POINT('',(-2.525E-1,5.21E-1,0.E0));
#72=LINE('',#71,#70);
#73=DIRECTION('',(1.E0,0.E0,0.E0));
#74=VECTOR('',#73,2.95E-1);
#75=CARTESIAN_POINT('',(-1.475E-1,5.21E-1,0.E0));
#76=LINE('',#75,#74);
#77=DIRECTION('',(1.E0,0.E0,0.E0));
#78=VECTOR('',#77,1.05E-1);
#79=CARTESIAN_POINT('',(1.475E-1,5.21E-1,0.E0));
#80=LINE('',#79,#78);
#81=DIRECTION('',(1.E0,0.E0,0.E0));
#82=VECTOR('',#81,7.300000000001E-2);
#83=CARTESIAN_POINT('',(2.525E-1,5.21E-1,0.E0));
#84=LINE('',#83,#82);
#85=DIRECTION('',(0.E0,1.E0,0.E0));
#86=VECTOR('',#85,1.375E-1);
#87=CARTESIAN_POINT('',(3.255E-1,3.835E-1,0.E0));
#88=LINE('',#87,#86);
#89=DIRECTION('',(0.E0,-1.E0,0.E0));
#90=VECTOR('',#89,1.05E-1);
#91=CARTESIAN_POINT('',(3.255E-1,3.835E-1,0.E0));
#92=LINE('',#91,#90);
#93=DIRECTION('',(0.E0,1.E0,0.E0));
#94=VECTOR('',#93,9.2E-2);
#95=CARTESIAN_POINT('',(3.255E-1,1.865E-1,0.E0));
#96=LINE('',#95,#94);
#97=DIRECTION('',(0.E0,-1.E0,0.E0));
#98=VECTOR('',#97,1.05E-1);
#99=CARTESIAN_POINT('',(3.255E-1,1.865E-1,0.E0));
#100=LINE('',#99,#98);
#101=DIRECTION('',(0.E0,1.E0,1.217499175778E-14));
#102=VECTOR('',#101,8.15E-2);
#103=CARTESIAN_POINT('',(3.255E-1,0.E0,0.E0));
#104=LINE('',#103,#102);
#105=DIRECTION('',(1.E0,0.E0,0.E0));
#106=VECTOR('',#105,6.51E-1);
#107=CARTESIAN_POINT('',(-3.255E-1,0.E0,0.E0));
#108=LINE('',#107,#106);
#109=DIRECTION('',(0.E0,1.E0,0.E0));
#110=VECTOR('',#109,8.15E-2);
#111=CARTESIAN_POINT('',(-3.255E-1,0.E0,0.E0));
#112=LINE('',#111,#110);
#113=DIRECTION('',(0.E0,0.E0,-1.E0));
#114=VECTOR('',#113,4.16E-1);
#115=CARTESIAN_POINT('',(-2.35E-1,3.64E-1,0.E0));
#116=LINE('',#115,#114);
#117=DIRECTION('',(0.E0,0.E0,-1.E0));
#118=VECTOR('',#117,4.16E-1);
#119=CARTESIAN_POINT('',(-1.24E-1,3.64E-1,0.E0));
#120=LINE('',#119,#118);
#121=DIRECTION('',(0.E0,0.E0,-1.E0));
#122=VECTOR('',#121,4.16E-1);
#123=CARTESIAN_POINT('',(-1.24E-1,4.29E-1,0.E0));
#124=LINE('',#123,#122);
#125=DIRECTION('',(0.E0,0.E0,-1.E0));
#126=VECTOR('',#125,4.16E-1);
#127=CARTESIAN_POINT('',(-8.E-2,4.29E-1,0.E0));
#128=LINE('',#127,#126);
#129=DIRECTION('',(0.E0,0.E0,-1.E0));
#130=VECTOR('',#129,4.16E-1);
#131=CARTESIAN_POINT('',(-8.E-2,4.89E-1,0.E0));
#132=LINE('',#131,#130);
#133=DIRECTION('',(0.E0,0.E0,-1.E0));
#134=VECTOR('',#133,4.16E-1);
#135=CARTESIAN_POINT('',(8.E-2,4.89E-1,0.E0));
#136=LINE('',#135,#134);
#137=DIRECTION('',(0.E0,0.E0,-1.E0));
#138=VECTOR('',#137,4.16E-1);
#139=CARTESIAN_POINT('',(8.E-2,4.29E-1,0.E0));
#140=LINE('',#139,#138);
#141=DIRECTION('',(0.E0,0.E0,-1.E0));
#142=VECTOR('',#141,4.16E-1);
#143=CARTESIAN_POINT('',(1.24E-1,4.29E-1,0.E0));
#144=LINE('',#143,#142);
#145=DIRECTION('',(0.E0,0.E0,-1.E0));
#146=VECTOR('',#145,4.16E-1);
#147=CARTESIAN_POINT('',(1.24E-1,3.64E-1,0.E0));
#148=LINE('',#147,#146);
#149=DIRECTION('',(0.E0,0.E0,-1.E0));
#150=VECTOR('',#149,4.16E-1);
#151=CARTESIAN_POINT('',(2.35E-1,3.64E-1,0.E0));
#152=LINE('',#151,#150);
#153=DIRECTION('',(0.E0,0.E0,-1.E0));
#154=VECTOR('',#153,4.16E-1);
#155=CARTESIAN_POINT('',(2.35E-1,9.4E-2,0.E0));
#156=LINE('',#155,#154);
#157=DIRECTION('',(0.E0,0.E0,-1.E0));
#158=VECTOR('',#157,4.16E-1);
#159=CARTESIAN_POINT('',(-2.35E-1,9.4E-2,0.E0));
#160=LINE('',#159,#158);
#161=DIRECTION('',(0.E0,-1.E0,0.E0));
#162=VECTOR('',#161,2.7E-1);
#163=CARTESIAN_POINT('',(-2.35E-1,3.64E-1,-4.16E-1));
#164=LINE('',#163,#162);
#165=DIRECTION('',(-1.E0,0.E0,0.E0));
#166=VECTOR('',#165,1.11E-1);
#167=CARTESIAN_POINT('',(-1.24E-1,3.64E-1,-4.16E-1));
#168=LINE('',#167,#166);
#169=DIRECTION('',(0.E0,-1.E0,0.E0));
#170=VECTOR('',#169,6.5E-2);
#171=CARTESIAN_POINT('',(-1.24E-1,4.29E-1,-4.16E-1));
#172=LINE('',#171,#170);
#173=DIRECTION('',(-1.E0,0.E0,0.E0));
#174=VECTOR('',#173,4.4E-2);
#175=CARTESIAN_POINT('',(-8.E-2,4.29E-1,-4.16E-1));
#176=LINE('',#175,#174);
#177=DIRECTION('',(0.E0,-1.E0,0.E0));
#178=VECTOR('',#177,6.E-2);
#179=CARTESIAN_POINT('',(-8.E-2,4.89E-1,-4.16E-1));
#180=LINE('',#179,#178);
#181=DIRECTION('',(-1.E0,0.E0,0.E0));
#182=VECTOR('',#181,1.6E-1);
#183=CARTESIAN_POINT('',(8.E-2,4.89E-1,-4.16E-1));
#184=LINE('',#183,#182);
#185=DIRECTION('',(0.E0,1.E0,0.E0));
#186=VECTOR('',#185,6.E-2);
#187=CARTESIAN_POINT('',(8.E-2,4.29E-1,-4.16E-1));
#188=LINE('',#187,#186);
#189=DIRECTION('',(-1.E0,0.E0,0.E0));
#190=VECTOR('',#189,4.4E-2);
#191=CARTESIAN_POINT('',(1.24E-1,4.29E-1,-4.16E-1));
#192=LINE('',#191,#190);
#193=DIRECTION('',(0.E0,1.E0,0.E0));
#194=VECTOR('',#193,6.5E-2);
#195=CARTESIAN_POINT('',(1.24E-1,3.64E-1,-4.16E-1));
#196=LINE('',#195,#194);
#197=DIRECTION('',(-1.E0,0.E0,0.E0));
#198=VECTOR('',#197,1.11E-1);
#199=CARTESIAN_POINT('',(2.35E-1,3.64E-1,-4.16E-1));
#200=LINE('',#199,#198);
#201=DIRECTION('',(0.E0,1.E0,0.E0));
#202=VECTOR('',#201,2.7E-1);
#203=CARTESIAN_POINT('',(2.35E-1,9.4E-2,-4.16E-1));
#204=LINE('',#203,#202);
#205=DIRECTION('',(1.E0,0.E0,0.E0));
#206=VECTOR('',#205,4.7E-1);
#207=CARTESIAN_POINT('',(-2.35E-1,9.4E-2,-4.16E-1));
#208=LINE('',#207,#206);
#209=CARTESIAN_POINT('',(-3.847246898400E-1,9.431023661626E-2,
-1.377704692692E-1));
#210=CARTESIAN_POINT('',(-3.825862738618E-1,9.186850620824E-2,
-1.115103497868E-1));
#211=CARTESIAN_POINT('',(-3.699685560403E-1,8.731587227043E-2,
-6.254806026686E-2));
#212=CARTESIAN_POINT('',(-3.431177329809E-1,8.332776994822E-2,
-1.965714849975E-2));
#213=CARTESIAN_POINT('',(-3.255E-1,8.15E-2,0.E0));
#215=DIRECTION('',(0.E0,-1.E0,0.E0));
#216=VECTOR('',#215,7.937952676749E-2);
#217=CARTESIAN_POINT('',(-3.847246898400E-1,1.736897633837E-1,
-1.377704692692E-1));
#218=LINE('',#217,#216);
#219=CARTESIAN_POINT('',(-3.847246898400E-1,1.736897633837E-1,
-1.377704692692E-1));
#220=CARTESIAN_POINT('',(-3.825862738618E-1,1.761314937918E-1,
-1.115103497868E-1));
#221=CARTESIAN_POINT('',(-3.699685560403E-1,1.806841277296E-1,
-6.254806026686E-2));
#222=CARTESIAN_POINT('',(-3.431177329809E-1,1.846722300518E-1,
-1.965714849975E-2));
#223=CARTESIAN_POINT('',(-3.255E-1,1.865E-1,0.E0));
#225=CARTESIAN_POINT('',(-3.847246898400E-1,3.706897633837E-1,
-1.377704692692E-1));
#226=CARTESIAN_POINT('',(-3.825862738618E-1,3.731314937918E-1,
-1.115103497868E-1));
#227=CARTESIAN_POINT('',(-3.699685560403E-1,3.776841277296E-1,
-6.254806026686E-2));
#228=CARTESIAN_POINT('',(-3.431177329809E-1,3.816722300518E-1,
-1.965714849975E-2));
#229=CARTESIAN_POINT('',(-3.255E-1,3.835E-1,0.E0));
#231=CARTESIAN_POINT('',(-3.847246898400E-1,2.913102366163E-1,
-1.377704692692E-1));
#232=CARTESIAN_POINT('',(-3.825862738618E-1,2.888685062082E-1,
-1.115103497868E-1));
#233=CARTESIAN_POINT('',(-3.699685560403E-1,2.843158722704E-1,
-6.254806026686E-2));
#234=CARTESIAN_POINT('',(-3.431177329809E-1,2.803277699482E-1,
-1.965714849975E-2));
#235=CARTESIAN_POINT('',(-3.255E-1,2.785E-1,0.E0));
#237=DIRECTION('',(0.E0,-1.E0,0.E0));
#238=VECTOR('',#237,7.937952676749E-2);
#239=CARTESIAN_POINT('',(-3.847246898400E-1,3.706897633837E-1,
-1.377704692692E-1));
#240=LINE('',#239,#238);
#241=DIRECTION('',(0.E0,0.E0,1.E0));
#242=VECTOR('',#241,6.25E-1);
#243=CARTESIAN_POINT('',(-3.255E-1,5.21E-1,-6.25E-1));
#244=LINE('',#243,#242);
#245=DIRECTION('',(-5.167276311021E-14,9.258309293692E-2,9.957049617744E-1));
#246=VECTOR('',#245,1.074282617960E-2);
#247=CARTESIAN_POINT('',(-3.255E-1,3.825053959254E-1,-1.069668533051E-2));
#248=LINE('',#247,#246);
#249=DIRECTION('',(0.E0,1.E0,0.E0));
#250=VECTOR('',#249,1.030107918508E-1);
#251=CARTESIAN_POINT('',(-3.255E-1,2.794946040746E-1,-1.069668533051E-2));
#252=LINE('',#251,#250);
#253=DIRECTION('',(5.684003942123E-14,9.258309293692E-2,-9.957049617744E-1));
#254=VECTOR('',#253,1.074282617960E-2);
#255=CARTESIAN_POINT('',(-3.255E-1,2.785E-1,0.E0));
#256=LINE('',#255,#254);
#257=DIRECTION('',(-5.167276311021E-14,9.258309293693E-2,9.957049617744E-1));
#258=VECTOR('',#257,1.074282617960E-2);
#259=CARTESIAN_POINT('',(-3.255E-1,1.855053959254E-1,-1.069668533051E-2));
#260=LINE('',#259,#258);
#261=DIRECTION('',(0.E0,1.E0,0.E0));
#262=VECTOR('',#261,1.030107918508E-1);
#263=CARTESIAN_POINT('',(-3.255E-1,8.249460407459E-2,-1.069668533051E-2));
#264=LINE('',#263,#262);
#265=DIRECTION('',(5.684003942123E-14,9.258309293692E-2,-9.957049617744E-1));
#266=VECTOR('',#265,1.074282617960E-2);
#267=CARTESIAN_POINT('',(-3.255E-1,8.15E-2,0.E0));
#268=LINE('',#267,#266);
#269=DIRECTION('',(0.E0,0.E0,-1.E0));
#270=VECTOR('',#269,3.3E-1);
#271=CARTESIAN_POINT('',(-3.255E-1,0.E0,0.E0));
#272=LINE('',#271,#270);
#273=DIRECTION('',(0.E0,-1.E0,0.E0));
#274=VECTOR('',#273,1.156794919243E-1);
#275=CARTESIAN_POINT('',(-3.255E-1,0.E0,-3.3E-1));
#276=LINE('',#275,#274);
#277=DIRECTION('',(0.E0,9.659258262891E-1,2.588190451025E-1));
#278=VECTOR('',#277,3.863703305156E-2);
#279=CARTESIAN_POINT('',(-3.255E-1,-1.53E-1,-3.4E-1));
#280=LINE('',#279,#278);
#281=DIRECTION('',(0.E0,-9.659258262891E-1,2.588190451025E-1));
#282=VECTOR('',#281,3.863703305156E-2);
#283=CARTESIAN_POINT('',(-3.255E-1,-1.156794919243E-1,-3.7E-1));
#284=LINE('',#283,#282);
#285=DIRECTION('',(9.258309293692E-2,1.033455262204E-14,9.957049617744E-1));
#286=VECTOR('',#285,1.074282617960E-2);
#287=CARTESIAN_POINT('',(2.515053959254E-1,5.21E-1,-1.069668533051E-2));
#288=LINE('',#287,#286);
#289=DIRECTION('',(1.E0,0.E0,0.E0));
#290=VECTOR('',#289,1.030107918508E-1);
#291=CARTESIAN_POINT('',(1.484946040746E-1,5.21E-1,-1.069668533051E-2));
#292=LINE('',#291,#290);
#293=DIRECTION('',(9.258309293692E-2,-1.033455262204E-14,-9.957049617744E-1));
#294=VECTOR('',#293,1.074282617960E-2);
#295=CARTESIAN_POINT('',(1.475E-1,5.21E-1,0.E0));
#296=LINE('',#295,#294);
#297=DIRECTION('',(9.258309293692E-2,1.033455262204E-14,9.957049617744E-1));
#298=VECTOR('',#297,1.074282617960E-2);
#299=CARTESIAN_POINT('',(-1.484946040746E-1,5.21E-1,-1.069668533051E-2));
#300=LINE('',#299,#298);
#301=DIRECTION('',(1.E0,0.E0,0.E0));
#302=VECTOR('',#301,1.030107918508E-1);
#303=CARTESIAN_POINT('',(-2.515053959254E-1,5.21E-1,-1.069668533051E-2));
#304=LINE('',#303,#302);
#305=DIRECTION('',(9.258309293692E-2,-1.033455262204E-14,-9.957049617744E-1));
#306=VECTOR('',#305,1.074282617960E-2);
#307=CARTESIAN_POINT('',(-2.525E-1,5.21E-1,0.E0));
#308=LINE('',#307,#306);
#309=DIRECTION('',(1.E0,0.E0,0.E0));
#310=VECTOR('',#309,6.51E-1);
#311=CARTESIAN_POINT('',(-3.255E-1,0.E0,-6.25E-1));
#312=LINE('',#311,#310);
#313=DIRECTION('',(0.E0,1.E0,0.E0));
#314=VECTOR('',#313,5.21E-1);
#315=CARTESIAN_POINT('',(3.255E-1,0.E0,-6.25E-1));
#316=LINE('',#315,#314);
#317=DIRECTION('',(-1.E0,0.E0,0.E0));
#318=VECTOR('',#317,6.51E-1);
#319=CARTESIAN_POINT('',(3.255E-1,5.21E-1,-6.25E-1));
#320=LINE('',#319,#318);
#321=DIRECTION('',(0.E0,-1.E0,0.E0));
#322=VECTOR('',#321,5.21E-1);
#323=CARTESIAN_POINT('',(-3.255E-1,5.21E-1,-6.25E-1));
#324=LINE('',#323,#322);
#325=CARTESIAN_POINT('',(-2.5E-1,0.E0,-2.13E-1));
#326=DIRECTION('',(0.E0,-1.E0,0.E0));
#327=DIRECTION('',(1.E0,0.E0,0.E0));
#328=AXIS2_PLACEMENT_3D('',#325,#326,#327);
#330=CARTESIAN_POINT('',(-2.5E-1,0.E0,-2.13E-1));
#331=DIRECTION('',(0.E0,-1.E0,0.E0));
#332=DIRECTION('',(-1.E0,0.E0,0.E0));
#333=AXIS2_PLACEMENT_3D('',#330,#331,#332);
#335=CARTESIAN_POINT('',(2.5E-1,0.E0,-2.13E-1));
#336=DIRECTION('',(0.E0,-1.E0,0.E0));
#337=DIRECTION('',(1.E0,0.E0,0.E0));
#338=AXIS2_PLACEMENT_3D('',#335,#336,#337);
#340=CARTESIAN_POINT('',(2.5E-1,0.E0,-2.13E-1));
#341=DIRECTION('',(0.E0,-1.E0,0.E0));
#342=DIRECTION('',(-1.E0,0.E0,0.E0));
#343=AXIS2_PLACEMENT_3D('',#340,#341,#342);
#345=CARTESIAN_POINT('',(1.4E-1,0.E0,-3.13E-1));
#346=DIRECTION('',(0.E0,-1.E0,0.E0));
#347=DIRECTION('',(1.E0,0.E0,0.E0));
#348=AXIS2_PLACEMENT_3D('',#345,#346,#347);
#350=CARTESIAN_POINT('',(1.4E-1,0.E0,-3.13E-1));
#351=DIRECTION('',(0.E0,-1.E0,0.E0));
#352=DIRECTION('',(-1.E0,0.E0,0.E0));
#353=AXIS2_PLACEMENT_3D('',#350,#351,#352);
#355=CARTESIAN_POINT('',(6.E-2,0.E0,-3.13E-1));
#356=DIRECTION('',(0.E0,-1.E0,0.E0));
#357=DIRECTION('',(1.E0,0.E0,0.E0));
#358=AXIS2_PLACEMENT_3D('',#355,#356,#357);
#360=CARTESIAN_POINT('',(6.E-2,0.E0,-3.13E-1));
#361=DIRECTION('',(0.E0,-1.E0,0.E0));
#362=DIRECTION('',(-1.E0,0.E0,0.E0));
#363=AXIS2_PLACEMENT_3D('',#360,#361,#362);
#365=CARTESIAN_POINT('',(-2.E-2,0.E0,-3.13E-1));
#366=DIRECTION('',(0.E0,-1.E0,0.E0));
#367=DIRECTION('',(1.E0,0.E0,0.E0));
#368=AXIS2_PLACEMENT_3D('',#365,#366,#367);
#370=CARTESIAN_POINT('',(-2.E-2,0.E0,-3.13E-1));
#371=DIRECTION('',(0.E0,-1.E0,0.E0));
#372=DIRECTION('',(-1.E0,0.E0,0.E0));
#373=AXIS2_PLACEMENT_3D('',#370,#371,#372);
#375=CARTESIAN_POINT('',(-1.E-1,0.E0,-3.13E-1));
#376=DIRECTION('',(0.E0,-1.E0,0.E0));
#377=DIRECTION('',(1.E0,0.E0,0.E0));
#378=AXIS2_PLACEMENT_3D('',#375,#376,#377);
#380=CARTESIAN_POINT('',(-1.E-1,0.E0,-3.13E-1));
#381=DIRECTION('',(0.E0,-1.E0,0.E0));
#382=DIRECTION('',(-1.E0,0.E0,0.E0));
#383=AXIS2_PLACEMENT_3D('',#380,#381,#382);
#385=CARTESIAN_POINT('',(-1.4E-1,0.E0,-3.83E-1));
#386=DIRECTION('',(0.E0,-1.E0,0.E0));
#387=DIRECTION('',(1.E0,0.E0,0.E0));
#388=AXIS2_PLACEMENT_3D('',#385,#386,#387);
#390=CARTESIAN_POINT('',(-1.4E-1,0.E0,-3.83E-1));
#391=DIRECTION('',(0.E0,-1.E0,0.E0));
#392=DIRECTION('',(-1.E0,0.E0,0.E0));
#393=AXIS2_PLACEMENT_3D('',#390,#391,#392);
#395=CARTESIAN_POINT('',(-6.E-2,0.E0,-3.83E-1));
#396=DIRECTION('',(0.E0,-1.E0,0.E0));
#397=DIRECTION('',(1.E0,0.E0,0.E0));
#398=AXIS2_PLACEMENT_3D('',#395,#396,#397);
#400=CARTESIAN_POINT('',(-6.E-2,0.E0,-3.83E-1));
#401=DIRECTION('',(0.E0,-1.E0,0.E0));
#402=DIRECTION('',(-1.E0,0.E0,0.E0));
#403=AXIS2_PLACEMENT_3D('',#400,#401,#402);
#405=CARTESIAN_POINT('',(2.E-2,0.E0,-3.83E-1));
#406=DIRECTION('',(0.E0,-1.E0,0.E0));
#407=DIRECTION('',(1.E0,0.E0,0.E0));
#408=AXIS2_PLACEMENT_3D('',#405,#406,#407);
#410=CARTESIAN_POINT('',(2.E-2,0.E0,-3.83E-1));
#411=DIRECTION('',(0.E0,-1.E0,0.E0));
#412=DIRECTION('',(-1.E0,0.E0,0.E0));
#413=AXIS2_PLACEMENT_3D('',#410,#411,#412);
#415=CARTESIAN_POINT('',(1.E-1,0.E0,-3.83E-1));
#416=DIRECTION('',(0.E0,-1.E0,0.E0));
#417=DIRECTION('',(1.E0,0.E0,0.E0));
#418=AXIS2_PLACEMENT_3D('',#415,#416,#417);
#420=CARTESIAN_POINT('',(1.E-1,0.E0,-3.83E-1));
#421=DIRECTION('',(0.E0,-1.E0,0.E0));
#422=DIRECTION('',(-1.E0,0.E0,0.E0));
#423=AXIS2_PLACEMENT_3D('',#420,#421,#422);
#425=CARTESIAN_POINT('',(-1.8E-1,0.E0,-5.73E-1));
#426=DIRECTION('',(0.E0,-1.E0,0.E0));
#427=DIRECTION('',(1.E0,0.E0,0.E0));
#428=AXIS2_PLACEMENT_3D('',#425,#426,#427);
#430=CARTESIAN_POINT('',(-1.8E-1,0.E0,-5.73E-1));
#431=DIRECTION('',(0.E0,-1.E0,0.E0));
#432=DIRECTION('',(-1.E0,0.E0,0.E0));
#433=AXIS2_PLACEMENT_3D('',#430,#431,#432);
#435=CARTESIAN_POINT('',(-2.7E-1,0.E0,-5.73E-1));
#436=DIRECTION('',(0.E0,-1.E0,0.E0));
#437=DIRECTION('',(1.E0,0.E0,0.E0));
#438=AXIS2_PLACEMENT_3D('',#435,#436,#437);
#440=CARTESIAN_POINT('',(-2.7E-1,0.E0,-5.73E-1));
#441=DIRECTION('',(0.E0,-1.E0,0.E0));
#442=DIRECTION('',(-1.E0,0.E0,0.E0));
#443=AXIS2_PLACEMENT_3D('',#440,#441,#442);
#445=CARTESIAN_POINT('',(2.7E-1,0.E0,-5.73E-1));
#446=DIRECTION('',(0.E0,-1.E0,0.E0));
#447=DIRECTION('',(1.E0,0.E0,0.E0));
#448=AXIS2_PLACEMENT_3D('',#445,#446,#447);
#450=CARTESIAN_POINT('',(2.7E-1,0.E0,-5.73E-1));
#451=DIRECTION('',(0.E0,-1.E0,0.E0));
#452=DIRECTION('',(-1.E0,0.E0,0.E0));
#453=AXIS2_PLACEMENT_3D('',#450,#451,#452);
#455=CARTESIAN_POINT('',(1.8E-1,0.E0,-5.73E-1));
#456=DIRECTION('',(0.E0,-1.E0,0.E0));
#457=DIRECTION('',(1.E0,0.E0,0.E0));
#458=AXIS2_PLACEMENT_3D('',#455,#456,#457);
#460=CARTESIAN_POINT('',(1.8E-1,0.E0,-5.73E-1));
#461=DIRECTION('',(0.E0,-1.E0,0.E0));
#462=DIRECTION('',(-1.E0,0.E0,0.E0));
#463=AXIS2_PLACEMENT_3D('',#460,#461,#462);
#465=DIRECTION('',(-1.E0,0.E0,0.E0));
#466=VECTOR('',#465,7.E-3);
#467=CARTESIAN_POINT('',(3.255E-1,0.E0,-3.3E-1));
#468=LINE('',#467,#466);
#469=DIRECTION('',(0.E0,0.E0,-1.E0));
#470=VECTOR('',#469,4.E-2);
#471=CARTESIAN_POINT('',(3.185E-1,0.E0,-3.3E-1));
#472=LINE('',#471,#470);
#473=DIRECTION('',(-1.E0,0.E0,0.E0));
#474=VECTOR('',#473,7.E-3);
#475=CARTESIAN_POINT('',(3.255E-1,0.E0,-3.7E-1));
#476=LINE('',#475,#474);
#477=DIRECTION('',(0.E0,0.E0,-1.E0));
#478=VECTOR('',#477,2.55E-1);
#479=CARTESIAN_POINT('',(-3.255E-1,0.E0,-3.7E-1));
#480=LINE('',#479,#478);
#481=DIRECTION('',(1.E0,0.E0,0.E0));
#482=VECTOR('',#481,7.E-3);
#483=CARTESIAN_POINT('',(-3.255E-1,0.E0,-3.7E-1));
#484=LINE('',#483,#482);
#485=DIRECTION('',(0.E0,0.E0,1.E0));
#486=VECTOR('',#485,4.E-2);
#487=CARTESIAN_POINT('',(-3.185E-1,0.E0,-3.7E-1));
#488=LINE('',#487,#486);
#489=DIRECTION('',(1.E0,0.E0,0.E0));
#490=VECTOR('',#489,7.E-3);
#491=CARTESIAN_POINT('',(-3.255E-1,0.E0,-3.3E-1));
#492=LINE('',#491,#490);
#493=DIRECTION('',(0.E0,-1.E0,0.E0));
#494=VECTOR('',#493,1.23E-1);
#495=CARTESIAN_POINT('',(-1.9E-1,0.E0,-2.13E-1));
#496=LINE('',#495,#494);
#497=DIRECTION('',(0.E0,-1.E0,0.E0));
#498=VECTOR('',#497,1.23E-1);
#499=CARTESIAN_POINT('',(-3.1E-1,0.E0,-2.13E-1));
#500=LINE('',#499,#498);
#501=CARTESIAN_POINT('',(-2.5E-1,-1.23E-1,-2.13E-1));
#502=DIRECTION('',(0.E0,-1.E0,0.E0));
#503=DIRECTION('',(1.E0,0.E0,0.E0));
#504=AXIS2_PLACEMENT_3D('',#501,#502,#503);
#506=CARTESIAN_POINT('',(-2.5E-1,-1.23E-1,-2.13E-1));
#507=DIRECTION('',(0.E0,-1.E0,0.E0));
#508=DIRECTION('',(-1.E0,0.E0,0.E0));
#509=AXIS2_PLACEMENT_3D('',#506,#507,#508);
#511=CARTESIAN_POINT('',(2.5E-1,-1.23E-1,-2.13E-1));
#512=DIRECTION('',(0.E0,-1.E0,0.E0));
#513=DIRECTION('',(1.E0,0.E0,0.E0));
#514=AXIS2_PLACEMENT_3D('',#511,#512,#513);
#516=CARTESIAN_POINT('',(2.5E-1,-1.23E-1,-2.13E-1));
#517=DIRECTION('',(0.E0,-1.E0,0.E0));
#518=DIRECTION('',(-1.E0,0.E0,0.E0));
#519=AXIS2_PLACEMENT_3D('',#516,#517,#518);
#521=DIRECTION('',(0.E0,-1.E0,0.E0));
#522=VECTOR('',#521,1.23E-1);
#523=CARTESIAN_POINT('',(3.1E-1,0.E0,-2.13E-1));
#524=LINE('',#523,#522);
#525=DIRECTION('',(0.E0,-1.E0,0.E0));
#526=VECTOR('',#525,1.23E-1);
#527=CARTESIAN_POINT('',(1.9E-1,0.E0,-2.13E-1));
#528=LINE('',#527,#526);
#529=DIRECTION('',(0.E0,-1.E0,0.E0));
#530=VECTOR('',#529,1.06E-1);
#531=CARTESIAN_POINT('',(1.47E-1,0.E0,-3.13E-1));
#532=LINE('',#531,#530);
#533=DIRECTION('',(0.E0,-1.E0,0.E0));
#534=VECTOR('',#533,1.06E-1);
#535=CARTESIAN_POINT('',(1.33E-1,0.E0,-3.13E-1));
#536=LINE('',#535,#534);
#537=CARTESIAN_POINT('',(1.4E-1,-1.06E-1,-3.13E-1));
#538=DIRECTION('',(0.E0,-1.E0,0.E0));
#539=DIRECTION('',(1.E0,0.E0,0.E0));
#540=AXIS2_PLACEMENT_3D('',#537,#538,#539);
#542=CARTESIAN_POINT('',(1.4E-1,-1.06E-1,-3.13E-1));
#543=DIRECTION('',(0.E0,-1.E0,0.E0));
#544=DIRECTION('',(-1.E0,0.E0,0.E0));
#545=AXIS2_PLACEMENT_3D('',#542,#543,#544);
#547=CARTESIAN_POINT('',(6.E-2,-1.06E-1,-3.13E-1));
#548=DIRECTION('',(0.E0,-1.E0,0.E0));
#549=DIRECTION('',(1.E0,0.E0,0.E0));
#550=AXIS2_PLACEMENT_3D('',#547,#548,#549);
#552=CARTESIAN_POINT('',(6.E-2,-1.06E-1,-3.13E-1));
#553=DIRECTION('',(0.E0,-1.E0,0.E0));
#554=DIRECTION('',(-1.E0,0.E0,0.E0));
#555=AXIS2_PLACEMENT_3D('',#552,#553,#554);
#557=CARTESIAN_POINT('',(-2.E-2,-1.06E-1,-3.13E-1));
#558=DIRECTION('',(0.E0,-1.E0,0.E0));
#559=DIRECTION('',(1.E0,0.E0,0.E0));
#560=AXIS2_PLACEMENT_3D('',#557,#558,#559);
#562=CARTESIAN_POINT('',(-2.E-2,-1.06E-1,-3.13E-1));
#563=DIRECTION('',(0.E0,-1.E0,0.E0));
#564=DIRECTION('',(-1.E0,0.E0,0.E0));
#565=AXIS2_PLACEMENT_3D('',#562,#563,#564);
#567=CARTESIAN_POINT('',(-1.E-1,-1.06E-1,-3.13E-1));
#568=DIRECTION('',(0.E0,-1.E0,0.E0));
#569=DIRECTION('',(1.E0,0.E0,0.E0));
#570=AXIS2_PLACEMENT_3D('',#567,#568,#569);
#572=CARTESIAN_POINT('',(-1.E-1,-1.06E-1,-3.13E-1));
#573=DIRECTION('',(0.E0,-1.E0,0.E0));
#574=DIRECTION('',(-1.E0,0.E0,0.E0));
#575=AXIS2_PLACEMENT_3D('',#572,#573,#574);
#577=CARTESIAN_POINT('',(-1.4E-1,-1.06E-1,-3.83E-1));
#578=DIRECTION('',(0.E0,-1.E0,0.E0));
#579=DIRECTION('',(1.E0,0.E0,0.E0));
#580=AXIS2_PLACEMENT_3D('',#577,#578,#579);
#582=CARTESIAN_POINT('',(-1.4E-1,-1.06E-1,-3.83E-1));
#583=DIRECTION('',(0.E0,-1.E0,0.E0));
#584=DIRECTION('',(-1.E0,0.E0,0.E0));
#585=AXIS2_PLACEMENT_3D('',#582,#583,#584);
#587=CARTESIAN_POINT('',(-6.E-2,-1.06E-1,-3.83E-1));
#588=DIRECTION('',(0.E0,-1.E0,0.E0));
#589=DIRECTION('',(1.E0,0.E0,0.E0));
#590=AXIS2_PLACEMENT_3D('',#587,#588,#589);
#592=CARTESIAN_POINT('',(-6.E-2,-1.06E-1,-3.83E-1));
#593=DIRECTION('',(0.E0,-1.E0,0.E0));
#594=DIRECTION('',(-1.E0,0.E0,0.E0));
#595=AXIS2_PLACEMENT_3D('',#592,#593,#594);
#597=CARTESIAN_POINT('',(2.E-2,-1.06E-1,-3.83E-1));
#598=DIRECTION('',(0.E0,-1.E0,0.E0));
#599=DIRECTION('',(1.E0,0.E0,0.E0));
#600=AXIS2_PLACEMENT_3D('',#597,#598,#599);
#602=CARTESIAN_POINT('',(2.E-2,-1.06E-1,-3.83E-1));
#603=DIRECTION('',(0.E0,-1.E0,0.E0));
#604=DIRECTION('',(-1.E0,0.E0,0.E0));
#605=AXIS2_PLACEMENT_3D('',#602,#603,#604);
#607=CARTESIAN_POINT('',(1.E-1,-1.06E-1,-3.83E-1));
#608=DIRECTION('',(0.E0,-1.E0,0.E0));
#609=DIRECTION('',(1.E0,0.E0,0.E0));
#610=AXIS2_PLACEMENT_3D('',#607,#608,#609);
#612=CARTESIAN_POINT('',(1.E-1,-1.06E-1,-3.83E-1));
#613=DIRECTION('',(0.E0,-1.E0,0.E0));
#614=DIRECTION('',(-1.E0,0.E0,0.E0));
#615=AXIS2_PLACEMENT_3D('',#612,#613,#614);
#617=CARTESIAN_POINT('',(-1.8E-1,-1.06E-1,-5.73E-1));
#618=DIRECTION('',(0.E0,-1.E0,0.E0));
#619=DIRECTION('',(1.E0,0.E0,0.E0));
#620=AXIS2_PLACEMENT_3D('',#617,#618,#619);
#622=CARTESIAN_POINT('',(-1.8E-1,-1.06E-1,-5.73E-1));
#623=DIRECTION('',(0.E0,-1.E0,0.E0));
#624=DIRECTION('',(-1.E0,0.E0,0.E0));
#625=AXIS2_PLACEMENT_3D('',#622,#623,#624);
#627=CARTESIAN_POINT('',(-2.7E-1,-1.06E-1,-5.73E-1));
#628=DIRECTION('',(0.E0,-1.E0,0.E0));
#629=DIRECTION('',(1.E0,0.E0,0.E0));
#630=AXIS2_PLACEMENT_3D('',#627,#628,#629);
#632=CARTESIAN_POINT('',(-2.7E-1,-1.06E-1,-5.73E-1));
#633=DIRECTION('',(0.E0,-1.E0,0.E0));
#634=DIRECTION('',(-1.E0,0.E0,0.E0));
#635=AXIS2_PLACEMENT_3D('',#632,#633,#634);
#637=CARTESIAN_POINT('',(2.7E-1,-1.06E-1,-5.73E-1));
#638=DIRECTION('',(0.E0,-1.E0,0.E0));
#639=DIRECTION('',(1.E0,0.E0,0.E0));
#640=AXIS2_PLACEMENT_3D('',#637,#638,#639);
#642=CARTESIAN_POINT('',(2.7E-1,-1.06E-1,-5.73E-1));
#643=DIRECTION('',(0.E0,-1.E0,0.E0));
#644=DIRECTION('',(-1.E0,0.E0,0.E0));
#645=AXIS2_PLACEMENT_3D('',#642,#643,#644);
#647=CARTESIAN_POINT('',(1.8E-1,-1.06E-1,-5.73E-1));
#648=DIRECTION('',(0.E0,-1.E0,0.E0));
#649=DIRECTION('',(1.E0,0.E0,0.E0));
#650=AXIS2_PLACEMENT_3D('',#647,#648,#649);
#652=CARTESIAN_POINT('',(1.8E-1,-1.06E-1,-5.73E-1));
#653=DIRECTION('',(0.E0,-1.E0,0.E0));
#654=DIRECTION('',(-1.E0,0.E0,0.E0));
#655=AXIS2_PLACEMENT_3D('',#652,#653,#654);
#657=DIRECTION('',(0.E0,-1.E0,0.E0));
#658=VECTOR('',#657,1.06E-1);
#659=CARTESIAN_POINT('',(6.7E-2,0.E0,-3.13E-1));
#660=LINE('',#659,#658);
#661=DIRECTION('',(0.E0,-1.E0,0.E0));
#662=VECTOR('',#661,1.06E-1);
#663=CARTESIAN_POINT('',(5.3E-2,0.E0,-3.13E-1));
#664=LINE('',#663,#662);
#665=DIRECTION('',(0.E0,-1.E0,0.E0));
#666=VECTOR('',#665,1.06E-1);
#667=CARTESIAN_POINT('',(-1.3E-2,0.E0,-3.13E-1));
#668=LINE('',#667,#666);
#669=DIRECTION('',(0.E0,-1.E0,0.E0));
#670=VECTOR('',#669,1.06E-1);
#671=CARTESIAN_POINT('',(-2.7E-2,0.E0,-3.13E-1));
#672=LINE('',#671,#670);
#673=DIRECTION('',(0.E0,-1.E0,0.E0));
#674=VECTOR('',#673,1.06E-1);
#675=CARTESIAN_POINT('',(-9.3E-2,0.E0,-3.13E-1));
#676=LINE('',#675,#674);
#677=DIRECTION('',(0.E0,-1.E0,0.E0));
#678=VECTOR('',#677,1.06E-1);
#679=CARTESIAN_POINT('',(-1.07E-1,0.E0,-3.13E-1));
#680=LINE('',#679,#678);
#681=DIRECTION('',(0.E0,-1.E0,0.E0));
#682=VECTOR('',#681,1.06E-1);
#683=CARTESIAN_POINT('',(-1.33E-1,0.E0,-3.83E-1));
#684=LINE('',#683,#682);
#685=DIRECTION('',(0.E0,-1.E0,0.E0));
#686=VECTOR('',#685,1.06E-1);
#687=CARTESIAN_POINT('',(-1.47E-1,0.E0,-3.83E-1));
#688=LINE('',#687,#686);
#689=DIRECTION('',(0.E0,-1.E0,0.E0));
#690=VECTOR('',#689,1.06E-1);
#691=CARTESIAN_POINT('',(-5.3E-2,0.E0,-3.83E-1));
#692=LINE('',#691,#690);
#693=DIRECTION('',(0.E0,-1.E0,0.E0));
#694=VECTOR('',#693,1.06E-1);
#695=CARTESIAN_POINT('',(-6.7E-2,0.E0,-3.83E-1));
#696=LINE('',#695,#694);
#697=DIRECTION('',(0.E0,-1.E0,0.E0));
#698=VECTOR('',#697,1.06E-1);
#699=CARTESIAN_POINT('',(2.7E-2,0.E0,-3.83E-1));
#700=LINE('',#699,#698);
#701=DIRECTION('',(0.E0,-1.E0,0.E0));
#702=VECTOR('',#701,1.06E-1);
#703=CARTESIAN_POINT('',(1.3E-2,0.E0,-3.83E-1));
#704=LINE('',#703,#702);
#705=DIRECTION('',(0.E0,-1.E0,0.E0));
#706=VECTOR('',#705,1.06E-1);
#707=CARTESIAN_POINT('',(1.07E-1,0.E0,-3.83E-1));
#708=LINE('',#707,#706);
#709=DIRECTION('',(0.E0,-1.E0,0.E0));
#710=VECTOR('',#709,1.06E-1);
#711=CARTESIAN_POINT('',(9.3E-2,0.E0,-3.83E-1));
#712=LINE('',#711,#710);
#713=DIRECTION('',(0.E0,-1.E0,0.E0));
#714=VECTOR('',#713,1.06E-1);
#715=CARTESIAN_POINT('',(-1.73E-1,0.E0,-5.73E-1));
#716=LINE('',#715,#714);
#717=DIRECTION('',(0.E0,-1.E0,0.E0));
#718=VECTOR('',#717,1.06E-1);
#719=CARTESIAN_POINT('',(-1.87E-1,0.E0,-5.73E-1));
#720=LINE('',#719,#718);
#721=DIRECTION('',(0.E0,-1.E0,0.E0));
#722=VECTOR('',#721,1.06E-1);
#723=CARTESIAN_POINT('',(-2.63E-1,0.E0,-5.73E-1));
#724=LINE('',#723,#722);
#725=DIRECTION('',(0.E0,-1.E0,0.E0));
#726=VECTOR('',#725,1.06E-1);
#727=CARTESIAN_POINT('',(-2.77E-1,0.E0,-5.73E-1));
#728=LINE('',#727,#726);
#729=DIRECTION('',(0.E0,-1.E0,0.E0));
#730=VECTOR('',#729,1.06E-1);
#731=CARTESIAN_POINT('',(2.77E-1,0.E0,-5.73E-1));
#732=LINE('',#731,#730);
#733=DIRECTION('',(0.E0,-1.E0,0.E0));
#734=VECTOR('',#733,1.06E-1);
#735=CARTESIAN_POINT('',(2.63E-1,0.E0,-5.73E-1));
#736=LINE('',#735,#734);
#737=DIRECTION('',(0.E0,-1.E0,0.E0));
#738=VECTOR('',#737,1.06E-1);
#739=CARTESIAN_POINT('',(1.87E-1,0.E0,-5.73E-1));
#740=LINE('',#739,#738);
#741=DIRECTION('',(0.E0,-1.E0,0.E0));
#742=VECTOR('',#741,1.06E-1);
#743=CARTESIAN_POINT('',(1.73E-1,0.E0,-5.73E-1));
#744=LINE('',#743,#742);
#745=DIRECTION('',(0.E0,-1.E0,0.E0));
#746=VECTOR('',#745,1.030107918508E-1);
#747=CARTESIAN_POINT('',(3.255E-1,3.825053959254E-1,-1.069668533051E-2));
#748=LINE('',#747,#746);
#749=DIRECTION('',(-6.200731573225E-14,-9.258309293692E-2,-9.957049617744E-1));
#750=VECTOR('',#749,1.074282617960E-2);
#751=CARTESIAN_POINT('',(3.255E-1,3.835E-1,0.E0));
#752=LINE('',#751,#750);
#753=DIRECTION('',(0.E0,0.E0,-1.E0));
#754=VECTOR('',#753,6.25E-1);
#755=CARTESIAN_POINT('',(3.255E-1,5.21E-1,0.E0));
#756=LINE('',#755,#754);
#757=DIRECTION('',(0.E0,0.E0,-1.E0));
#758=VECTOR('',#757,2.55E-1);
#759=CARTESIAN_POINT('',(3.255E-1,0.E0,-3.7E-1));
#760=LINE('',#759,#758);
#761=DIRECTION('',(0.E0,-1.E0,0.E0));
#762=VECTOR('',#761,1.156794919243E-1);
#763=CARTESIAN_POINT('',(3.255E-1,0.E0,-3.7E-1));
#764=LINE('',#763,#762);
#765=DIRECTION('',(0.E0,9.659258262891E-1,-2.588190451025E-1));
#766=VECTOR('',#765,3.863703305156E-2);
#767=CARTESIAN_POINT('',(3.255E-1,-1.53E-1,-3.6E-1));
#768=LINE('',#767,#766);
#769=DIRECTION('',(0.E0,-9.659258262891E-1,-2.588190451025E-1));
#770=VECTOR('',#769,3.863703305156E-2);
#771=CARTESIAN_POINT('',(3.255E-1,-1.156794919243E-1,-3.3E-1));
#772=LINE('',#771,#770);
#773=DIRECTION('',(0.E0,0.E0,1.E0));
#774=VECTOR('',#773,3.3E-1);
#775=CARTESIAN_POINT('',(3.255E-1,0.E0,-3.3E-1));
#776=LINE('',#775,#774);
#777=DIRECTION('',(6.200731573225E-14,-9.258309293692E-2,9.957049617744E-1));
#778=VECTOR('',#777,1.074282617960E-2);
#779=CARTESIAN_POINT('',(3.255E-1,8.249460407459E-2,-1.069668533051E-2));
#780=LINE('',#779,#778);
#781=DIRECTION('',(0.E0,-1.E0,0.E0));
#782=VECTOR('',#781,1.030107918508E-1);
#783=CARTESIAN_POINT('',(3.255E-1,1.855053959254E-1,-1.069668533051E-2));
#784=LINE('',#783,#782);
#785=DIRECTION('',(-6.200731573225E-14,-9.258309293692E-2,-9.957049617744E-1));
#786=VECTOR('',#785,1.074282617960E-2);
#787=CARTESIAN_POINT('',(3.255E-1,1.865E-1,0.E0));
#788=LINE('',#787,#786);
#789=DIRECTION('',(6.200731573225E-14,-9.258309293691E-2,9.957049617744E-1));
#790=VECTOR('',#789,1.074282617960E-2);
#791=CARTESIAN_POINT('',(3.255E-1,2.794946040746E-1,-1.069668533051E-2));
#792=LINE('',#791,#790);
#793=CARTESIAN_POINT('',(3.777477841852E-1,1.736369359691E-1,
-1.383386131628E-1));
#794=CARTESIAN_POINT('',(3.757921085451E-1,1.758700060206E-1,
-1.143225767594E-1));
#795=CARTESIAN_POINT('',(3.646539916484E-1,1.800632345755E-1,
-6.922559041464E-2));
#796=CARTESIAN_POINT('',(3.409719833219E-1,1.837827556639E-1,
-2.922319380387E-2));
#797=CARTESIAN_POINT('',(3.255E-1,1.855053959254E-1,-1.069668533051E-2));
#799=CARTESIAN_POINT('',(3.777477841852E-1,9.436306403093E-2,
-1.383386131628E-1));
#800=CARTESIAN_POINT('',(3.757921085451E-1,9.212999397938E-2,
-1.143225767594E-1));
#801=CARTESIAN_POINT('',(3.646539916484E-1,8.793676542452E-2,
-6.922559041464E-2));
#802=CARTESIAN_POINT('',(3.409719833219E-1,8.421724433615E-2,
-2.922319380387E-2));
#803=CARTESIAN_POINT('',(3.255E-1,8.249460407459E-2,-1.069668533051E-2));
#805=CARTESIAN_POINT('',(3.777477841852E-1,3.706369359691E-1,
-1.383386131628E-1));
#806=CARTESIAN_POINT('',(3.757921085451E-1,3.728700060206E-1,
-1.143225767594E-1));
#807=CARTESIAN_POINT('',(3.646539916484E-1,3.770632345755E-1,
-6.922559041464E-2));
#808=CARTESIAN_POINT('',(3.409719833219E-1,3.807827556639E-1,
-2.922319380387E-2));
#809=CARTESIAN_POINT('',(3.255E-1,3.825053959254E-1,-1.069668533051E-2));
#811=CARTESIAN_POINT('',(3.777477841852E-1,2.913630640309E-1,
-1.383386131628E-1));
#812=CARTESIAN_POINT('',(3.757921085451E-1,2.891299939794E-1,
-1.143225767594E-1));
#813=CARTESIAN_POINT('',(3.646539916484E-1,2.849367654245E-1,
-6.922559041464E-2));
#814=CARTESIAN_POINT('',(3.409719833219E-1,2.812172443361E-1,
-2.922319380387E-2));
#815=CARTESIAN_POINT('',(3.255E-1,2.794946040746E-1,-1.069668533051E-2));
#817=CARTESIAN_POINT('',(3.847246898400E-1,1.736897633837E-1,
-1.377704692692E-1));
#818=CARTESIAN_POINT('',(3.825862738618E-1,1.761314937918E-1,
-1.115103497868E-1));
#819=CARTESIAN_POINT('',(3.699685560403E-1,1.806841277296E-1,
-6.254806026686E-2));
#820=CARTESIAN_POINT('',(3.431177329809E-1,1.846722300518E-1,
-1.965714849975E-2));
#821=CARTESIAN_POINT('',(3.255E-1,1.865E-1,0.E0));
#823=DIRECTION('',(0.E0,1.E0,0.E0));
#824=VECTOR('',#823,7.937952676749E-2);
#825=CARTESIAN_POINT('',(3.847246898400E-1,9.431023661626E-2,
-1.377704692692E-1));
#826=LINE('',#825,#824);
#827=CARTESIAN_POINT('',(3.847246898400E-1,9.431023661626E-2,
-1.377704692692E-1));
#828=CARTESIAN_POINT('',(3.825862738618E-1,9.186850620824E-2,
-1.115103497868E-1));
#829=CARTESIAN_POINT('',(3.699685560403E-1,8.731587227043E-2,
-6.254806026686E-2));
#830=CARTESIAN_POINT('',(3.431177329809E-1,8.332776994822E-2,
-1.965714849975E-2));
#831=CARTESIAN_POINT('',(3.255E-1,8.15E-2,0.E0));
#833=CARTESIAN_POINT('',(3.847246898400E-1,3.706897633837E-1,
-1.377704692692E-1));
#834=CARTESIAN_POINT('',(3.825862738618E-1,3.731314937918E-1,
-1.115103497868E-1));
#835=CARTESIAN_POINT('',(3.699685560403E-1,3.776841277296E-1,
-6.254806026686E-2));
#836=CARTESIAN_POINT('',(3.431177329809E-1,3.816722300518E-1,
-1.965714849975E-2));
#837=CARTESIAN_POINT('',(3.255E-1,3.835E-1,0.E0));
#839=DIRECTION('',(0.E0,1.E0,0.E0));
#840=VECTOR('',#839,7.937952676749E-2);
#841=CARTESIAN_POINT('',(3.847246898400E-1,2.913102366163E-1,
-1.377704692692E-1));
#842=LINE('',#841,#840);
#843=CARTESIAN_POINT('',(3.847246898400E-1,2.913102366163E-1,
-1.377704692692E-1));
#844=CARTESIAN_POINT('',(3.825862738618E-1,2.888685062082E-1,
-1.115103497868E-1));
#845=CARTESIAN_POINT('',(3.699685560403E-1,2.843158722704E-1,
-6.254806026686E-2));
#846=CARTESIAN_POINT('',(3.431177329809E-1,2.803277699482E-1,
-1.965714849975E-2));
#847=CARTESIAN_POINT('',(3.255E-1,2.785E-1,0.E0));
#849=DIRECTION('',(-8.081709514274E-2,9.228024888837E-2,9.924479597429E-1));
#850=VECTOR('',#849,1.217724292866E-1);
#851=CARTESIAN_POINT('',(3.945659838434E-1,1.624525733014E-1,
-2.586232682676E-1));
#852=LINE('',#851,#850);
#853=DIRECTION('',(0.E0,1.E0,0.E0));
#854=VECTOR('',#853,5.690514660287E-2);
#855=CARTESIAN_POINT('',(3.945659838434E-1,1.055474266986E-1,
-2.586232682676E-1));
#856=LINE('',#855,#854);
#857=DIRECTION('',(-8.081709514274E-2,-9.228024888837E-2,9.924479597429E-1));
#858=VECTOR('',#857,1.217724292866E-1);
#859=CARTESIAN_POINT('',(3.945659838434E-1,1.055474266986E-1,
-2.586232682676E-1));
#860=LINE('',#859,#858);
#861=DIRECTION('',(-8.081709514274E-2,9.228024888837E-2,9.924479597429E-1));
#862=VECTOR('',#861,1.217724292866E-1);
#863=CARTESIAN_POINT('',(3.945659838434E-1,3.594525733014E-1,
-2.586232682676E-1));
#864=LINE('',#863,#862);
#865=DIRECTION('',(0.E0,1.E0,0.E0));
#866=VECTOR('',#865,5.690514660287E-2);
#867=CARTESIAN_POINT('',(3.945659838434E-1,3.025474266986E-1,
-2.586232682676E-1));
#868=LINE('',#867,#866);
#869=DIRECTION('',(-8.081709514274E-2,-9.228024888837E-2,9.924479597429E-1));
#870=VECTOR('',#869,1.217724292866E-1);
#871=CARTESIAN_POINT('',(3.945659838434E-1,3.025474266986E-1,
-2.586232682676E-1));
#872=LINE('',#871,#870);
#873=CARTESIAN_POINT('',(3.945659838434E-1,1.624525733014E-1,
-2.586232682676E-1));
#874=CARTESIAN_POINT('',(3.947796255412E-1,1.622086285146E-1,
-2.612468254092E-1));
#875=CARTESIAN_POINT('',(3.954838336904E-1,1.619775083360E-1,
-2.637324575180E-1));
#876=CARTESIAN_POINT('',(3.966798695162E-1,1.617592457373E-1,
-2.660798099948E-1));
#878=DIRECTION('',(0.E0,1.E0,0.E0));
#879=VECTOR('',#878,5.551849147465E-2);
#880=CARTESIAN_POINT('',(3.966798695162E-1,1.062407542627E-1,
-2.660798099948E-1));
#881=LINE('',#880,#879);
#882=CARTESIAN_POINT('',(3.945659838434E-1,1.055474266986E-1,
-2.586232682676E-1));
#883=CARTESIAN_POINT('',(3.947796255412E-1,1.057913714854E-1,
-2.612468254092E-1));
#884=CARTESIAN_POINT('',(3.954838336904E-1,1.060224916640E-1,
-2.637324575180E-1));
#885=CARTESIAN_POINT('',(3.966798695162E-1,1.062407542627E-1,
-2.660798099948E-1));
#887=CARTESIAN_POINT('',(3.945659838434E-1,3.594525733014E-1,
-2.586232682676E-1));
#888=CARTESIAN_POINT('',(3.947796255412E-1,3.592086285146E-1,
-2.612468254092E-1));
#889=CARTESIAN_POINT('',(3.954838336904E-1,3.589775083360E-1,
-2.637324575180E-1));
#890=CARTESIAN_POINT('',(3.966798695162E-1,3.587592457373E-1,
-2.660798099948E-1));
#892=DIRECTION('',(0.E0,1.E0,0.E0));
#893=VECTOR('',#892,5.551849147465E-2);
#894=CARTESIAN_POINT('',(3.966798695162E-1,3.032407542627E-1,
-2.660798099948E-1));
#895=LINE('',#894,#893);
#896=CARTESIAN_POINT('',(3.945659838434E-1,3.025474266986E-1,
-2.586232682676E-1));
#897=CARTESIAN_POINT('',(3.947796255412E-1,3.027913714854E-1,
-2.612468254092E-1));
#898=CARTESIAN_POINT('',(3.954838336904E-1,3.030224916640E-1,
-2.637324575180E-1));
#899=CARTESIAN_POINT('',(3.966798695162E-1,3.032407542627E-1,
-2.660798099948E-1));
#901=DIRECTION('',(-4.524404276759E-1,8.256510497018E-2,8.879643364717E-1));
#902=VECTOR('',#901,1.728433182670E-2);
#903=CARTESIAN_POINT('',(4.045E-1,1.603321630657E-1,-2.814276802366E-1));
#904=LINE('',#903,#902);
#905=DIRECTION('',(0.E0,1.E0,0.E0));
#906=VECTOR('',#905,5.266432613143E-2);
#907=CARTESIAN_POINT('',(4.045E-1,1.076678369343E-1,-2.814276802366E-1));
#908=LINE('',#907,#906);
#909=DIRECTION('',(-4.524404276759E-1,-8.256510497018E-2,8.879643364717E-1));
#910=VECTOR('',#909,1.728433182670E-2);
#911=CARTESIAN_POINT('',(4.045E-1,1.076678369343E-1,-2.814276802366E-1));
#912=LINE('',#911,#910);
#913=DIRECTION('',(-4.524404276759E-1,8.256510497018E-2,8.879643364717E-1));
#914=VECTOR('',#913,1.728433182670E-2);
#915=CARTESIAN_POINT('',(4.045E-1,3.573321630657E-1,-2.814276802366E-1));
#916=LINE('',#915,#914);
#917=DIRECTION('',(0.E0,1.E0,0.E0));
#918=VECTOR('',#917,5.266432613143E-2);
#919=CARTESIAN_POINT('',(4.045E-1,3.046678369343E-1,-2.814276802366E-1));
#920=LINE('',#919,#918);
#921=DIRECTION('',(-4.524404276759E-1,-8.256510497018E-2,8.879643364717E-1));
#922=VECTOR('',#921,1.728433182670E-2);
#923=CARTESIAN_POINT('',(4.045E-1,3.046678369343E-1,-2.814276802366E-1));
#924=LINE('',#923,#922);
#925=DIRECTION('',(8.902137189678E-1,4.217559105457E-2,4.535865453039E-1));
#926=VECTOR('',#925,7.006234049673E-3);
#927=CARTESIAN_POINT('',(3.982629543307E-1,1.600366710036E-1,
-2.846056137348E-1));
#928=LINE('',#927,#926);
#929=DIRECTION('',(0.E0,1.E0,0.E0));
#930=VECTOR('',#929,5.207334200721E-2);
#931=CARTESIAN_POINT('',(3.982629543307E-1,1.079633289964E-1,
-2.846056137348E-1));
#932=LINE('',#931,#930);
#933=DIRECTION('',(8.902137189678E-1,-4.217559105457E-2,4.535865453039E-1));
#934=VECTOR('',#933,7.006234049673E-3);
#935=CARTESIAN_POINT('',(3.982629543307E-1,1.079633289964E-1,
-2.846056137348E-1));
#936=LINE('',#935,#934);
#937=DIRECTION('',(8.902137189678E-1,4.217559105457E-2,4.535865453039E-1));
#938=VECTOR('',#937,7.006234049673E-3);
#939=CARTESIAN_POINT('',(3.982629543307E-1,3.570366710036E-1,
-2.846056137348E-1));
#940=LINE('',#939,#938);
#941=DIRECTION('',(0.E0,1.E0,0.E0));
#942=VECTOR('',#941,5.207334200721E-2);
#943=CARTESIAN_POINT('',(3.982629543307E-1,3.049633289964E-1,
-2.846056137348E-1));
#944=LINE('',#943,#942);
#945=DIRECTION('',(8.902137189678E-1,-4.217559105456E-2,4.535865453039E-1));
#946=VECTOR('',#945,7.006234049673E-3);
#947=CARTESIAN_POINT('',(3.982629543307E-1,3.049633289964E-1,
-2.846056137348E-1));
#948=LINE('',#947,#946);
#949=DIRECTION('',(4.524404276758E-1,-8.256510497018E-2,-8.879643364718E-1));
#950=VECTOR('',#949,1.728433182671E-2);
#951=CARTESIAN_POINT('',(3.904428238469E-1,1.614637536752E-1,
-2.692577434930E-1));
#952=LINE('',#951,#950);
#953=DIRECTION('',(0.E0,1.E0,0.E0));
#954=VECTOR('',#953,5.492750735043E-2);
#955=CARTESIAN_POINT('',(3.904428238469E-1,1.065362463248E-1,
-2.692577434930E-1));
#956=LINE('',#955,#954);
#957=DIRECTION('',(4.524404276758E-1,8.256510497018E-2,-8.879643364718E-1));
#958=VECTOR('',#957,1.728433182671E-2);
#959=CARTESIAN_POINT('',(3.904428238469E-1,1.065362463248E-1,
-2.692577434930E-1));
#960=LINE('',#959,#958);
#961=DIRECTION('',(4.524404276758E-1,-8.256510497019E-2,-8.879643364718E-1));
#962=VECTOR('',#961,1.728433182671E-2);
#963=CARTESIAN_POINT('',(3.904428238469E-1,3.584637536752E-1,
-2.692577434930E-1));
#964=LINE('',#963,#962);
#965=DIRECTION('',(0.E0,1.E0,0.E0));
#966=VECTOR('',#965,5.492750735043E-2);
#967=CARTESIAN_POINT('',(3.904428238469E-1,3.035362463248E-1,
-2.692577434930E-1));
#968=LINE('',#967,#966);
#969=DIRECTION('',(4.524404276758E-1,8.256510497018E-2,-8.879643364718E-1));
#970=VECTOR('',#969,1.728433182671E-2);
#971=CARTESIAN_POINT('',(3.904428238469E-1,3.035362463248E-1,
-2.692577434930E-1));
#972=LINE('',#971,#970);
#973=CARTESIAN_POINT('',(3.875890781886E-1,1.623997458868E-1,
-2.591914121613E-1));
#974=CARTESIAN_POINT('',(3.878774944807E-1,1.620704204245E-1,
-2.627332143024E-1));
#975=CARTESIAN_POINT('',(3.888281754820E-1,1.617584081835E-1,
-2.660888176493E-1));
#976=CARTESIAN_POINT('',(3.904428238469E-1,1.614637536752E-1,
-2.692577434930E-1));
#978=DIRECTION('',(0.E0,1.E0,0.E0));
#979=VECTOR('',#978,5.679949177352E-2);
#980=CARTESIAN_POINT('',(3.875890781886E-1,1.056002541132E-1,
-2.591914121613E-1));
#981=LINE('',#980,#979);
#982=CARTESIAN_POINT('',(3.875890781886E-1,1.056002541132E-1,
-2.591914121613E-1));
#983=CARTESIAN_POINT('',(3.878774944807E-1,1.059295795755E-1,
-2.627332143024E-1));
#984=CARTESIAN_POINT('',(3.888281754820E-1,1.062415918165E-1,
-2.660888176493E-1));
#985=CARTESIAN_POINT('',(3.904428238469E-1,1.065362463248E-1,
-2.692577434930E-1));
#987=CARTESIAN_POINT('',(3.875890781886E-1,3.593997458868E-1,
-2.591914121613E-1));
#988=CARTESIAN_POINT('',(3.878774944807E-1,3.590704204245E-1,
-2.627332143024E-1));
#989=CARTESIAN_POINT('',(3.888281754820E-1,3.587584081835E-1,
-2.660888176493E-1));
#990=CARTESIAN_POINT('',(3.904428238469E-1,3.584637536752E-1,
-2.692577434930E-1));
#992=DIRECTION('',(0.E0,1.E0,0.E0));
#993=VECTOR('',#992,5.679949177352E-2);
#994=CARTESIAN_POINT('',(3.875890781886E-1,3.026002541132E-1,
-2.591914121613E-1));
#995=LINE('',#994,#993);
#996=CARTESIAN_POINT('',(3.875890781886E-1,3.026002541132E-1,
-2.591914121613E-1));
#997=CARTESIAN_POINT('',(3.878774944807E-1,3.029295795755E-1,
-2.627332143024E-1));
#998=CARTESIAN_POINT('',(3.888281754820E-1,3.032415918165E-1,
-2.660888176493E-1));
#999=CARTESIAN_POINT('',(3.904428238469E-1,3.035362463248E-1,
-2.692577434930E-1));
#1001=DIRECTION('',(8.081709514274E-2,-9.228024888837E-2,-9.924479597429E-1));
#1002=VECTOR('',#1001,1.217724292866E-1);
#1003=CARTESIAN_POINT('',(3.777477841852E-1,1.736369359691E-1,
-1.383386131628E-1));
#1004=LINE('',#1003,#1002);
#1005=DIRECTION('',(0.E0,1.E0,0.E0));
#1006=VECTOR('',#1005,7.927387193814E-2);
#1007=CARTESIAN_POINT('',(3.777477841852E-1,9.436306403093E-2,
-1.383386131628E-1));
#1008=LINE('',#1007,#1006);
#1009=DIRECTION('',(8.081709514274E-2,9.228024888837E-2,-9.924479597429E-1));
#1010=VECTOR('',#1009,1.217724292866E-1);
#1011=CARTESIAN_POINT('',(3.777477841852E-1,9.436306403093E-2,
-1.383386131628E-1));
#1012=LINE('',#1011,#1010);
#1013=DIRECTION('',(8.081709514274E-2,-9.228024888837E-2,-9.924479597429E-1));
#1014=VECTOR('',#1013,1.217724292866E-1);
#1015=CARTESIAN_POINT('',(3.777477841852E-1,3.706369359691E-1,
-1.383386131628E-1));
#1016=LINE('',#1015,#1014);
#1017=DIRECTION('',(0.E0,1.E0,0.E0));
#1018=VECTOR('',#1017,7.927387193814E-2);
#1019=CARTESIAN_POINT('',(3.777477841852E-1,2.913630640309E-1,
-1.383386131628E-1));
#1020=LINE('',#1019,#1018);
#1021=DIRECTION('',(8.081709514274E-2,9.228024888837E-2,-9.924479597429E-1));
#1022=VECTOR('',#1021,1.217724292866E-1);
#1023=CARTESIAN_POINT('',(3.777477841852E-1,2.913630640309E-1,
-1.383386131628E-1));
#1024=LINE('',#1023,#1022);
#1025=DIRECTION('',(1.E0,0.E0,0.E0));
#1026=VECTOR('',#1025,7.E-3);
#1027=CARTESIAN_POINT('',(3.185E-1,-1.156794919243E-1,-3.7E-1));
#1028=LINE('',#1027,#1026);
#1029=DIRECTION('',(0.E0,-1.E0,0.E0));
#1030=VECTOR('',#1029,1.156794919243E-1);
#1031=CARTESIAN_POINT('',(3.185E-1,0.E0,-3.7E-1));
#1032=LINE('',#1031,#1030);
#1033=DIRECTION('',(0.E0,-9.659258262891E-1,2.588190451025E-1));
#1034=VECTOR('',#1033,3.863703305156E-2);
#1035=CARTESIAN_POINT('',(3.185E-1,-1.156794919243E-1,-3.7E-1));
#1036=LINE('',#1035,#1034);
#1037=DIRECTION('',(0.E0,-1.E0,0.E0));
#1038=VECTOR('',#1037,1.156794919243E-1);
#1039=CARTESIAN_POINT('',(3.185E-1,0.E0,-3.3E-1));
#1040=LINE('',#1039,#1038);
#1041=DIRECTION('',(0.E0,9.659258262891E-1,2.588190451025E-1));
#1042=VECTOR('',#1041,3.863703305156E-2);
#1043=CARTESIAN_POINT('',(3.185E-1,-1.53E-1,-3.4E-1));
#1044=LINE('',#1043,#1042);
#1045=DIRECTION('',(-1.E0,0.E0,0.E0));
#1046=VECTOR('',#1045,7.E-3);
#1047=CARTESIAN_POINT('',(3.255E-1,-1.156794919243E-1,-3.3E-1));
#1048=LINE('',#1047,#1046);
#1049=DIRECTION('',(0.E0,-1.E0,0.E0));
#1050=VECTOR('',#1049,1.156794919243E-1);
#1051=CARTESIAN_POINT('',(3.255E-1,0.E0,-3.3E-1));
#1052=LINE('',#1051,#1050);
#1053=DIRECTION('',(1.E0,0.E0,0.E0));
#1054=VECTOR('',#1053,7.E-3);
#1055=CARTESIAN_POINT('',(3.185E-1,-1.53E-1,-3.6E-1));
#1056=LINE('',#1055,#1054);
#1057=DIRECTION('',(0.E0,0.E0,-1.E0));
#1058=VECTOR('',#1057,2.E-2);
#1059=CARTESIAN_POINT('',(3.185E-1,-1.53E-1,-3.4E-1));
#1060=LINE('',#1059,#1058);
#1061=DIRECTION('',(-1.E0,0.E0,0.E0));
#1062=VECTOR('',#1061,7.E-3);
#1063=CARTESIAN_POINT('',(3.255E-1,-1.53E-1,-3.4E-1));
#1064=LINE('',#1063,#1062);
#1065=DIRECTION('',(0.E0,0.E0,1.E0));
#1066=VECTOR('',#1065,2.E-2);
#1067=CARTESIAN_POINT('',(3.255E-1,-1.53E-1,-3.6E-1));
#1068=LINE('',#1067,#1066);
#1069=DIRECTION('',(1.E0,0.E0,0.E0));
#1070=VECTOR('',#1069,7.E-3);
#1071=CARTESIAN_POINT('',(-3.255E-1,-1.53E-1,-3.6E-1));
#1072=LINE('',#1071,#1070);
#1073=DIRECTION('',(0.E0,0.E0,-1.E0));
#1074=VECTOR('',#1073,2.E-2);
#1075=CARTESIAN_POINT('',(-3.255E-1,-1.53E-1,-3.4E-1));
#1076=LINE('',#1075,#1074);
#1077=DIRECTION('',(-1.E0,0.E0,0.E0));
#1078=VECTOR('',#1077,7.E-3);
#1079=CARTESIAN_POINT('',(-3.185E-1,-1.53E-1,-3.4E-1));
#1080=LINE('',#1079,#1078);
#1081=DIRECTION('',(0.E0,0.E0,1.E0));
#1082=VECTOR('',#1081,2.E-2);
#1083=CARTESIAN_POINT('',(-3.185E-1,-1.53E-1,-3.6E-1));
#1084=LINE('',#1083,#1082);
#1085=DIRECTION('',(0.E0,9.659258262891E-1,-2.588190451025E-1));
#1086=VECTOR('',#1085,3.863703305156E-2);
#1087=CARTESIAN_POINT('',(-3.185E-1,-1.53E-1,-3.6E-1));
#1088=LINE('',#1087,#1086);
#1089=DIRECTION('',(0.E0,-9.659258262891E-1,-2.588190451025E-1));
#1090=VECTOR('',#1089,3.863703305156E-2);
#1091=CARTESIAN_POINT('',(-3.185E-1,-1.156794919243E-1,-3.3E-1));
#1092=LINE('',#1091,#1090);
#1093=DIRECTION('',(0.E0,-1.E0,0.E0));
#1094=VECTOR('',#1093,1.156794919243E-1);
#1095=CARTESIAN_POINT('',(-3.185E-1,0.E0,-3.7E-1));
#1096=LINE('',#1095,#1094);
#1097=DIRECTION('',(-1.E0,0.E0,0.E0));
#1098=VECTOR('',#1097,7.E-3);
#1099=CARTESIAN_POINT('',(-3.185E-1,-1.156794919243E-1,-3.3E-1));
#1100=LINE('',#1099,#1098);
#1101=DIRECTION('',(0.E0,-1.E0,0.E0));
#1102=VECTOR('',#1101,1.156794919243E-1);
#1103=CARTESIAN_POINT('',(-3.185E-1,0.E0,-3.3E-1));
#1104=LINE('',#1103,#1102);
#1105=DIRECTION('',(1.E0,0.E0,0.E0));
#1106=VECTOR('',#1105,7.E-3);
#1107=CARTESIAN_POINT('',(-3.255E-1,-1.156794919243E-1,-3.7E-1));
#1108=LINE('',#1107,#1106);
#1109=DIRECTION('',(0.E0,-1.E0,0.E0));
#1110=VECTOR('',#1109,1.156794919243E-1);
#1111=CARTESIAN_POINT('',(-3.255E-1,0.E0,-3.7E-1));
#1112=LINE('',#1111,#1110);
#1113=CARTESIAN_POINT('',(-2.396897633837E-1,5.802246898400E-1,
-1.377704692692E-1));
#1114=CARTESIAN_POINT('',(-2.421314937918E-1,5.780862738618E-1,
-1.115103497868E-1));
#1115=CARTESIAN_POINT('',(-2.466841277296E-1,5.654685560403E-1,
-6.254806026686E-2));
#1116=CARTESIAN_POINT('',(-2.506722300518E-1,5.386177329809E-1,
-1.965714849976E-2));
#1117=CARTESIAN_POINT('',(-2.525E-1,5.21E-1,0.E0));
#1119=DIRECTION('',(-1.E0,0.E0,0.E0));
#1120=VECTOR('',#1119,7.937952676749E-2);
#1121=CARTESIAN_POINT('',(-1.603102366163E-1,5.802246898400E-1,
-1.377704692692E-1));
#1122=LINE('',#1121,#1120);
#1123=CARTESIAN_POINT('',(-1.603102366163E-1,5.802246898400E-1,
-1.377704692692E-1));
#1124=CARTESIAN_POINT('',(-1.578685062082E-1,5.780862738618E-1,
-1.115103497868E-1));
#1125=CARTESIAN_POINT('',(-1.533158722704E-1,5.654685560403E-1,
-6.254806026686E-2));
#1126=CARTESIAN_POINT('',(-1.493277699482E-1,5.386177329809E-1,
-1.965714849976E-2));
#1127=CARTESIAN_POINT('',(-1.475E-1,5.21E-1,0.E0));
#1129=CARTESIAN_POINT('',(2.396897633837E-1,5.802246898400E-1,
-1.377704692692E-1));
#1130=CARTESIAN_POINT('',(2.421314937918E-1,5.780862738618E-1,
-1.115103497868E-1));
#1131=CARTESIAN_POINT('',(2.466841277296E-1,5.654685560403E-1,
-6.254806026686E-2));
#1132=CARTESIAN_POINT('',(2.506722300518E-1,5.386177329809E-1,
-1.965714849976E-2));
#1133=CARTESIAN_POINT('',(2.525E-1,5.21E-1,0.E0));
#1135=CARTESIAN_POINT('',(1.603102366163E-1,5.802246898400E-1,
-1.377704692692E-1));
#1136=CARTESIAN_POINT('',(1.578685062082E-1,5.780862738618E-1,
-1.115103497868E-1));
#1137=CARTESIAN_POINT('',(1.533158722704E-1,5.654685560403E-1,
-6.254806026686E-2));
#1138=CARTESIAN_POINT('',(1.493277699482E-1,5.386177329809E-1,
-1.965714849976E-2));
#1139=CARTESIAN_POINT('',(1.475E-1,5.21E-1,0.E0));
#1141=DIRECTION('',(-1.E0,0.E0,0.E0));
#1142=VECTOR('',#1141,7.937952676749E-2);
#1143=CARTESIAN_POINT('',(2.396897633837E-1,5.802246898400E-1,
-1.377704692692E-1));
#1144=LINE('',#1143,#1142);
#1145=CARTESIAN_POINT('',(-2.396369359691E-1,5.732477841852E-1,
-1.383386131628E-1));
#1146=CARTESIAN_POINT('',(-2.418700060206E-1,5.712921085450E-1,
-1.143225767594E-1));
#1147=CARTESIAN_POINT('',(-2.460632345755E-1,5.601539916484E-1,
-6.922559041465E-2));
#1148=CARTESIAN_POINT('',(-2.497827556639E-1,5.364719833219E-1,
-2.922319380388E-2));
#1149=CARTESIAN_POINT('',(-2.515053959254E-1,5.21E-1,-1.069668533051E-2));
#1151=CARTESIAN_POINT('',(-1.603630640309E-1,5.732477841852E-1,
-1.383386131628E-1));
#1152=CARTESIAN_POINT('',(-1.581299939794E-1,5.712921085450E-1,
-1.143225767594E-1));
#1153=CARTESIAN_POINT('',(-1.539367654245E-1,5.601539916484E-1,
-6.922559041465E-2));
#1154=CARTESIAN_POINT('',(-1.502172443361E-1,5.364719833219E-1,
-2.922319380388E-2));
#1155=CARTESIAN_POINT('',(-1.484946040746E-1,5.21E-1,-1.069668533051E-2));
#1157=CARTESIAN_POINT('',(2.396369359691E-1,5.732477841852E-1,
-1.383386131628E-1));
#1158=CARTESIAN_POINT('',(2.418700060206E-1,5.712921085450E-1,
-1.143225767594E-1));
#1159=CARTESIAN_POINT('',(2.460632345755E-1,5.601539916484E-1,
-6.922559041465E-2));
#1160=CARTESIAN_POINT('',(2.497827556639E-1,5.364719833219E-1,
-2.922319380388E-2));
#1161=CARTESIAN_POINT('',(2.515053959254E-1,5.21E-1,-1.069668533051E-2));
#1163=CARTESIAN_POINT('',(1.603630640309E-1,5.732477841852E-1,
-1.383386131628E-1));
#1164=CARTESIAN_POINT('',(1.581299939794E-1,5.712921085450E-1,
-1.143225767594E-1));
#1165=CARTESIAN_POINT('',(1.539367654245E-1,5.601539916484E-1,
-6.922559041465E-2));
#1166=CARTESIAN_POINT('',(1.502172443361E-1,5.364719833219E-1,
-2.922319380388E-2));
#1167=CARTESIAN_POINT('',(1.484946040746E-1,5.21E-1,-1.069668533051E-2));
#1169=DIRECTION('',(-9.228024888837E-2,-8.081709514274E-2,9.924479597429E-1));
#1170=VECTOR('',#1169,1.217724292866E-1);
#1171=CARTESIAN_POINT('',(-2.284525733014E-1,5.900659838434E-1,
-2.586232682676E-1));
#1172=LINE('',#1171,#1170);
#1173=DIRECTION('',(-1.E0,0.E0,0.E0));
#1174=VECTOR('',#1173,5.690514660287E-2);
#1175=CARTESIAN_POINT('',(-1.715474266986E-1,5.900659838434E-1,
-2.586232682676E-1));
#1176=LINE('',#1175,#1174);
#1177=DIRECTION('',(9.228024888837E-2,-8.081709514274E-2,9.924479597429E-1));
#1178=VECTOR('',#1177,1.217724292866E-1);
#1179=CARTESIAN_POINT('',(-1.715474266986E-1,5.900659838434E-1,
-2.586232682676E-1));
#1180=LINE('',#1179,#1178);
#1181=DIRECTION('',(9.228024888837E-2,-8.081709514274E-2,9.924479597429E-1));
#1182=VECTOR('',#1181,1.217724292866E-1);
#1183=CARTESIAN_POINT('',(2.284525733014E-1,5.900659838434E-1,
-2.586232682676E-1));
#1184=LINE('',#1183,#1182);
#1185=DIRECTION('',(-9.228024888837E-2,-8.081709514274E-2,9.924479597429E-1));
#1186=VECTOR('',#1185,1.217724292866E-1);
#1187=CARTESIAN_POINT('',(1.715474266986E-1,5.900659838434E-1,
-2.586232682676E-1));
#1188=LINE('',#1187,#1186);
#1189=DIRECTION('',(-1.E0,0.E0,0.E0));
#1190=VECTOR('',#1189,5.690514660287E-2);
#1191=CARTESIAN_POINT('',(2.284525733014E-1,5.900659838434E-1,
-2.586232682676E-1));
#1192=LINE('',#1191,#1190);
#1193=CARTESIAN_POINT('',(-2.284525733014E-1,5.900659838434E-1,
-2.586232682676E-1));
#1194=CARTESIAN_POINT('',(-2.282086285146E-1,5.902796255412E-1,
-2.612468254092E-1));
#1195=CARTESIAN_POINT('',(-2.279775083360E-1,5.909838336904E-1,
-2.637324575180E-1));
#1196=CARTESIAN_POINT('',(-2.277592457373E-1,5.921798695162E-1,
-2.660798099948E-1));
#1198=DIRECTION('',(-1.E0,0.E0,0.E0));
#1199=VECTOR('',#1198,5.551849147465E-2);
#1200=CARTESIAN_POINT('',(-1.722407542627E-1,5.921798695162E-1,
-2.660798099948E-1));
#1201=LINE('',#1200,#1199);
#1202=CARTESIAN_POINT('',(-1.715474266986E-1,5.900659838434E-1,
-2.586232682676E-1));
#1203=CARTESIAN_POINT('',(-1.717913714854E-1,5.902796255412E-1,
-2.612468254092E-1));
#1204=CARTESIAN_POINT('',(-1.720224916640E-1,5.909838336904E-1,
-2.637324575180E-1));
#1205=CARTESIAN_POINT('',(-1.722407542627E-1,5.921798695162E-1,
-2.660798099948E-1));
#1207=CARTESIAN_POINT('',(2.284525733014E-1,5.900659838434E-1,
-2.586232682676E-1));
#1208=CARTESIAN_POINT('',(2.282086285146E-1,5.902796255412E-1,
-2.612468254092E-1));
#1209=CARTESIAN_POINT('',(2.279775083360E-1,5.909838336904E-1,
-2.637324575180E-1));
#1210=CARTESIAN_POINT('',(2.277592457373E-1,5.921798695162E-1,
-2.660798099948E-1));
#1212=CARTESIAN_POINT('',(1.715474266986E-1,5.900659838434E-1,
-2.586232682676E-1));
#1213=CARTESIAN_POINT('',(1.717913714854E-1,5.902796255412E-1,
-2.612468254092E-1));
#1214=CARTESIAN_POINT('',(1.720224916640E-1,5.909838336904E-1,
-2.637324575180E-1));
#1215=CARTESIAN_POINT('',(1.722407542627E-1,5.921798695162E-1,
-2.660798099948E-1));
#1217=DIRECTION('',(-1.E0,0.E0,0.E0));
#1218=VECTOR('',#1217,5.551849147465E-2);
#1219=CARTESIAN_POINT('',(2.277592457373E-1,5.921798695162E-1,
-2.660798099948E-1));
#1220=LINE('',#1219,#1218);
#1221=DIRECTION('',(-8.256510497018E-2,-4.524404276758E-1,8.879643364718E-1));
#1222=VECTOR('',#1221,1.728433182671E-2);
#1223=CARTESIAN_POINT('',(-2.263321630657E-1,6.E-1,-2.814276802367E-1));
#1224=LINE('',#1223,#1222);
#1225=DIRECTION('',(-1.E0,0.E0,0.E0));
#1226=VECTOR('',#1225,5.266432613143E-2);
#1227=CARTESIAN_POINT('',(-1.736678369343E-1,6.E-1,-2.814276802367E-1));
#1228=LINE('',#1227,#1226);
#1229=DIRECTION('',(8.256510497018E-2,-4.524404276758E-1,8.879643364718E-1));
#1230=VECTOR('',#1229,1.728433182671E-2);
#1231=CARTESIAN_POINT('',(-1.736678369343E-1,6.E-1,-2.814276802367E-1));
#1232=LINE('',#1231,#1230);
#1233=DIRECTION('',(8.256510497018E-2,-4.524404276758E-1,8.879643364718E-1));
#1234=VECTOR('',#1233,1.728433182671E-2);
#1235=CARTESIAN_POINT('',(2.263321630657E-1,6.E-1,-2.814276802367E-1));
#1236=LINE('',#1235,#1234);
#1237=DIRECTION('',(-8.256510497019E-2,-4.524404276758E-1,8.879643364718E-1));
#1238=VECTOR('',#1237,1.728433182671E-2);
#1239=CARTESIAN_POINT('',(1.736678369343E-1,6.E-1,-2.814276802367E-1));
#1240=LINE('',#1239,#1238);
#1241=DIRECTION('',(-1.E0,0.E0,0.E0));
#1242=VECTOR('',#1241,5.266432613143E-2);
#1243=CARTESIAN_POINT('',(2.263321630657E-1,6.E-1,-2.814276802367E-1));
#1244=LINE('',#1243,#1242);
#1245=DIRECTION('',(-4.217559105453E-2,8.902137189681E-1,4.535865453033E-1));
#1246=VECTOR('',#1245,7.006234049671E-3);
#1247=CARTESIAN_POINT('',(-2.260366710036E-1,5.937629543307E-1,
-2.846056137348E-1));
#1248=LINE('',#1247,#1246);
#1249=DIRECTION('',(-1.E0,0.E0,0.E0));
#1250=VECTOR('',#1249,5.207334200721E-2);
#1251=CARTESIAN_POINT('',(-1.739633289964E-1,5.937629543307E-1,
-2.846056137348E-1));
#1252=LINE('',#1251,#1250);
#1253=DIRECTION('',(4.217559105452E-2,8.902137189681E-1,4.535865453033E-1));
#1254=VECTOR('',#1253,7.006234049671E-3);
#1255=CARTESIAN_POINT('',(-1.739633289964E-1,5.937629543307E-1,
-2.846056137348E-1));
#1256=LINE('',#1255,#1254);
#1257=DIRECTION('',(4.217559105453E-2,8.902137189681E-1,4.535865453033E-1));
#1258=VECTOR('',#1257,7.006234049671E-3);
#1259=CARTESIAN_POINT('',(2.260366710036E-1,5.937629543307E-1,
-2.846056137348E-1));
#1260=LINE('',#1259,#1258);
#1261=DIRECTION('',(-4.217559105452E-2,8.902137189681E-1,4.535865453033E-1));
#1262=VECTOR('',#1261,7.006234049671E-3);
#1263=CARTESIAN_POINT('',(1.739633289964E-1,5.937629543307E-1,
-2.846056137348E-1));
#1264=LINE('',#1263,#1262);
#1265=DIRECTION('',(-1.E0,0.E0,0.E0));
#1266=VECTOR('',#1265,5.207334200721E-2);
#1267=CARTESIAN_POINT('',(2.260366710036E-1,5.937629543307E-1,
-2.846056137348E-1));
#1268=LINE('',#1267,#1266);
#1269=DIRECTION('',(8.256510497018E-2,4.524404276758E-1,-8.879643364718E-1));
#1270=VECTOR('',#1269,1.728433182671E-2);
#1271=CARTESIAN_POINT('',(-2.274637536752E-1,5.859428238469E-1,
-2.692577434930E-1));
#1272=LINE('',#1271,#1270);
#1273=DIRECTION('',(-1.E0,0.E0,0.E0));
#1274=VECTOR('',#1273,5.492750735043E-2);
#1275=CARTESIAN_POINT('',(-1.725362463248E-1,5.859428238469E-1,
-2.692577434930E-1));
#1276=LINE('',#1275,#1274);
#1277=DIRECTION('',(-8.256510497019E-2,4.524404276758E-1,-8.879643364718E-1));
#1278=VECTOR('',#1277,1.728433182671E-2);
#1279=CARTESIAN_POINT('',(-1.725362463248E-1,5.859428238469E-1,
-2.692577434930E-1));
#1280=LINE('',#1279,#1278);
#1281=DIRECTION('',(-8.256510497018E-2,4.524404276758E-1,-8.879643364718E-1));
#1282=VECTOR('',#1281,1.728433182671E-2);
#1283=CARTESIAN_POINT('',(2.274637536752E-1,5.859428238469E-1,
-2.692577434930E-1));
#1284=LINE('',#1283,#1282);
#1285=DIRECTION('',(8.256510497018E-2,4.524404276758E-1,-8.879643364718E-1));
#1286=VECTOR('',#1285,1.728433182671E-2);
#1287=CARTESIAN_POINT('',(1.725362463248E-1,5.859428238469E-1,
-2.692577434930E-1));
#1288=LINE('',#1287,#1286);
#1289=DIRECTION('',(-1.E0,0.E0,0.E0));
#1290=VECTOR('',#1289,5.492750735043E-2);
#1291=CARTESIAN_POINT('',(2.274637536752E-1,5.859428238469E-1,
-2.692577434930E-1));
#1292=LINE('',#1291,#1290);
#1293=CARTESIAN_POINT('',(-2.283997458868E-1,5.830890781886E-1,
-2.591914121613E-1));
#1294=CARTESIAN_POINT('',(-2.280704204245E-1,5.833774944807E-1,
-2.627332143024E-1));
#1295=CARTESIAN_POINT('',(-2.277584081835E-1,5.843281754820E-1,
-2.660888176493E-1));
#1296=CARTESIAN_POINT('',(-2.274637536752E-1,5.859428238469E-1,
-2.692577434930E-1));
#1298=DIRECTION('',(-1.E0,0.E0,0.E0));
#1299=VECTOR('',#1298,5.679949177352E-2);
#1300=CARTESIAN_POINT('',(-1.716002541132E-1,5.830890781886E-1,
-2.591914121613E-1));
#1301=LINE('',#1300,#1299);
#1302=CARTESIAN_POINT('',(-1.716002541132E-1,5.830890781886E-1,
-2.591914121613E-1));
#1303=CARTESIAN_POINT('',(-1.719295795755E-1,5.833774944807E-1,
-2.627332143024E-1));
#1304=CARTESIAN_POINT('',(-1.722415918165E-1,5.843281754820E-1,
-2.660888176493E-1));
#1305=CARTESIAN_POINT('',(-1.725362463248E-1,5.859428238469E-1,
-2.692577434930E-1));
#1307=CARTESIAN_POINT('',(2.283997458868E-1,5.830890781886E-1,
-2.591914121613E-1));
#1308=CARTESIAN_POINT('',(2.280704204245E-1,5.833774944807E-1,
-2.627332143024E-1));
#1309=CARTESIAN_POINT('',(2.277584081835E-1,5.843281754820E-1,
-2.660888176493E-1));
#1310=CARTESIAN_POINT('',(2.274637536752E-1,5.859428238469E-1,
-2.692577434930E-1));
#1312=CARTESIAN_POINT('',(1.716002541132E-1,5.830890781886E-1,
-2.591914121613E-1));
#1313=CARTESIAN_POINT('',(1.719295795755E-1,5.833774944807E-1,
-2.627332143024E-1));
#1314=CARTESIAN_POINT('',(1.722415918165E-1,5.843281754820E-1,
-2.660888176493E-1));
#1315=CARTESIAN_POINT('',(1.725362463248E-1,5.859428238469E-1,
-2.692577434930E-1));
#1317=DIRECTION('',(-1.E0,0.E0,0.E0));
#1318=VECTOR('',#1317,5.679949177352E-2);
#1319=CARTESIAN_POINT('',(2.283997458868E-1,5.830890781886E-1,
-2.591914121613E-1));
#1320=LINE('',#1319,#1318);
#1321=DIRECTION('',(9.228024888837E-2,8.081709514274E-2,-9.924479597429E-1));
#1322=VECTOR('',#1321,1.217724292866E-1);
#1323=CARTESIAN_POINT('',(-2.396369359691E-1,5.732477841852E-1,
-1.383386131628E-1));
#1324=LINE('',#1323,#1322);
#1325=DIRECTION('',(-1.E0,0.E0,0.E0));
#1326=VECTOR('',#1325,7.927387193814E-2);
#1327=CARTESIAN_POINT('',(-1.603630640309E-1,5.732477841852E-1,
-1.383386131628E-1));
#1328=LINE('',#1327,#1326);
#1329=DIRECTION('',(-9.228024888837E-2,8.081709514274E-2,-9.924479597429E-1));
#1330=VECTOR('',#1329,1.217724292866E-1);
#1331=CARTESIAN_POINT('',(-1.603630640309E-1,5.732477841852E-1,
-1.383386131628E-1));
#1332=LINE('',#1331,#1330);
#1333=DIRECTION('',(-9.228024888837E-2,8.081709514274E-2,-9.924479597429E-1));
#1334=VECTOR('',#1333,1.217724292866E-1);
#1335=CARTESIAN_POINT('',(2.396369359691E-1,5.732477841852E-1,
-1.383386131628E-1));
#1336=LINE('',#1335,#1334);
#1337=DIRECTION('',(9.228024888837E-2,8.081709514274E-2,-9.924479597429E-1));
#1338=VECTOR('',#1337,1.217724292866E-1);
#1339=CARTESIAN_POINT('',(1.603630640309E-1,5.732477841852E-1,
-1.383386131628E-1));
#1340=LINE('',#1339,#1338);
#1341=DIRECTION('',(-1.E0,0.E0,0.E0));
#1342=VECTOR('',#1341,7.927387193814E-2);
#1343=CARTESIAN_POINT('',(2.396369359691E-1,5.732477841852E-1,
-1.383386131628E-1));
#1344=LINE('',#1343,#1342);
#1345=DIRECTION('',(8.081709514274E-2,-9.228024888837E-2,9.924479597429E-1));
#1346=VECTOR('',#1345,1.217724292866E-1);
#1347=CARTESIAN_POINT('',(-3.945659838434E-1,1.055474266986E-1,
-2.586232682676E-1));
#1348=LINE('',#1347,#1346);
#1349=DIRECTION('',(0.E0,-1.E0,0.E0));
#1350=VECTOR('',#1349,5.690514660287E-2);
#1351=CARTESIAN_POINT('',(-3.945659838434E-1,1.624525733014E-1,
-2.586232682676E-1));
#1352=LINE('',#1351,#1350);
#1353=DIRECTION('',(8.081709514274E-2,9.228024888837E-2,9.924479597429E-1));
#1354=VECTOR('',#1353,1.217724292866E-1);
#1355=CARTESIAN_POINT('',(-3.945659838434E-1,1.624525733014E-1,
-2.586232682676E-1));
#1356=LINE('',#1355,#1354);
#1357=DIRECTION('',(8.081709514274E-2,9.228024888837E-2,9.924479597429E-1));
#1358=VECTOR('',#1357,1.217724292866E-1);
#1359=CARTESIAN_POINT('',(-3.945659838434E-1,3.594525733014E-1,
-2.586232682676E-1));
#1360=LINE('',#1359,#1358);
#1361=DIRECTION('',(8.081709514274E-2,-9.228024888837E-2,9.924479597429E-1));
#1362=VECTOR('',#1361,1.217724292866E-1);
#1363=CARTESIAN_POINT('',(-3.945659838434E-1,3.025474266986E-1,
-2.586232682676E-1));
#1364=LINE('',#1363,#1362);
#1365=DIRECTION('',(0.E0,-1.E0,0.E0));
#1366=VECTOR('',#1365,5.690514660287E-2);
#1367=CARTESIAN_POINT('',(-3.945659838434E-1,3.594525733014E-1,
-2.586232682676E-1));
#1368=LINE('',#1367,#1366);
#1369=CARTESIAN_POINT('',(-3.945659838434E-1,1.055474266986E-1,
-2.586232682676E-1));
#1370=CARTESIAN_POINT('',(-3.947796255412E-1,1.057913714854E-1,
-2.612468254092E-1));
#1371=CARTESIAN_POINT('',(-3.954838336904E-1,1.060224916640E-1,
-2.637324575180E-1));
#1372=CARTESIAN_POINT('',(-3.966798695162E-1,1.062407542627E-1,
-2.660798099948E-1));
#1374=DIRECTION('',(0.E0,-1.E0,0.E0));
#1375=VECTOR('',#1374,5.551849147465E-2);
#1376=CARTESIAN_POINT('',(-3.966798695162E-1,1.617592457373E-1,
-2.660798099948E-1));
#1377=LINE('',#1376,#1375);
#1378=CARTESIAN_POINT('',(-3.945659838434E-1,1.624525733014E-1,
-2.586232682676E-1));
#1379=CARTESIAN_POINT('',(-3.947796255412E-1,1.622086285146E-1,
-2.612468254092E-1));
#1380=CARTESIAN_POINT('',(-3.954838336904E-1,1.619775083360E-1,
-2.637324575180E-1));
#1381=CARTESIAN_POINT('',(-3.966798695162E-1,1.617592457373E-1,
-2.660798099948E-1));
#1383=CARTESIAN_POINT('',(-3.945659838434E-1,3.594525733014E-1,
-2.586232682676E-1));
#1384=CARTESIAN_POINT('',(-3.947796255412E-1,3.592086285146E-1,
-2.612468254092E-1));
#1385=CARTESIAN_POINT('',(-3.954838336904E-1,3.589775083360E-1,
-2.637324575180E-1));
#1386=CARTESIAN_POINT('',(-3.966798695162E-1,3.587592457373E-1,
-2.660798099948E-1));
#1388=CARTESIAN_POINT('',(-3.945659838434E-1,3.025474266986E-1,
-2.586232682676E-1));
#1389=CARTESIAN_POINT('',(-3.947796255412E-1,3.027913714854E-1,
-2.612468254092E-1));
#1390=CARTESIAN_POINT('',(-3.954838336904E-1,3.030224916640E-1,
-2.637324575180E-1));
#1391=CARTESIAN_POINT('',(-3.966798695162E-1,3.032407542627E-1,
-2.660798099948E-1));
#1393=DIRECTION('',(0.E0,-1.E0,0.E0));
#1394=VECTOR('',#1393,5.551849147465E-2);
#1395=CARTESIAN_POINT('',(-3.966798695162E-1,3.587592457373E-1,
-2.660798099948E-1));
#1396=LINE('',#1395,#1394);
#1397=DIRECTION('',(4.524404276759E-1,-8.256510497018E-2,8.879643364717E-1));
#1398=VECTOR('',#1397,1.728433182670E-2);
#1399=CARTESIAN_POINT('',(-4.045E-1,1.076678369343E-1,-2.814276802366E-1));
#1400=LINE('',#1399,#1398);
#1401=DIRECTION('',(0.E0,-1.E0,0.E0));
#1402=VECTOR('',#1401,5.266432613143E-2);
#1403=CARTESIAN_POINT('',(-4.045E-1,1.603321630657E-1,-2.814276802366E-1));
#1404=LINE('',#1403,#1402);
#1405=DIRECTION('',(4.524404276759E-1,8.256510497018E-2,8.879643364717E-1));
#1406=VECTOR('',#1405,1.728433182670E-2);
#1407=CARTESIAN_POINT('',(-4.045E-1,1.603321630657E-1,-2.814276802366E-1));
#1408=LINE('',#1407,#1406);
#1409=DIRECTION('',(4.524404276759E-1,8.256510497018E-2,8.879643364717E-1));
#1410=VECTOR('',#1409,1.728433182670E-2);
#1411=CARTESIAN_POINT('',(-4.045E-1,3.573321630657E-1,-2.814276802366E-1));
#1412=LINE('',#1411,#1410);
#1413=DIRECTION('',(4.524404276759E-1,-8.256510497018E-2,8.879643364717E-1));
#1414=VECTOR('',#1413,1.728433182670E-2);
#1415=CARTESIAN_POINT('',(-4.045E-1,3.046678369343E-1,-2.814276802366E-1));
#1416=LINE('',#1415,#1414);
#1417=DIRECTION('',(0.E0,-1.E0,0.E0));
#1418=VECTOR('',#1417,5.266432613143E-2);
#1419=CARTESIAN_POINT('',(-4.045E-1,3.573321630657E-1,-2.814276802366E-1));
#1420=LINE('',#1419,#1418);
#1421=DIRECTION('',(-8.902137189678E-1,-4.217559105456E-2,4.535865453039E-1));
#1422=VECTOR('',#1421,7.006234049673E-3);
#1423=CARTESIAN_POINT('',(-3.982629543307E-1,1.079633289964E-1,
-2.846056137348E-1));
#1424=LINE('',#1423,#1422);
#1425=DIRECTION('',(0.E0,-1.E0,0.E0));
#1426=VECTOR('',#1425,5.207334200721E-2);
#1427=CARTESIAN_POINT('',(-3.982629543307E-1,1.600366710036E-1,
-2.846056137348E-1));
#1428=LINE('',#1427,#1426);
#1429=DIRECTION('',(-8.902137189678E-1,4.217559105456E-2,4.535865453039E-1));
#1430=VECTOR('',#1429,7.006234049673E-3);
#1431=CARTESIAN_POINT('',(-3.982629543307E-1,1.600366710036E-1,
-2.846056137348E-1));
#1432=LINE('',#1431,#1430);
#1433=DIRECTION('',(-8.902137189678E-1,4.217559105457E-2,4.535865453039E-1));
#1434=VECTOR('',#1433,7.006234049673E-3);
#1435=CARTESIAN_POINT('',(-3.982629543307E-1,3.570366710036E-1,
-2.846056137348E-1));
#1436=LINE('',#1435,#1434);
#1437=DIRECTION('',(-8.902137189678E-1,-4.217559105456E-2,4.535865453039E-1));
#1438=VECTOR('',#1437,7.006234049673E-3);
#1439=CARTESIAN_POINT('',(-3.982629543307E-1,3.049633289964E-1,
-2.846056137348E-1));
#1440=LINE('',#1439,#1438);
#1441=DIRECTION('',(0.E0,-1.E0,0.E0));
#1442=VECTOR('',#1441,5.207334200721E-2);
#1443=CARTESIAN_POINT('',(-3.982629543307E-1,3.570366710036E-1,
-2.846056137348E-1));
#1444=LINE('',#1443,#1442);
#1445=DIRECTION('',(-4.524404276758E-1,8.256510497018E-2,-8.879643364718E-1));
#1446=VECTOR('',#1445,1.728433182671E-2);
#1447=CARTESIAN_POINT('',(-3.904428238469E-1,1.065362463248E-1,
-2.692577434930E-1));
#1448=LINE('',#1447,#1446);
#1449=DIRECTION('',(0.E0,-1.E0,0.E0));
#1450=VECTOR('',#1449,5.492750735043E-2);
#1451=CARTESIAN_POINT('',(-3.904428238469E-1,1.614637536752E-1,
-2.692577434930E-1));
#1452=LINE('',#1451,#1450);
#1453=DIRECTION('',(-4.524404276758E-1,-8.256510497018E-2,-8.879643364718E-1));
#1454=VECTOR('',#1453,1.728433182671E-2);
#1455=CARTESIAN_POINT('',(-3.904428238469E-1,1.614637536752E-1,
-2.692577434930E-1));
#1456=LINE('',#1455,#1454);
#1457=DIRECTION('',(-4.524404276758E-1,-8.256510497019E-2,-8.879643364718E-1));
#1458=VECTOR('',#1457,1.728433182671E-2);
#1459=CARTESIAN_POINT('',(-3.904428238469E-1,3.584637536752E-1,
-2.692577434930E-1));
#1460=LINE('',#1459,#1458);
#1461=DIRECTION('',(-4.524404276758E-1,8.256510497019E-2,-8.879643364718E-1));
#1462=VECTOR('',#1461,1.728433182671E-2);
#1463=CARTESIAN_POINT('',(-3.904428238469E-1,3.035362463248E-1,
-2.692577434930E-1));
#1464=LINE('',#1463,#1462);
#1465=DIRECTION('',(0.E0,-1.E0,0.E0));
#1466=VECTOR('',#1465,5.492750735043E-2);
#1467=CARTESIAN_POINT('',(-3.904428238469E-1,3.584637536752E-1,
-2.692577434930E-1));
#1468=LINE('',#1467,#1466);
#1469=CARTESIAN_POINT('',(-3.875890781886E-1,1.056002541132E-1,
-2.591914121613E-1));
#1470=CARTESIAN_POINT('',(-3.878774944807E-1,1.059295795755E-1,
-2.627332143024E-1));
#1471=CARTESIAN_POINT('',(-3.888281754820E-1,1.062415918165E-1,
-2.660888176493E-1));
#1472=CARTESIAN_POINT('',(-3.904428238469E-1,1.065362463248E-1,
-2.692577434930E-1));
#1474=DIRECTION('',(0.E0,-1.E0,0.E0));
#1475=VECTOR('',#1474,5.679949177352E-2);
#1476=CARTESIAN_POINT('',(-3.875890781886E-1,1.623997458868E-1,
-2.591914121613E-1));
#1477=LINE('',#1476,#1475);
#1478=CARTESIAN_POINT('',(-3.875890781886E-1,1.623997458868E-1,
-2.591914121613E-1));
#1479=CARTESIAN_POINT('',(-3.878774944807E-1,1.620704204245E-1,
-2.627332143024E-1));
#1480=CARTESIAN_POINT('',(-3.888281754820E-1,1.617584081835E-1,
-2.660888176493E-1));
#1481=CARTESIAN_POINT('',(-3.904428238469E-1,1.614637536752E-1,
-2.692577434930E-1));
#1483=CARTESIAN_POINT('',(-3.875890781886E-1,3.593997458868E-1,
-2.591914121613E-1));
#1484=CARTESIAN_POINT('',(-3.878774944807E-1,3.590704204245E-1,
-2.627332143024E-1));
#1485=CARTESIAN_POINT('',(-3.888281754820E-1,3.587584081835E-1,
-2.660888176493E-1));
#1486=CARTESIAN_POINT('',(-3.904428238469E-1,3.584637536752E-1,
-2.692577434930E-1));
#1488=CARTESIAN_POINT('',(-3.875890781886E-1,3.026002541132E-1,
-2.591914121613E-1));
#1489=CARTESIAN_POINT('',(-3.878774944807E-1,3.029295795755E-1,
-2.627332143024E-1));
#1490=CARTESIAN_POINT('',(-3.888281754820E-1,3.032415918165E-1,
-2.660888176493E-1));
#1491=CARTESIAN_POINT('',(-3.904428238469E-1,3.035362463248E-1,
-2.692577434930E-1));
#1493=DIRECTION('',(0.E0,-1.E0,0.E0));
#1494=VECTOR('',#1493,5.679949177352E-2);
#1495=CARTESIAN_POINT('',(-3.875890781886E-1,3.593997458868E-1,
-2.591914121613E-1));
#1496=LINE('',#1495,#1494);
#1497=DIRECTION('',(-8.081709514274E-2,9.228024888837E-2,-9.924479597429E-1));
#1498=VECTOR('',#1497,1.217724292866E-1);
#1499=CARTESIAN_POINT('',(-3.777477841852E-1,9.436306403093E-2,
-1.383386131628E-1));
#1500=LINE('',#1499,#1498);
#1501=DIRECTION('',(0.E0,-1.E0,0.E0));
#1502=VECTOR('',#1501,7.927387193814E-2);
#1503=CARTESIAN_POINT('',(-3.777477841852E-1,1.736369359691E-1,
-1.383386131628E-1));
#1504=LINE('',#1503,#1502);
#1505=DIRECTION('',(-8.081709514274E-2,-9.228024888837E-2,-9.924479597429E-1));
#1506=VECTOR('',#1505,1.217724292866E-1);
#1507=CARTESIAN_POINT('',(-3.777477841852E-1,1.736369359691E-1,
-1.383386131628E-1));
#1508=LINE('',#1507,#1506);
#1509=DIRECTION('',(-8.081709514274E-2,-9.228024888837E-2,-9.924479597429E-1));
#1510=VECTOR('',#1509,1.217724292866E-1);
#1511=CARTESIAN_POINT('',(-3.777477841852E-1,3.706369359691E-1,
-1.383386131628E-1));
#1512=LINE('',#1511,#1510);
#1513=DIRECTION('',(-8.081709514274E-2,9.228024888837E-2,-9.924479597429E-1));
#1514=VECTOR('',#1513,1.217724292866E-1);
#1515=CARTESIAN_POINT('',(-3.777477841852E-1,2.913630640309E-1,
-1.383386131628E-1));
#1516=LINE('',#1515,#1514);
#1517=DIRECTION('',(0.E0,-1.E0,0.E0));
#1518=VECTOR('',#1517,7.927387193814E-2);
#1519=CARTESIAN_POINT('',(-3.777477841852E-1,3.706369359691E-1,
-1.383386131628E-1));
#1520=LINE('',#1519,#1518);
#1521=CARTESIAN_POINT('',(-3.777477841852E-1,9.436306403093E-2,
-1.383386131628E-1));
#1522=CARTESIAN_POINT('',(-3.757921085450E-1,9.212999397938E-2,
-1.143225767594E-1));
#1523=CARTESIAN_POINT('',(-3.646539916484E-1,8.793676542452E-2,
-6.922559041464E-2));
#1524=CARTESIAN_POINT('',(-3.409719833219E-1,8.421724433615E-2,
-2.922319380387E-2));
#1525=CARTESIAN_POINT('',(-3.255E-1,8.249460407459E-2,-1.069668533051E-2));
#1527=CARTESIAN_POINT('',(-3.777477841852E-1,1.736369359691E-1,
-1.383386131628E-1));
#1528=CARTESIAN_POINT('',(-3.757921085450E-1,1.758700060206E-1,
-1.143225767594E-1));
#1529=CARTESIAN_POINT('',(-3.646539916484E-1,1.800632345755E-1,
-6.922559041464E-2));
#1530=CARTESIAN_POINT('',(-3.409719833219E-1,1.837827556639E-1,
-2.922319380387E-2));
#1531=CARTESIAN_POINT('',(-3.255E-1,1.855053959254E-1,-1.069668533051E-2));
#1533=CARTESIAN_POINT('',(-3.777477841852E-1,3.706369359691E-1,
-1.383386131628E-1));
#1534=CARTESIAN_POINT('',(-3.757921085450E-1,3.728700060206E-1,
-1.143225767594E-1));
#1535=CARTESIAN_POINT('',(-3.646539916484E-1,3.770632345755E-1,
-6.922559041464E-2));
#1536=CARTESIAN_POINT('',(-3.409719833219E-1,3.807827556639E-1,
-2.922319380387E-2));
#1537=CARTESIAN_POINT('',(-3.255E-1,3.825053959254E-1,-1.069668533051E-2));
#1539=CARTESIAN_POINT('',(-3.777477841852E-1,2.913630640309E-1,
-1.383386131628E-1));
#1540=CARTESIAN_POINT('',(-3.757921085450E-1,2.891299939794E-1,
-1.143225767594E-1));
#1541=CARTESIAN_POINT('',(-3.646539916484E-1,2.849367654245E-1,
-6.922559041464E-2));
#1542=CARTESIAN_POINT('',(-3.409719833219E-1,2.812172443361E-1,
-2.922319380387E-2));
#1543=CARTESIAN_POINT('',(-3.255E-1,2.794946040746E-1,-1.069668533051E-2));
#1545=CARTESIAN_POINT('',(-3.255E-1,0.E0,-6.25E-1));
#1546=CARTESIAN_POINT('',(3.255E-1,0.E0,-6.25E-1));
#1547=VERTEX_POINT('',#1545);
#1548=VERTEX_POINT('',#1546);
#1549=CARTESIAN_POINT('',(3.255E-1,5.21E-1,-6.25E-1));
#1550=VERTEX_POINT('',#1549);
#1551=CARTESIAN_POINT('',(-3.255E-1,5.21E-1,-6.25E-1));
#1552=VERTEX_POINT('',#1551);
#1553=CARTESIAN_POINT('',(-2.35E-1,3.64E-1,-4.16E-1));
#1554=CARTESIAN_POINT('',(-2.35E-1,9.4E-2,-4.16E-1));
#1555=VERTEX_POINT('',#1553);
#1556=VERTEX_POINT('',#1554);
#1557=CARTESIAN_POINT('',(2.35E-1,9.4E-2,-4.16E-1));
#1558=VERTEX_POINT('',#1557);
#1559=CARTESIAN_POINT('',(2.35E-1,3.64E-1,-4.16E-1));
#1560=VERTEX_POINT('',#1559);
#1561=CARTESIAN_POINT('',(1.24E-1,3.64E-1,-4.16E-1));
#1562=VERTEX_POINT('',#1561);
#1563=CARTESIAN_POINT('',(1.24E-1,4.29E-1,-4.16E-1));
#1564=VERTEX_POINT('',#1563);
#1565=CARTESIAN_POINT('',(8.E-2,4.29E-1,-4.16E-1));
#1566=VERTEX_POINT('',#1565);
#1567=CARTESIAN_POINT('',(8.E-2,4.89E-1,-4.16E-1));
#1568=VERTEX_POINT('',#1567);
#1569=CARTESIAN_POINT('',(-8.E-2,4.89E-1,-4.16E-1));
#1570=VERTEX_POINT('',#1569);
#1571=CARTESIAN_POINT('',(-8.E-2,4.29E-1,-4.16E-1));
#1572=VERTEX_POINT('',#1571);
#1573=CARTESIAN_POINT('',(-1.24E-1,4.29E-1,-4.16E-1));
#1574=VERTEX_POINT('',#1573);
#1575=CARTESIAN_POINT('',(-1.24E-1,3.64E-1,-4.16E-1));
#1576=VERTEX_POINT('',#1575);
#1577=CARTESIAN_POINT('',(-2.35E-1,3.64E-1,0.E0));
#1578=CARTESIAN_POINT('',(-2.35E-1,9.4E-2,0.E0));
#1579=VERTEX_POINT('',#1577);
#1580=VERTEX_POINT('',#1578);
#1581=CARTESIAN_POINT('',(2.35E-1,9.4E-2,0.E0));
#1582=VERTEX_POINT('',#1581);
#1583=CARTESIAN_POINT('',(2.35E-1,3.64E-1,0.E0));
#1584=VERTEX_POINT('',#1583);
#1585=CARTESIAN_POINT('',(1.24E-1,3.64E-1,0.E0));
#1586=VERTEX_POINT('',#1585);
#1587=CARTESIAN_POINT('',(1.24E-1,4.29E-1,0.E0));
#1588=VERTEX_POINT('',#1587);
#1589=CARTESIAN_POINT('',(8.E-2,4.29E-1,0.E0));
#1590=VERTEX_POINT('',#1589);
#1591=CARTESIAN_POINT('',(8.E-2,4.89E-1,0.E0));
#1592=VERTEX_POINT('',#1591);
#1593=CARTESIAN_POINT('',(-8.E-2,4.89E-1,0.E0));
#1594=VERTEX_POINT('',#1593);
#1595=CARTESIAN_POINT('',(-8.E-2,4.29E-1,0.E0));
#1596=VERTEX_POINT('',#1595);
#1597=CARTESIAN_POINT('',(-1.24E-1,4.29E-1,0.E0));
#1598=VERTEX_POINT('',#1597);
#1599=CARTESIAN_POINT('',(-1.24E-1,3.64E-1,0.E0));
#1600=VERTEX_POINT('',#1599);
#1601=CARTESIAN_POINT('',(-1.9E-1,-1.23E-1,-2.13E-1));
#1602=CARTESIAN_POINT('',(-3.1E-1,-1.23E-1,-2.13E-1));
#1603=VERTEX_POINT('',#1601);
#1604=VERTEX_POINT('',#1602);
#1605=CARTESIAN_POINT('',(3.1E-1,-1.23E-1,-2.13E-1));
#1606=CARTESIAN_POINT('',(1.9E-1,-1.23E-1,-2.13E-1));
#1607=VERTEX_POINT('',#1605);
#1608=VERTEX_POINT('',#1606);
#1609=CARTESIAN_POINT('',(-1.9E-1,0.E0,-2.13E-1));
#1610=CARTESIAN_POINT('',(-3.1E-1,0.E0,-2.13E-1));
#1611=VERTEX_POINT('',#1609);
#1612=VERTEX_POINT('',#1610);
#1613=CARTESIAN_POINT('',(3.1E-1,0.E0,-2.13E-1));
#1614=CARTESIAN_POINT('',(1.9E-1,0.E0,-2.13E-1));
#1615=VERTEX_POINT('',#1613);
#1616=VERTEX_POINT('',#1614);
#1617=CARTESIAN_POINT('',(1.47E-1,-1.06E-1,-3.13E-1));
#1618=CARTESIAN_POINT('',(1.33E-1,-1.06E-1,-3.13E-1));
#1619=VERTEX_POINT('',#1617);
#1620=VERTEX_POINT('',#1618);
#1621=CARTESIAN_POINT('',(6.7E-2,-1.06E-1,-3.13E-1));
#1622=CARTESIAN_POINT('',(5.3E-2,-1.06E-1,-3.13E-1));
#1623=VERTEX_POINT('',#1621);
#1624=VERTEX_POINT('',#1622);
#1625=CARTESIAN_POINT('',(-1.3E-2,-1.06E-1,-3.13E-1));
#1626=CARTESIAN_POINT('',(-2.7E-2,-1.06E-1,-3.13E-1));
#1627=VERTEX_POINT('',#1625);
#1628=VERTEX_POINT('',#1626);
#1629=CARTESIAN_POINT('',(-9.3E-2,-1.06E-1,-3.13E-1));
#1630=CARTESIAN_POINT('',(-1.07E-1,-1.06E-1,-3.13E-1));
#1631=VERTEX_POINT('',#1629);
#1632=VERTEX_POINT('',#1630);
#1633=CARTESIAN_POINT('',(-1.33E-1,-1.06E-1,-3.83E-1));
#1634=CARTESIAN_POINT('',(-1.47E-1,-1.06E-1,-3.83E-1));
#1635=VERTEX_POINT('',#1633);
#1636=VERTEX_POINT('',#1634);
#1637=CARTESIAN_POINT('',(-5.3E-2,-1.06E-1,-3.83E-1));
#1638=CARTESIAN_POINT('',(-6.7E-2,-1.06E-1,-3.83E-1));
#1639=VERTEX_POINT('',#1637);
#1640=VERTEX_POINT('',#1638);
#1641=CARTESIAN_POINT('',(2.7E-2,-1.06E-1,-3.83E-1));
#1642=CARTESIAN_POINT('',(1.3E-2,-1.06E-1,-3.83E-1));
#1643=VERTEX_POINT('',#1641);
#1644=VERTEX_POINT('',#1642);
#1645=CARTESIAN_POINT('',(1.07E-1,-1.06E-1,-3.83E-1));
#1646=CARTESIAN_POINT('',(9.3E-2,-1.06E-1,-3.83E-1));
#1647=VERTEX_POINT('',#1645);
#1648=VERTEX_POINT('',#1646);
#1649=CARTESIAN_POINT('',(-1.73E-1,-1.06E-1,-5.73E-1));
#1650=CARTESIAN_POINT('',(-1.87E-1,-1.06E-1,-5.73E-1));
#1651=VERTEX_POINT('',#1649);
#1652=VERTEX_POINT('',#1650);
#1653=CARTESIAN_POINT('',(-2.63E-1,-1.06E-1,-5.73E-1));
#1654=CARTESIAN_POINT('',(-2.77E-1,-1.06E-1,-5.73E-1));
#1655=VERTEX_POINT('',#1653);
#1656=VERTEX_POINT('',#1654);
#1657=CARTESIAN_POINT('',(2.77E-1,-1.06E-1,-5.73E-1));
#1658=CARTESIAN_POINT('',(2.63E-1,-1.06E-1,-5.73E-1));
#1659=VERTEX_POINT('',#1657);
#1660=VERTEX_POINT('',#1658);
#1661=CARTESIAN_POINT('',(1.87E-1,-1.06E-1,-5.73E-1));
#1662=CARTESIAN_POINT('',(1.73E-1,-1.06E-1,-5.73E-1));
#1663=VERTEX_POINT('',#1661);
#1664=VERTEX_POINT('',#1662);
#1665=CARTESIAN_POINT('',(1.47E-1,0.E0,-3.13E-1));
#1666=CARTESIAN_POINT('',(1.33E-1,0.E0,-3.13E-1));
#1667=VERTEX_POINT('',#1665);
#1668=VERTEX_POINT('',#1666);
#1669=CARTESIAN_POINT('',(6.7E-2,0.E0,-3.13E-1));
#1670=CARTESIAN_POINT('',(5.3E-2,0.E0,-3.13E-1));
#1671=VERTEX_POINT('',#1669);
#1672=VERTEX_POINT('',#1670);
#1673=CARTESIAN_POINT('',(-1.3E-2,0.E0,-3.13E-1));
#1674=CARTESIAN_POINT('',(-2.7E-2,0.E0,-3.13E-1));
#1675=VERTEX_POINT('',#1673);
#1676=VERTEX_POINT('',#1674);
#1677=CARTESIAN_POINT('',(-9.3E-2,0.E0,-3.13E-1));
#1678=CARTESIAN_POINT('',(-1.07E-1,0.E0,-3.13E-1));
#1679=VERTEX_POINT('',#1677);
#1680=VERTEX_POINT('',#1678);
#1681=CARTESIAN_POINT('',(-1.33E-1,0.E0,-3.83E-1));
#1682=CARTESIAN_POINT('',(-1.47E-1,0.E0,-3.83E-1));
#1683=VERTEX_POINT('',#1681);
#1684=VERTEX_POINT('',#1682);
#1685=CARTESIAN_POINT('',(-5.3E-2,0.E0,-3.83E-1));
#1686=CARTESIAN_POINT('',(-6.7E-2,0.E0,-3.83E-1));
#1687=VERTEX_POINT('',#1685);
#1688=VERTEX_POINT('',#1686);
#1689=CARTESIAN_POINT('',(2.7E-2,0.E0,-3.83E-1));
#1690=CARTESIAN_POINT('',(1.3E-2,0.E0,-3.83E-1));
#1691=VERTEX_POINT('',#1689);
#1692=VERTEX_POINT('',#1690);
#1693=CARTESIAN_POINT('',(1.07E-1,0.E0,-3.83E-1));
#1694=CARTESIAN_POINT('',(9.3E-2,0.E0,-3.83E-1));
#1695=VERTEX_POINT('',#1693);
#1696=VERTEX_POINT('',#1694);
#1697=CARTESIAN_POINT('',(-1.73E-1,0.E0,-5.73E-1));
#1698=CARTESIAN_POINT('',(-1.87E-1,0.E0,-5.73E-1));
#1699=VERTEX_POINT('',#1697);
#1700=VERTEX_POINT('',#1698);
#1701=CARTESIAN_POINT('',(-2.63E-1,0.E0,-5.73E-1));
#1702=CARTESIAN_POINT('',(-2.77E-1,0.E0,-5.73E-1));
#1703=VERTEX_POINT('',#1701);
#1704=VERTEX_POINT('',#1702);
#1705=CARTESIAN_POINT('',(2.77E-1,0.E0,-5.73E-1));
#1706=CARTESIAN_POINT('',(2.63E-1,0.E0,-5.73E-1));
#1707=VERTEX_POINT('',#1705);
#1708=VERTEX_POINT('',#1706);
#1709=CARTESIAN_POINT('',(1.87E-1,0.E0,-5.73E-1));
#1710=CARTESIAN_POINT('',(1.73E-1,0.E0,-5.73E-1));
#1711=VERTEX_POINT('',#1709);
#1712=VERTEX_POINT('',#1710);
#1713=CARTESIAN_POINT('',(-3.255E-1,0.E0,-3.7E-1));
#1714=CARTESIAN_POINT('',(-3.185E-1,0.E0,-3.7E-1));
#1715=VERTEX_POINT('',#1713);
#1716=VERTEX_POINT('',#1714);
#1717=CARTESIAN_POINT('',(-3.185E-1,0.E0,-3.3E-1));
#1718=VERTEX_POINT('',#1717);
#1719=CARTESIAN_POINT('',(-3.255E-1,0.E0,-3.3E-1));
#1720=VERTEX_POINT('',#1719);
#1721=CARTESIAN_POINT('',(3.185E-1,0.E0,-3.3E-1));
#1722=CARTESIAN_POINT('',(3.185E-1,0.E0,-3.7E-1));
#1723=VERTEX_POINT('',#1721);
#1724=VERTEX_POINT('',#1722);
#1725=CARTESIAN_POINT('',(3.255E-1,0.E0,-3.7E-1));
#1726=VERTEX_POINT('',#1725);
#1727=CARTESIAN_POINT('',(3.255E-1,0.E0,-3.3E-1));
#1728=VERTEX_POINT('',#1727);
#1729=CARTESIAN_POINT('',(3.255E-1,-1.53E-1,-3.6E-1));
#1730=CARTESIAN_POINT('',(3.255E-1,-1.156794919243E-1,-3.7E-1));
#1731=VERTEX_POINT('',#1729);
#1732=VERTEX_POINT('',#1730);
#1733=CARTESIAN_POINT('',(3.185E-1,-1.156794919243E-1,-3.7E-1));
#1734=VERTEX_POINT('',#1733);
#1735=CARTESIAN_POINT('',(3.185E-1,-1.53E-1,-3.6E-1));
#1736=VERTEX_POINT('',#1735);
#1737=CARTESIAN_POINT('',(3.185E-1,-1.53E-1,-3.4E-1));
#1738=CARTESIAN_POINT('',(3.185E-1,-1.156794919243E-1,-3.3E-1));
#1739=VERTEX_POINT('',#1737);
#1740=VERTEX_POINT('',#1738);
#1741=CARTESIAN_POINT('',(3.255E-1,-1.156794919243E-1,-3.3E-1));
#1742=VERTEX_POINT('',#1741);
#1743=CARTESIAN_POINT('',(3.255E-1,-1.53E-1,-3.4E-1));
#1744=VERTEX_POINT('',#1743);
#1745=CARTESIAN_POINT('',(-3.185E-1,-1.53E-1,-3.6E-1));
#1746=CARTESIAN_POINT('',(-3.185E-1,-1.156794919243E-1,-3.7E-1));
#1747=VERTEX_POINT('',#1745);
#1748=VERTEX_POINT('',#1746);
#1749=CARTESIAN_POINT('',(-3.255E-1,-1.156794919243E-1,-3.7E-1));
#1750=VERTEX_POINT('',#1749);
#1751=CARTESIAN_POINT('',(-3.255E-1,-1.53E-1,-3.6E-1));
#1752=VERTEX_POINT('',#1751);
#1753=CARTESIAN_POINT('',(-3.255E-1,-1.53E-1,-3.4E-1));
#1754=CARTESIAN_POINT('',(-3.255E-1,-1.156794919243E-1,-3.3E-1));
#1755=VERTEX_POINT('',#1753);
#1756=VERTEX_POINT('',#1754);
#1757=CARTESIAN_POINT('',(-3.185E-1,-1.156794919243E-1,-3.3E-1));
#1758=VERTEX_POINT('',#1757);
#1759=CARTESIAN_POINT('',(-3.185E-1,-1.53E-1,-3.4E-1));
#1760=VERTEX_POINT('',#1759);
#1761=CARTESIAN_POINT('',(-1.475E-1,5.21E-1,0.E0));
#1762=CARTESIAN_POINT('',(1.475E-1,5.21E-1,0.E0));
#1763=VERTEX_POINT('',#1761);
#1764=VERTEX_POINT('',#1762);
#1765=VERTEX_POINT('',#1113);
#1766=VERTEX_POINT('',#1117);
#1767=VERTEX_POINT('',#1123);
#1768=VERTEX_POINT('',#1129);
#1769=VERTEX_POINT('',#1133);
#1770=VERTEX_POINT('',#1135);
#1771=VERTEX_POINT('',#1145);
#1772=VERTEX_POINT('',#1149);
#1773=VERTEX_POINT('',#1151);
#1774=VERTEX_POINT('',#1155);
#1775=VERTEX_POINT('',#1157);
#1776=VERTEX_POINT('',#1161);
#1777=VERTEX_POINT('',#1163);
#1778=VERTEX_POINT('',#1167);
#1779=CARTESIAN_POINT('',(-2.283997458868E-1,5.830890781886E-1,
-2.591914121613E-1));
#1780=VERTEX_POINT('',#1779);
#1781=CARTESIAN_POINT('',(-1.716002541132E-1,5.830890781886E-1,
-2.591914121613E-1));
#1782=VERTEX_POINT('',#1781);
#1783=CARTESIAN_POINT('',(2.283997458868E-1,5.830890781886E-1,
-2.591914121613E-1));
#1784=VERTEX_POINT('',#1783);
#1785=CARTESIAN_POINT('',(1.716002541132E-1,5.830890781886E-1,
-2.591914121613E-1));
#1786=VERTEX_POINT('',#1785);
#1787=VERTEX_POINT('',#1296);
#1788=VERTEX_POINT('',#1305);
#1789=VERTEX_POINT('',#1310);
#1790=VERTEX_POINT('',#1315);
#1791=CARTESIAN_POINT('',(-2.260366710036E-1,5.937629543307E-1,
-2.846056137348E-1));
#1792=VERTEX_POINT('',#1791);
#1793=CARTESIAN_POINT('',(-1.739633289964E-1,5.937629543307E-1,
-2.846056137348E-1));
#1794=VERTEX_POINT('',#1793);
#1795=CARTESIAN_POINT('',(2.260366710036E-1,5.937629543307E-1,
-2.846056137348E-1));
#1796=VERTEX_POINT('',#1795);
#1797=CARTESIAN_POINT('',(1.739633289964E-1,5.937629543307E-1,
-2.846056137348E-1));
#1798=VERTEX_POINT('',#1797);
#1799=CARTESIAN_POINT('',(-2.263321630657E-1,6.E-1,-2.814276802367E-1));
#1800=VERTEX_POINT('',#1799);
#1801=CARTESIAN_POINT('',(-1.736678369343E-1,6.E-1,-2.814276802367E-1));
#1802=VERTEX_POINT('',#1801);
#1803=CARTESIAN_POINT('',(2.263321630657E-1,6.E-1,-2.814276802367E-1));
#1804=VERTEX_POINT('',#1803);
#1805=CARTESIAN_POINT('',(1.736678369343E-1,6.E-1,-2.814276802367E-1));
#1806=VERTEX_POINT('',#1805);
#1807=CARTESIAN_POINT('',(-2.277592457373E-1,5.921798695162E-1,
-2.660798099948E-1));
#1808=VERTEX_POINT('',#1807);
#1809=CARTESIAN_POINT('',(-1.722407542627E-1,5.921798695162E-1,
-2.660798099948E-1));
#1810=VERTEX_POINT('',#1809);
#1811=CARTESIAN_POINT('',(2.277592457373E-1,5.921798695162E-1,
-2.660798099948E-1));
#1812=VERTEX_POINT('',#1811);
#1813=CARTESIAN_POINT('',(1.722407542627E-1,5.921798695162E-1,
-2.660798099948E-1));
#1814=VERTEX_POINT('',#1813);
#1815=VERTEX_POINT('',#1193);
#1816=VERTEX_POINT('',#1202);
#1817=VERTEX_POINT('',#1207);
#1818=VERTEX_POINT('',#1212);
#1819=CARTESIAN_POINT('',(3.255E-1,0.E0,0.E0));
#1820=CARTESIAN_POINT('',(3.255E-1,8.15E-2,0.E0));
#1821=VERTEX_POINT('',#1819);
#1822=VERTEX_POINT('',#1820);
#1823=CARTESIAN_POINT('',(3.255E-1,1.865E-1,0.E0));
#1824=CARTESIAN_POINT('',(3.255E-1,2.785E-1,0.E0));
#1825=VERTEX_POINT('',#1823);
#1826=VERTEX_POINT('',#1824);
#1827=CARTESIAN_POINT('',(3.255E-1,3.835E-1,0.E0));
#1828=CARTESIAN_POINT('',(3.255E-1,5.21E-1,0.E0));
#1829=VERTEX_POINT('',#1827);
#1830=VERTEX_POINT('',#1828);
#1831=VERTEX_POINT('',#817);
#1832=VERTEX_POINT('',#827);
#1833=VERTEX_POINT('',#833);
#1834=VERTEX_POINT('',#843);
#1835=VERTEX_POINT('',#793);
#1836=VERTEX_POINT('',#797);
#1837=VERTEX_POINT('',#799);
#1838=VERTEX_POINT('',#803);
#1839=VERTEX_POINT('',#805);
#1840=VERTEX_POINT('',#809);
#1841=VERTEX_POINT('',#811);
#1842=VERTEX_POINT('',#815);
#1843=CARTESIAN_POINT('',(3.875890781886E-1,1.623997458868E-1,
-2.591914121613E-1));
#1844=VERTEX_POINT('',#1843);
#1845=CARTESIAN_POINT('',(3.875890781886E-1,1.056002541132E-1,
-2.591914121613E-1));
#1846=VERTEX_POINT('',#1845);
#1847=CARTESIAN_POINT('',(3.875890781886E-1,3.593997458868E-1,
-2.591914121613E-1));
#1848=VERTEX_POINT('',#1847);
#1849=CARTESIAN_POINT('',(3.875890781886E-1,3.026002541132E-1,
-2.591914121613E-1));
#1850=VERTEX_POINT('',#1849);
#1851=VERTEX_POINT('',#976);
#1852=VERTEX_POINT('',#985);
#1853=VERTEX_POINT('',#990);
#1854=VERTEX_POINT('',#999);
#1855=CARTESIAN_POINT('',(3.982629543307E-1,1.600366710036E-1,
-2.846056137348E-1));
#1856=VERTEX_POINT('',#1855);
#1857=CARTESIAN_POINT('',(3.982629543307E-1,1.079633289964E-1,
-2.846056137348E-1));
#1858=VERTEX_POINT('',#1857);
#1859=CARTESIAN_POINT('',(3.982629543307E-1,3.570366710036E-1,
-2.846056137348E-1));
#1860=VERTEX_POINT('',#1859);
#1861=CARTESIAN_POINT('',(3.982629543307E-1,3.049633289964E-1,
-2.846056137348E-1));
#1862=VERTEX_POINT('',#1861);
#1863=CARTESIAN_POINT('',(4.045E-1,1.603321630657E-1,-2.814276802366E-1));
#1864=VERTEX_POINT('',#1863);
#1865=CARTESIAN_POINT('',(4.045E-1,1.076678369343E-1,-2.814276802366E-1));
#1866=VERTEX_POINT('',#1865);
#1867=CARTESIAN_POINT('',(4.045E-1,3.573321630657E-1,-2.814276802366E-1));
#1868=VERTEX_POINT('',#1867);
#1869=CARTESIAN_POINT('',(4.045E-1,3.046678369343E-1,-2.814276802366E-1));
#1870=VERTEX_POINT('',#1869);
#1871=CARTESIAN_POINT('',(3.966798695162E-1,1.617592457373E-1,
-2.660798099948E-1));
#1872=VERTEX_POINT('',#1871);
#1873=CARTESIAN_POINT('',(3.966798695162E-1,1.062407542627E-1,
-2.660798099948E-1));
#1874=VERTEX_POINT('',#1873);
#1875=CARTESIAN_POINT('',(3.966798695162E-1,3.587592457373E-1,
-2.660798099948E-1));
#1876=VERTEX_POINT('',#1875);
#1877=CARTESIAN_POINT('',(3.966798695162E-1,3.032407542627E-1,
-2.660798099948E-1));
#1878=VERTEX_POINT('',#1877);
#1879=VERTEX_POINT('',#873);
#1880=VERTEX_POINT('',#882);
#1881=VERTEX_POINT('',#887);
#1882=VERTEX_POINT('',#896);
#1883=CARTESIAN_POINT('',(-3.255E-1,0.E0,0.E0));
#1884=CARTESIAN_POINT('',(-3.255E-1,8.15E-2,0.E0));
#1885=VERTEX_POINT('',#1883);
#1886=VERTEX_POINT('',#1884);
#1887=CARTESIAN_POINT('',(-3.255E-1,1.865E-1,0.E0));
#1888=CARTESIAN_POINT('',(-3.255E-1,2.785E-1,0.E0));
#1889=VERTEX_POINT('',#1887);
#1890=VERTEX_POINT('',#1888);
#1891=CARTESIAN_POINT('',(-3.255E-1,3.835E-1,0.E0));
#1892=CARTESIAN_POINT('',(-3.255E-1,5.21E-1,0.E0));
#1893=VERTEX_POINT('',#1891);
#1894=VERTEX_POINT('',#1892);
#1895=VERTEX_POINT('',#209);
#1896=VERTEX_POINT('',#219);
#1897=VERTEX_POINT('',#225);
#1898=VERTEX_POINT('',#231);
#1899=VERTEX_POINT('',#1521);
#1900=VERTEX_POINT('',#1525);
#1901=VERTEX_POINT('',#1527);
#1902=VERTEX_POINT('',#1531);
#1903=VERTEX_POINT('',#1533);
#1904=VERTEX_POINT('',#1537);
#1905=VERTEX_POINT('',#1539);
#1906=VERTEX_POINT('',#1543);
#1907=CARTESIAN_POINT('',(-3.875890781886E-1,1.056002541132E-1,
-2.591914121613E-1));
#1908=VERTEX_POINT('',#1907);
#1909=CARTESIAN_POINT('',(-3.875890781886E-1,1.623997458868E-1,
-2.591914121613E-1));
#1910=VERTEX_POINT('',#1909);
#1911=CARTESIAN_POINT('',(-3.875890781886E-1,3.593997458868E-1,
-2.591914121613E-1));
#1912=VERTEX_POINT('',#1911);
#1913=CARTESIAN_POINT('',(-3.875890781886E-1,3.026002541132E-1,
-2.591914121613E-1));
#1914=VERTEX_POINT('',#1913);
#1915=VERTEX_POINT('',#1472);
#1916=VERTEX_POINT('',#1481);
#1917=VERTEX_POINT('',#1486);
#1918=VERTEX_POINT('',#1491);
#1919=CARTESIAN_POINT('',(-3.982629543307E-1,1.079633289964E-1,
-2.846056137348E-1));
#1920=VERTEX_POINT('',#1919);
#1921=CARTESIAN_POINT('',(-3.982629543307E-1,1.600366710036E-1,
-2.846056137348E-1));
#1922=VERTEX_POINT('',#1921);
#1923=CARTESIAN_POINT('',(-3.982629543307E-1,3.570366710036E-1,
-2.846056137348E-1));
#1924=VERTEX_POINT('',#1923);
#1925=CARTESIAN_POINT('',(-3.982629543307E-1,3.049633289964E-1,
-2.846056137348E-1));
#1926=VERTEX_POINT('',#1925);
#1927=CARTESIAN_POINT('',(-4.045E-1,1.076678369343E-1,-2.814276802366E-1));
#1928=VERTEX_POINT('',#1927);
#1929=CARTESIAN_POINT('',(-4.045E-1,1.603321630657E-1,-2.814276802366E-1));
#1930=VERTEX_POINT('',#1929);
#1931=CARTESIAN_POINT('',(-4.045E-1,3.573321630657E-1,-2.814276802366E-1));
#1932=VERTEX_POINT('',#1931);
#1933=CARTESIAN_POINT('',(-4.045E-1,3.046678369343E-1,-2.814276802366E-1));
#1934=VERTEX_POINT('',#1933);
#1935=CARTESIAN_POINT('',(-3.966798695162E-1,1.062407542627E-1,
-2.660798099948E-1));
#1936=VERTEX_POINT('',#1935);
#1937=CARTESIAN_POINT('',(-3.966798695162E-1,1.617592457373E-1,
-2.660798099948E-1));
#1938=VERTEX_POINT('',#1937);
#1939=CARTESIAN_POINT('',(-3.966798695162E-1,3.587592457373E-1,
-2.660798099948E-1));
#1940=VERTEX_POINT('',#1939);
#1941=CARTESIAN_POINT('',(-3.966798695162E-1,3.032407542627E-1,
-2.660798099948E-1));
#1942=VERTEX_POINT('',#1941);
#1943=VERTEX_POINT('',#1369);
#1944=VERTEX_POINT('',#1378);
#1945=VERTEX_POINT('',#1383);
#1946=VERTEX_POINT('',#1388);
#1947=CARTESIAN_POINT('',(0.E0,0.E0,0.E0));
#1948=DIRECTION('',(0.E0,0.E0,1.E0));
#1949=DIRECTION('',(1.E0,0.E0,0.E0));
#1950=AXIS2_PLACEMENT_3D('',#1947,#1948,#1949);
#1951=PLANE('',#1950);
#1953=ORIENTED_EDGE('',*,*,#1952,.T.);
#1955=ORIENTED_EDGE('',*,*,#1954,.T.);
#1957=ORIENTED_EDGE('',*,*,#1956,.T.);
#1959=ORIENTED_EDGE('',*,*,#1958,.T.);
#1961=ORIENTED_EDGE('',*,*,#1960,.T.);
#1963=ORIENTED_EDGE('',*,*,#1962,.T.);
#1965=ORIENTED_EDGE('',*,*,#1964,.T.);
#1967=ORIENTED_EDGE('',*,*,#1966,.T.);
#1969=ORIENTED_EDGE('',*,*,#1968,.T.);
#1971=ORIENTED_EDGE('',*,*,#1970,.F.);
#1973=ORIENTED_EDGE('',*,*,#1972,.T.);
#1975=ORIENTED_EDGE('',*,*,#1974,.F.);
#1977=ORIENTED_EDGE('',*,*,#1976,.T.);
#1979=ORIENTED_EDGE('',*,*,#1978,.F.);
#1981=ORIENTED_EDGE('',*,*,#1980,.F.);
#1983=ORIENTED_EDGE('',*,*,#1982,.T.);
#1984=EDGE_LOOP('',(#1953,#1955,#1957,#1959,#1961,#1963,#1965,#1967,#1969,#1971,
#1973,#1975,#1977,#1979,#1981,#1983));
#1985=FACE_OUTER_BOUND('',#1984,.F.);
#1987=ORIENTED_EDGE('',*,*,#1986,.T.);
#1989=ORIENTED_EDGE('',*,*,#1988,.T.);
#1991=ORIENTED_EDGE('',*,*,#1990,.T.);
#1993=ORIENTED_EDGE('',*,*,#1992,.T.);
#1995=ORIENTED_EDGE('',*,*,#1994,.T.);
#1997=ORIENTED_EDGE('',*,*,#1996,.T.);
#1999=ORIENTED_EDGE('',*,*,#1998,.T.);
#2001=ORIENTED_EDGE('',*,*,#2000,.T.);
#2003=ORIENTED_EDGE('',*,*,#2002,.T.);
#2005=ORIENTED_EDGE('',*,*,#2004,.T.);
#2007=ORIENTED_EDGE('',*,*,#2006,.T.);
#2009=ORIENTED_EDGE('',*,*,#2008,.T.);
#2010=EDGE_LOOP('',(#1987,#1989,#1991,#1993,#1995,#1997,#1999,#2001,#2003,#2005,
#2007,#2009));
#2011=FACE_BOUND('',#2010,.F.);
#2012=ADVANCED_FACE('',(#1985,#2011),#1951,.T.);
#2013=CARTESIAN_POINT('',(-2.35E-1,3.64E-1,0.E0));
#2014=DIRECTION('',(-1.E0,0.E0,0.E0));
#2015=DIRECTION('',(0.E0,-1.E0,0.E0));
#2016=AXIS2_PLACEMENT_3D('',#2013,#2014,#2015);
#2017=PLANE('',#2016);
#2018=ORIENTED_EDGE('',*,*,#1986,.F.);
#2020=ORIENTED_EDGE('',*,*,#2019,.T.);
#2022=ORIENTED_EDGE('',*,*,#2021,.T.);
#2024=ORIENTED_EDGE('',*,*,#2023,.F.);
#2025=EDGE_LOOP('',(#2018,#2020,#2022,#2024));
#2026=FACE_OUTER_BOUND('',#2025,.F.);
#2027=ADVANCED_FACE('',(#2026),#2017,.F.);
#2028=CARTESIAN_POINT('',(-1.24E-1,3.64E-1,0.E0));
#2029=DIRECTION('',(0.E0,1.E0,0.E0));
#2030=DIRECTION('',(-1.E0,0.E0,0.E0));
#2031=AXIS2_PLACEMENT_3D('',#2028,#2029,#2030);
#2032=PLANE('',#2031);
#2033=ORIENTED_EDGE('',*,*,#2008,.F.);
#2035=ORIENTED_EDGE('',*,*,#2034,.T.);
#2037=ORIENTED_EDGE('',*,*,#2036,.T.);
#2038=ORIENTED_EDGE('',*,*,#2019,.F.);
#2039=EDGE_LOOP('',(#2033,#2035,#2037,#2038));
#2040=FACE_OUTER_BOUND('',#2039,.F.);
#2041=ADVANCED_FACE('',(#2040),#2032,.F.);
#2042=CARTESIAN_POINT('',(-1.24E-1,4.29E-1,0.E0));
#2043=DIRECTION('',(-1.E0,0.E0,0.E0));
#2044=DIRECTION('',(0.E0,-1.E0,0.E0));
#2045=AXIS2_PLACEMENT_3D('',#2042,#2043,#2044);
#2046=PLANE('',#2045);
#2047=ORIENTED_EDGE('',*,*,#2006,.F.);
#2049=ORIENTED_EDGE('',*,*,#2048,.T.);
#2051=ORIENTED_EDGE('',*,*,#2050,.T.);
#2052=ORIENTED_EDGE('',*,*,#2034,.F.);
#2053=EDGE_LOOP('',(#2047,#2049,#2051,#2052));
#2054=FACE_OUTER_BOUND('',#2053,.F.);
#2055=ADVANCED_FACE('',(#2054),#2046,.F.);
#2056=CARTESIAN_POINT('',(-8.E-2,4.29E-1,0.E0));
#2057=DIRECTION('',(0.E0,1.E0,0.E0));
#2058=DIRECTION('',(-1.E0,0.E0,0.E0));
#2059=AXIS2_PLACEMENT_3D('',#2056,#2057,#2058);
#2060=PLANE('',#2059);
#2061=ORIENTED_EDGE('',*,*,#2004,.F.);
#2063=ORIENTED_EDGE('',*,*,#2062,.T.);
#2065=ORIENTED_EDGE('',*,*,#2064,.T.);
#2066=ORIENTED_EDGE('',*,*,#2048,.F.);
#2067=EDGE_LOOP('',(#2061,#2063,#2065,#2066));
#2068=FACE_OUTER_BOUND('',#2067,.F.);
#2069=ADVANCED_FACE('',(#2068),#2060,.F.);
#2070=CARTESIAN_POINT('',(-8.E-2,4.89E-1,0.E0));
#2071=DIRECTION('',(-1.E0,0.E0,0.E0));
#2072=DIRECTION('',(0.E0,-1.E0,0.E0));
#2073=AXIS2_PLACEMENT_3D('',#2070,#2071,#2072);
#2074=PLANE('',#2073);
#2075=ORIENTED_EDGE('',*,*,#2002,.F.);
#2077=ORIENTED_EDGE('',*,*,#2076,.T.);
#2079=ORIENTED_EDGE('',*,*,#2078,.T.);
#2080=ORIENTED_EDGE('',*,*,#2062,.F.);
#2081=EDGE_LOOP('',(#2075,#2077,#2079,#2080));
#2082=FACE_OUTER_BOUND('',#2081,.F.);
#2083=ADVANCED_FACE('',(#2082),#2074,.F.);
#2084=CARTESIAN_POINT('',(8.E-2,4.89E-1,0.E0));
#2085=DIRECTION('',(0.E0,1.E0,0.E0));
#2086=DIRECTION('',(-1.E0,0.E0,0.E0));
#2087=AXIS2_PLACEMENT_3D('',#2084,#2085,#2086);
#2088=PLANE('',#2087);
#2089=ORIENTED_EDGE('',*,*,#2000,.F.);
#2091=ORIENTED_EDGE('',*,*,#2090,.T.);
#2093=ORIENTED_EDGE('',*,*,#2092,.T.);
#2094=ORIENTED_EDGE('',*,*,#2076,.F.);
#2095=EDGE_LOOP('',(#2089,#2091,#2093,#2094));
#2096=FACE_OUTER_BOUND('',#2095,.F.);
#2097=ADVANCED_FACE('',(#2096),#2088,.F.);
#2098=CARTESIAN_POINT('',(8.E-2,4.29E-1,0.E0));
#2099=DIRECTION('',(1.E0,0.E0,0.E0));
#2100=DIRECTION('',(0.E0,1.E0,0.E0));
#2101=AXIS2_PLACEMENT_3D('',#2098,#2099,#2100);
#2102=PLANE('',#2101);
#2103=ORIENTED_EDGE('',*,*,#1998,.F.);
#2105=ORIENTED_EDGE('',*,*,#2104,.T.);
#2107=ORIENTED_EDGE('',*,*,#2106,.T.);
#2108=ORIENTED_EDGE('',*,*,#2090,.F.);
#2109=EDGE_LOOP('',(#2103,#2105,#2107,#2108));
#2110=FACE_OUTER_BOUND('',#2109,.F.);
#2111=ADVANCED_FACE('',(#2110),#2102,.F.);
#2112=CARTESIAN_POINT('',(1.24E-1,4.29E-1,0.E0));
#2113=DIRECTION('',(0.E0,1.E0,0.E0));
#2114=DIRECTION('',(-1.E0,0.E0,0.E0));
#2115=AXIS2_PLACEMENT_3D('',#2112,#2113,#2114);
#2116=PLANE('',#2115);
#2117=ORIENTED_EDGE('',*,*,#1996,.F.);
#2119=ORIENTED_EDGE('',*,*,#2118,.T.);
#2121=ORIENTED_EDGE('',*,*,#2120,.T.);
#2122=ORIENTED_EDGE('',*,*,#2104,.F.);
#2123=EDGE_LOOP('',(#2117,#2119,#2121,#2122));
#2124=FACE_OUTER_BOUND('',#2123,.F.);
#2125=ADVANCED_FACE('',(#2124),#2116,.F.);
#2126=CARTESIAN_POINT('',(1.24E-1,3.64E-1,0.E0));
#2127=DIRECTION('',(1.E0,0.E0,0.E0));
#2128=DIRECTION('',(0.E0,1.E0,0.E0));
#2129=AXIS2_PLACEMENT_3D('',#2126,#2127,#2128);
#2130=PLANE('',#2129);
#2131=ORIENTED_EDGE('',*,*,#1994,.F.);
#2133=ORIENTED_EDGE('',*,*,#2132,.T.);
#2135=ORIENTED_EDGE('',*,*,#2134,.T.);
#2136=ORIENTED_EDGE('',*,*,#2118,.F.);
#2137=EDGE_LOOP('',(#2131,#2133,#2135,#2136));
#2138=FACE_OUTER_BOUND('',#2137,.F.);
#2139=ADVANCED_FACE('',(#2138),#2130,.F.);
#2140=CARTESIAN_POINT('',(2.35E-1,3.64E-1,0.E0));
#2141=DIRECTION('',(0.E0,1.E0,0.E0));
#2142=DIRECTION('',(-1.E0,0.E0,0.E0));
#2143=AXIS2_PLACEMENT_3D('',#2140,#2141,#2142);
#2144=PLANE('',#2143);
#2145=ORIENTED_EDGE('',*,*,#1992,.F.);
#2147=ORIENTED_EDGE('',*,*,#2146,.T.);
#2149=ORIENTED_EDGE('',*,*,#2148,.T.);
#2150=ORIENTED_EDGE('',*,*,#2132,.F.);
#2151=EDGE_LOOP('',(#2145,#2147,#2149,#2150));
#2152=FACE_OUTER_BOUND('',#2151,.F.);
#2153=ADVANCED_FACE('',(#2152),#2144,.F.);
#2154=CARTESIAN_POINT('',(2.35E-1,9.4E-2,0.E0));
#2155=DIRECTION('',(1.E0,0.E0,0.E0));
#2156=DIRECTION('',(0.E0,1.E0,0.E0));
#2157=AXIS2_PLACEMENT_3D('',#2154,#2155,#2156);
#2158=PLANE('',#2157);
#2159=ORIENTED_EDGE('',*,*,#1990,.F.);
#2161=ORIENTED_EDGE('',*,*,#2160,.T.);
#2163=ORIENTED_EDGE('',*,*,#2162,.T.);
#2164=ORIENTED_EDGE('',*,*,#2146,.F.);
#2165=EDGE_LOOP('',(#2159,#2161,#2163,#2164));
#2166=FACE_OUTER_BOUND('',#2165,.F.);
#2167=ADVANCED_FACE('',(#2166),#2158,.F.);
#2168=CARTESIAN_POINT('',(-2.35E-1,9.4E-2,0.E0));
#2169=DIRECTION('',(0.E0,-1.E0,0.E0));
#2170=DIRECTION('',(1.E0,0.E0,0.E0));
#2171=AXIS2_PLACEMENT_3D('',#2168,#2169,#2170);
#2172=PLANE('',#2171);
#2173=ORIENTED_EDGE('',*,*,#1988,.F.);
#2174=ORIENTED_EDGE('',*,*,#2023,.T.);
#2176=ORIENTED_EDGE('',*,*,#2175,.T.);
#2177=ORIENTED_EDGE('',*,*,#2160,.F.);
#2178=EDGE_LOOP('',(#2173,#2174,#2176,#2177));
#2179=FACE_OUTER_BOUND('',#2178,.F.);
#2180=ADVANCED_FACE('',(#2179),#2172,.F.);
#2181=CARTESIAN_POINT('',(0.E0,0.E0,-4.16E-1));
#2182=DIRECTION('',(0.E0,0.E0,1.E0));
#2183=DIRECTION('',(1.E0,0.E0,0.E0));
#2184=AXIS2_PLACEMENT_3D('',#2181,#2182,#2183);
#2185=PLANE('',#2184);
#2186=ORIENTED_EDGE('',*,*,#2021,.F.);
#2187=ORIENTED_EDGE('',*,*,#2036,.F.);
#2188=ORIENTED_EDGE('',*,*,#2050,.F.);
#2189=ORIENTED_EDGE('',*,*,#2064,.F.);
#2190=ORIENTED_EDGE('',*,*,#2078,.F.);
#2191=ORIENTED_EDGE('',*,*,#2092,.F.);
#2192=ORIENTED_EDGE('',*,*,#2106,.F.);
#2193=ORIENTED_EDGE('',*,*,#2120,.F.);
#2194=ORIENTED_EDGE('',*,*,#2134,.F.);
#2195=ORIENTED_EDGE('',*,*,#2148,.F.);
#2196=ORIENTED_EDGE('',*,*,#2162,.F.);
#2197=ORIENTED_EDGE('',*,*,#2175,.F.);
#2198=EDGE_LOOP('',(#2186,#2187,#2188,#2189,#2190,#2191,#2192,#2193,#2194,#2195,
#2196,#2197));
#2199=FACE_OUTER_BOUND('',#2198,.F.);
#2200=ADVANCED_FACE('',(#2199),#2185,.T.);
#2201=CARTESIAN_POINT('',(-1.505E-1,5.21E-1,-1.568438714136E-1));
#2202=DIRECTION('',(0.E0,1.E0,0.E0));
#2203=DIRECTION('',(0.E0,0.E0,-1.E0));
#2204=AXIS2_PLACEMENT_3D('',#2201,#2202,#2203);
#2205=CYLINDRICAL_SURFACE('',#2204,2.35E-1);
#2207=ORIENTED_EDGE('',*,*,#2206,.F.);
#2209=ORIENTED_EDGE('',*,*,#2208,.F.);
#2211=ORIENTED_EDGE('',*,*,#2210,.T.);
#2212=ORIENTED_EDGE('',*,*,#1952,.F.);
#2213=EDGE_LOOP('',(#2207,#2209,#2211,#2212));
#2214=FACE_OUTER_BOUND('',#2213,.F.);
#2215=ADVANCED_FACE('',(#2214),#2205,.T.);
#2216=CARTESIAN_POINT('',(-1.505E-1,5.21E-1,-1.568438714136E-1));
#2217=DIRECTION('',(0.E0,1.E0,0.E0));
#2218=DIRECTION('',(0.E0,0.E0,-1.E0));
#2219=AXIS2_PLACEMENT_3D('',#2216,#2217,#2218);
#2220=CYLINDRICAL_SURFACE('',#2219,2.35E-1);
#2222=ORIENTED_EDGE('',*,*,#2221,.T.);
#2223=ORIENTED_EDGE('',*,*,#1956,.F.);
#2225=ORIENTED_EDGE('',*,*,#2224,.F.);
#2227=ORIENTED_EDGE('',*,*,#2226,.F.);
#2228=EDGE_LOOP('',(#2222,#2223,#2225,#2227));
#2229=FACE_OUTER_BOUND('',#2228,.F.);
#2230=ADVANCED_FACE('',(#2229),#2220,.T.);
#2231=CARTESIAN_POINT('',(-3.255E-1,8.15E-2,0.E0));
#2232=DIRECTION('',(0.E0,9.957049617744E-1,9.258309293692E-2));
#2233=DIRECTION('',(0.E0,9.258309293692E-2,-9.957049617744E-1));
#2234=AXIS2_PLACEMENT_3D('',#2231,#2232,#2233);
#2235=PLANE('',#2234);
#2236=ORIENTED_EDGE('',*,*,#2206,.T.);
#2238=ORIENTED_EDGE('',*,*,#2237,.T.);
#2240=ORIENTED_EDGE('',*,*,#2239,.F.);
#2242=ORIENTED_EDGE('',*,*,#2241,.T.);
#2244=ORIENTED_EDGE('',*,*,#2243,.T.);
#2246=ORIENTED_EDGE('',*,*,#2245,.T.);
#2248=ORIENTED_EDGE('',*,*,#2247,.T.);
#2250=ORIENTED_EDGE('',*,*,#2249,.T.);
#2252=ORIENTED_EDGE('',*,*,#2251,.F.);
#2254=ORIENTED_EDGE('',*,*,#2253,.T.);
#2255=EDGE_LOOP('',(#2236,#2238,#2240,#2242,#2244,#2246,#2248,#2250,#2252,
#2254));
#2256=FACE_OUTER_BOUND('',#2255,.F.);
#2257=ADVANCED_FACE('',(#2256),#2235,.F.);
#2258=CARTESIAN_POINT('',(-3.255E-1,5.21E-1,0.E0));
#2259=DIRECTION('',(-1.E0,0.E0,0.E0));
#2260=DIRECTION('',(0.E0,-1.E0,0.E0));
#2261=AXIS2_PLACEMENT_3D('',#2258,#2259,#2260);
#2262=PLANE('',#2261);
#2264=ORIENTED_EDGE('',*,*,#2263,.T.);
#2265=ORIENTED_EDGE('',*,*,#1958,.F.);
#2267=ORIENTED_EDGE('',*,*,#2266,.F.);
#2269=ORIENTED_EDGE('',*,*,#2268,.F.);
#2271=ORIENTED_EDGE('',*,*,#2270,.F.);
#2272=ORIENTED_EDGE('',*,*,#1954,.F.);
#2274=ORIENTED_EDGE('',*,*,#2273,.F.);
#2276=ORIENTED_EDGE('',*,*,#2275,.F.);
#2277=ORIENTED_EDGE('',*,*,#2237,.F.);
#2278=ORIENTED_EDGE('',*,*,#1982,.F.);
#2280=ORIENTED_EDGE('',*,*,#2279,.T.);
#2282=ORIENTED_EDGE('',*,*,#2281,.T.);
#2284=ORIENTED_EDGE('',*,*,#2283,.F.);
#2286=ORIENTED_EDGE('',*,*,#2285,.T.);
#2288=ORIENTED_EDGE('',*,*,#2287,.F.);
#2290=ORIENTED_EDGE('',*,*,#2289,.F.);
#2292=ORIENTED_EDGE('',*,*,#2291,.T.);
#2294=ORIENTED_EDGE('',*,*,#2293,.F.);
#2295=EDGE_LOOP('',(#2264,#2265,#2267,#2269,#2271,#2272,#2274,#2276,#2277,#2278,
#2280,#2282,#2284,#2286,#2288,#2290,#2292,#2294));
#2296=FACE_OUTER_BOUND('',#2295,.F.);
#2297=ADVANCED_FACE('',(#2296),#2262,.T.);
#2298=CARTESIAN_POINT('',(3.255E-1,5.21E-1,0.E0));
#2299=DIRECTION('',(0.E0,1.E0,0.E0));
#2300=DIRECTION('',(-1.E0,0.E0,0.E0));
#2301=AXIS2_PLACEMENT_3D('',#2298,#2299,#2300);
#2302=PLANE('',#2301);
#2303=ORIENTED_EDGE('',*,*,#2263,.F.);
#2305=ORIENTED_EDGE('',*,*,#2304,.F.);
#2307=ORIENTED_EDGE('',*,*,#2306,.F.);
#2308=ORIENTED_EDGE('',*,*,#1968,.F.);
#2310=ORIENTED_EDGE('',*,*,#2309,.F.);
#2312=ORIENTED_EDGE('',*,*,#2311,.F.);
#2314=ORIENTED_EDGE('',*,*,#2313,.F.);
#2315=ORIENTED_EDGE('',*,*,#1964,.F.);
#2317=ORIENTED_EDGE('',*,*,#2316,.F.);
#2319=ORIENTED_EDGE('',*,*,#2318,.F.);
#2321=ORIENTED_EDGE('',*,*,#2320,.F.);
#2322=ORIENTED_EDGE('',*,*,#1960,.F.);
#2323=EDGE_LOOP('',(#2303,#2305,#2307,#2308,#2310,#2312,#2314,#2315,#2317,#2319,
#2321,#2322));
#2324=FACE_OUTER_BOUND('',#2323,.F.);
#2325=ADVANCED_FACE('',(#2324),#2302,.T.);
#2326=CARTESIAN_POINT('',(0.E0,0.E0,-6.25E-1));
#2327=DIRECTION('',(0.E0,0.E0,1.E0));
#2328=DIRECTION('',(1.E0,0.E0,0.E0));
#2329=AXIS2_PLACEMENT_3D('',#2326,#2327,#2328);
#2330=PLANE('',#2329);
#2332=ORIENTED_EDGE('',*,*,#2331,.T.);
#2334=ORIENTED_EDGE('',*,*,#2333,.T.);
#2335=ORIENTED_EDGE('',*,*,#2304,.T.);
#2336=ORIENTED_EDGE('',*,*,#2293,.T.);
#2337=EDGE_LOOP('',(#2332,#2334,#2335,#2336));
#2338=FACE_OUTER_BOUND('',#2337,.F.);
#2339=ADVANCED_FACE('',(#2338),#2330,.F.);
#2340=CARTESIAN_POINT('',(-3.255E-1,0.E0,0.E0));
#2341=DIRECTION('',(0.E0,-1.E0,0.E0));
#2342=DIRECTION('',(1.E0,0.E0,0.E0));
#2343=AXIS2_PLACEMENT_3D('',#2340,#2341,#2342);
#2344=PLANE('',#2343);
#2345=ORIENTED_EDGE('',*,*,#2279,.F.);
#2346=ORIENTED_EDGE('',*,*,#1980,.T.);
#2348=ORIENTED_EDGE('',*,*,#2347,.F.);
#2350=ORIENTED_EDGE('',*,*,#2349,.T.);
#2352=ORIENTED_EDGE('',*,*,#2351,.T.);
#2354=ORIENTED_EDGE('',*,*,#2353,.F.);
#2356=ORIENTED_EDGE('',*,*,#2355,.T.);
#2357=ORIENTED_EDGE('',*,*,#2331,.F.);
#2358=ORIENTED_EDGE('',*,*,#2291,.F.);
#2360=ORIENTED_EDGE('',*,*,#2359,.T.);
#2362=ORIENTED_EDGE('',*,*,#2361,.T.);
#2364=ORIENTED_EDGE('',*,*,#2363,.F.);
#2365=EDGE_LOOP('',(#2345,#2346,#2348,#2350,#2352,#2354,#2356,#2357,#2358,#2360,
#2362,#2364));
#2366=FACE_OUTER_BOUND('',#2365,.F.);
#2368=ORIENTED_EDGE('',*,*,#2367,.T.);
#2370=ORIENTED_EDGE('',*,*,#2369,.T.);
#2371=EDGE_LOOP('',(#2368,#2370));
#2372=FACE_BOUND('',#2371,.F.);
#2374=ORIENTED_EDGE('',*,*,#2373,.T.);
#2376=ORIENTED_EDGE('',*,*,#2375,.T.);
#2377=EDGE_LOOP('',(#2374,#2376));
#2378=FACE_BOUND('',#2377,.F.);
#2380=ORIENTED_EDGE('',*,*,#2379,.T.);
#2382=ORIENTED_EDGE('',*,*,#2381,.T.);
#2383=EDGE_LOOP('',(#2380,#2382));
#2384=FACE_BOUND('',#2383,.F.);
#2386=ORIENTED_EDGE('',*,*,#2385,.T.);
#2388=ORIENTED_EDGE('',*,*,#2387,.T.);
#2389=EDGE_LOOP('',(#2386,#2388));
#2390=FACE_BOUND('',#2389,.F.);
#2392=ORIENTED_EDGE('',*,*,#2391,.T.);
#2394=ORIENTED_EDGE('',*,*,#2393,.T.);
#2395=EDGE_LOOP('',(#2392,#2394));
#2396=FACE_BOUND('',#2395,.F.);
#2398=ORIENTED_EDGE('',*,*,#2397,.T.);
#2400=ORIENTED_EDGE('',*,*,#2399,.T.);
#2401=EDGE_LOOP('',(#2398,#2400));
#2402=FACE_BOUND('',#2401,.F.);
#2404=ORIENTED_EDGE('',*,*,#2403,.T.);
#2406=ORIENTED_EDGE('',*,*,#2405,.T.);
#2407=EDGE_LOOP('',(#2404,#2406));
#2408=FACE_BOUND('',#2407,.F.);
#2410=ORIENTED_EDGE('',*,*,#2409,.T.);
#2412=ORIENTED_EDGE('',*,*,#2411,.T.);
#2413=EDGE_LOOP('',(#2410,#2412));
#2414=FACE_BOUND('',#2413,.F.);
#2416=ORIENTED_EDGE('',*,*,#2415,.T.);
#2418=ORIENTED_EDGE('',*,*,#2417,.T.);
#2419=EDGE_LOOP('',(#2416,#2418));
#2420=FACE_BOUND('',#2419,.F.);
#2422=ORIENTED_EDGE('',*,*,#2421,.T.);
#2424=ORIENTED_EDGE('',*,*,#2423,.T.);
#2425=EDGE_LOOP('',(#2422,#2424));
#2426=FACE_BOUND('',#2425,.F.);
#2428=ORIENTED_EDGE('',*,*,#2427,.T.);
#2430=ORIENTED_EDGE('',*,*,#2429,.T.);
#2431=EDGE_LOOP('',(#2428,#2430));
#2432=FACE_BOUND('',#2431,.F.);
#2434=ORIENTED_EDGE('',*,*,#2433,.T.);
#2436=ORIENTED_EDGE('',*,*,#2435,.T.);
#2437=EDGE_LOOP('',(#2434,#2436));
#2438=FACE_BOUND('',#2437,.F.);
#2440=ORIENTED_EDGE('',*,*,#2439,.T.);
#2442=ORIENTED_EDGE('',*,*,#2441,.T.);
#2443=EDGE_LOOP('',(#2440,#2442));
#2444=FACE_BOUND('',#2443,.F.);
#2446=ORIENTED_EDGE('',*,*,#2445,.T.);
#2448=ORIENTED_EDGE('',*,*,#2447,.T.);
#2449=EDGE_LOOP('',(#2446,#2448));
#2450=FACE_BOUND('',#2449,.F.);
#2451=ADVANCED_FACE('',(#2366,#2372,#2378,#2384,#2390,#2396,#2402,#2408,#2414,
#2420,#2426,#2432,#2438,#2444,#2450),#2344,.T.);
#2452=CARTESIAN_POINT('',(-2.5E-1,0.E0,-2.13E-1));
#2453=DIRECTION('',(0.E0,-1.E0,0.E0));
#2454=DIRECTION('',(1.E0,0.E0,0.E0));
#2455=AXIS2_PLACEMENT_3D('',#2452,#2453,#2454);
#2456=CYLINDRICAL_SURFACE('',#2455,6.E-2);
#2457=ORIENTED_EDGE('',*,*,#2445,.F.);
#2459=ORIENTED_EDGE('',*,*,#2458,.T.);
#2461=ORIENTED_EDGE('',*,*,#2460,.T.);
#2463=ORIENTED_EDGE('',*,*,#2462,.F.);
#2464=EDGE_LOOP('',(#2457,#2459,#2461,#2463));
#2465=FACE_OUTER_BOUND('',#2464,.F.);
#2466=ADVANCED_FACE('',(#2465),#2456,.T.);
#2467=CARTESIAN_POINT('',(-2.5E-1,0.E0,-2.13E-1));
#2468=DIRECTION('',(0.E0,-1.E0,0.E0));
#2469=DIRECTION('',(1.E0,0.E0,0.E0));
#2470=AXIS2_PLACEMENT_3D('',#2467,#2468,#2469);
#2471=CYLINDRICAL_SURFACE('',#2470,6.E-2);
#2472=ORIENTED_EDGE('',*,*,#2447,.F.);
#2473=ORIENTED_EDGE('',*,*,#2462,.T.);
#2475=ORIENTED_EDGE('',*,*,#2474,.T.);
#2476=ORIENTED_EDGE('',*,*,#2458,.F.);
#2477=EDGE_LOOP('',(#2472,#2473,#2475,#2476));
#2478=FACE_OUTER_BOUND('',#2477,.F.);
#2479=ADVANCED_FACE('',(#2478),#2471,.T.);
#2480=CARTESIAN_POINT('',(0.E0,-1.23E-1,0.E0));
#2481=DIRECTION('',(0.E0,-1.E0,0.E0));
#2482=DIRECTION('',(1.E0,0.E0,0.E0));
#2483=AXIS2_PLACEMENT_3D('',#2480,#2481,#2482);
#2484=PLANE('',#2483);
#2485=ORIENTED_EDGE('',*,*,#2460,.F.);
#2486=ORIENTED_EDGE('',*,*,#2474,.F.);
#2487=EDGE_LOOP('',(#2485,#2486));
#2488=FACE_OUTER_BOUND('',#2487,.F.);
#2489=ADVANCED_FACE('',(#2488),#2484,.T.);
#2490=CARTESIAN_POINT('',(0.E0,-1.23E-1,0.E0));
#2491=DIRECTION('',(0.E0,-1.E0,0.E0));
#2492=DIRECTION('',(1.E0,0.E0,0.E0));
#2493=AXIS2_PLACEMENT_3D('',#2490,#2491,#2492);
#2494=PLANE('',#2493);
#2496=ORIENTED_EDGE('',*,*,#2495,.F.);
#2498=ORIENTED_EDGE('',*,*,#2497,.F.);
#2499=EDGE_LOOP('',(#2496,#2498));
#2500=FACE_OUTER_BOUND('',#2499,.F.);
#2501=ADVANCED_FACE('',(#2500),#2494,.T.);
#2502=CARTESIAN_POINT('',(2.5E-1,0.E0,-2.13E-1));
#2503=DIRECTION('',(0.E0,-1.E0,0.E0));
#2504=DIRECTION('',(1.E0,0.E0,0.E0));
#2505=AXIS2_PLACEMENT_3D('',#2502,#2503,#2504);
#2506=CYLINDRICAL_SURFACE('',#2505,6.E-2);
#2507=ORIENTED_EDGE('',*,*,#2367,.F.);
#2509=ORIENTED_EDGE('',*,*,#2508,.T.);
#2510=ORIENTED_EDGE('',*,*,#2495,.T.);
#2512=ORIENTED_EDGE('',*,*,#2511,.F.);
#2513=EDGE_LOOP('',(#2507,#2509,#2510,#2512));
#2514=FACE_OUTER_BOUND('',#2513,.F.);
#2515=ADVANCED_FACE('',(#2514),#2506,.T.);
#2516=CARTESIAN_POINT('',(2.5E-1,0.E0,-2.13E-1));
#2517=DIRECTION('',(0.E0,-1.E0,0.E0));
#2518=DIRECTION('',(1.E0,0.E0,0.E0));
#2519=AXIS2_PLACEMENT_3D('',#2516,#2517,#2518);
#2520=CYLINDRICAL_SURFACE('',#2519,6.E-2);
#2521=ORIENTED_EDGE('',*,*,#2369,.F.);
#2522=ORIENTED_EDGE('',*,*,#2511,.T.);
#2523=ORIENTED_EDGE('',*,*,#2497,.T.);
#2524=ORIENTED_EDGE('',*,*,#2508,.F.);
#2525=EDGE_LOOP('',(#2521,#2522,#2523,#2524));
#2526=FACE_OUTER_BOUND('',#2525,.F.);
#2527=ADVANCED_FACE('',(#2526),#2520,.T.);
#2528=CARTESIAN_POINT('',(1.4E-1,0.E0,-3.13E-1));
#2529=DIRECTION('',(0.E0,-1.E0,0.E0));
#2530=DIRECTION('',(1.E0,0.E0,0.E0));
#2531=AXIS2_PLACEMENT_3D('',#2528,#2529,#2530);
#2532=CYLINDRICAL_SURFACE('',#2531,7.E-3);
#2533=ORIENTED_EDGE('',*,*,#2373,.F.);
#2535=ORIENTED_EDGE('',*,*,#2534,.T.);
#2537=ORIENTED_EDGE('',*,*,#2536,.T.);
#2539=ORIENTED_EDGE('',*,*,#2538,.F.);
#2540=EDGE_LOOP('',(#2533,#2535,#2537,#2539));
#2541=FACE_OUTER_BOUND('',#2540,.F.);
#2542=ADVANCED_FACE('',(#2541),#2532,.T.);
#2543=CARTESIAN_POINT('',(1.4E-1,0.E0,-3.13E-1));
#2544=DIRECTION('',(0.E0,-1.E0,0.E0));
#2545=DIRECTION('',(1.E0,0.E0,0.E0));
#2546=AXIS2_PLACEMENT_3D('',#2543,#2544,#2545);
#2547=CYLINDRICAL_SURFACE('',#2546,7.E-3);
#2548=ORIENTED_EDGE('',*,*,#2375,.F.);
#2549=ORIENTED_EDGE('',*,*,#2538,.T.);
#2551=ORIENTED_EDGE('',*,*,#2550,.T.);
#2552=ORIENTED_EDGE('',*,*,#2534,.F.);
#2553=EDGE_LOOP('',(#2548,#2549,#2551,#2552));
#2554=FACE_OUTER_BOUND('',#2553,.F.);
#2555=ADVANCED_FACE('',(#2554),#2547,.T.);
#2556=CARTESIAN_POINT('',(0.E0,-1.06E-1,0.E0));
#2557=DIRECTION('',(0.E0,-1.E0,0.E0));
#2558=DIRECTION('',(1.E0,0.E0,0.E0));
#2559=AXIS2_PLACEMENT_3D('',#2556,#2557,#2558);
#2560=PLANE('',#2559);
#2561=ORIENTED_EDGE('',*,*,#2536,.F.);
#2562=ORIENTED_EDGE('',*,*,#2550,.F.);
#2563=EDGE_LOOP('',(#2561,#2562));
#2564=FACE_OUTER_BOUND('',#2563,.F.);
#2565=ADVANCED_FACE('',(#2564),#2560,.T.);
#2566=CARTESIAN_POINT('',(0.E0,-1.06E-1,0.E0));
#2567=DIRECTION('',(0.E0,-1.E0,0.E0));
#2568=DIRECTION('',(1.E0,0.E0,0.E0));
#2569=AXIS2_PLACEMENT_3D('',#2566,#2567,#2568);
#2570=PLANE('',#2569);
#2572=ORIENTED_EDGE('',*,*,#2571,.F.);
#2574=ORIENTED_EDGE('',*,*,#2573,.F.);
#2575=EDGE_LOOP('',(#2572,#2574));
#2576=FACE_OUTER_BOUND('',#2575,.F.);
#2577=ADVANCED_FACE('',(#2576),#2570,.T.);
#2578=CARTESIAN_POINT('',(0.E0,-1.06E-1,0.E0));
#2579=DIRECTION('',(0.E0,-1.E0,0.E0));
#2580=DIRECTION('',(1.E0,0.E0,0.E0));
#2581=AXIS2_PLACEMENT_3D('',#2578,#2579,#2580);
#2582=PLANE('',#2581);
#2584=ORIENTED_EDGE('',*,*,#2583,.F.);
#2586=ORIENTED_EDGE('',*,*,#2585,.F.);
#2587=EDGE_LOOP('',(#2584,#2586));
#2588=FACE_OUTER_BOUND('',#2587,.F.);
#2589=ADVANCED_FACE('',(#2588),#2582,.T.);
#2590=CARTESIAN_POINT('',(0.E0,-1.06E-1,0.E0));
#2591=DIRECTION('',(0.E0,-1.E0,0.E0));
#2592=DIRECTION('',(1.E0,0.E0,0.E0));
#2593=AXIS2_PLACEMENT_3D('',#2590,#2591,#2592);
#2594=PLANE('',#2593);
#2596=ORIENTED_EDGE('',*,*,#2595,.F.);
#2598=ORIENTED_EDGE('',*,*,#2597,.F.);
#2599=EDGE_LOOP('',(#2596,#2598));
#2600=FACE_OUTER_BOUND('',#2599,.F.);
#2601=ADVANCED_FACE('',(#2600),#2594,.T.);
#2602=CARTESIAN_POINT('',(0.E0,-1.06E-1,0.E0));
#2603=DIRECTION('',(0.E0,-1.E0,0.E0));
#2604=DIRECTION('',(1.E0,0.E0,0.E0));
#2605=AXIS2_PLACEMENT_3D('',#2602,#2603,#2604);
#2606=PLANE('',#2605);
#2608=ORIENTED_EDGE('',*,*,#2607,.F.);
#2610=ORIENTED_EDGE('',*,*,#2609,.F.);
#2611=EDGE_LOOP('',(#2608,#2610));
#2612=FACE_OUTER_BOUND('',#2611,.F.);
#2613=ADVANCED_FACE('',(#2612),#2606,.T.);
#2614=CARTESIAN_POINT('',(0.E0,-1.06E-1,0.E0));
#2615=DIRECTION('',(0.E0,-1.E0,0.E0));
#2616=DIRECTION('',(1.E0,0.E0,0.E0));
#2617=AXIS2_PLACEMENT_3D('',#2614,#2615,#2616);
#2618=PLANE('',#2617);
#2620=ORIENTED_EDGE('',*,*,#2619,.F.);
#2622=ORIENTED_EDGE('',*,*,#2621,.F.);
#2623=EDGE_LOOP('',(#2620,#2622));
#2624=FACE_OUTER_BOUND('',#2623,.F.);
#2625=ADVANCED_FACE('',(#2624),#2618,.T.);
#2626=CARTESIAN_POINT('',(0.E0,-1.06E-1,0.E0));
#2627=DIRECTION('',(0.E0,-1.E0,0.E0));
#2628=DIRECTION('',(1.E0,0.E0,0.E0));
#2629=AXIS2_PLACEMENT_3D('',#2626,#2627,#2628);
#2630=PLANE('',#2629);
#2632=ORIENTED_EDGE('',*,*,#2631,.F.);
#2634=ORIENTED_EDGE('',*,*,#2633,.F.);
#2635=EDGE_LOOP('',(#2632,#2634));
#2636=FACE_OUTER_BOUND('',#2635,.F.);
#2637=ADVANCED_FACE('',(#2636),#2630,.T.);
#2638=CARTESIAN_POINT('',(0.E0,-1.06E-1,0.E0));
#2639=DIRECTION('',(0.E0,-1.E0,0.E0));
#2640=DIRECTION('',(1.E0,0.E0,0.E0));
#2641=AXIS2_PLACEMENT_3D('',#2638,#2639,#2640);
#2642=PLANE('',#2641);
#2644=ORIENTED_EDGE('',*,*,#2643,.F.);
#2646=ORIENTED_EDGE('',*,*,#2645,.F.);
#2647=EDGE_LOOP('',(#2644,#2646));
#2648=FACE_OUTER_BOUND('',#2647,.F.);
#2649=ADVANCED_FACE('',(#2648),#2642,.T.);
#2650=CARTESIAN_POINT('',(0.E0,-1.06E-1,0.E0));
#2651=DIRECTION('',(0.E0,-1.E0,0.E0));
#2652=DIRECTION('',(1.E0,0.E0,0.E0));
#2653=AXIS2_PLACEMENT_3D('',#2650,#2651,#2652);
#2654=PLANE('',#2653);
#2656=ORIENTED_EDGE('',*,*,#2655,.F.);
#2658=ORIENTED_EDGE('',*,*,#2657,.F.);
#2659=EDGE_LOOP('',(#2656,#2658));
#2660=FACE_OUTER_BOUND('',#2659,.F.);
#2661=ADVANCED_FACE('',(#2660),#2654,.T.);
#2662=CARTESIAN_POINT('',(0.E0,-1.06E-1,0.E0));
#2663=DIRECTION('',(0.E0,-1.E0,0.E0));
#2664=DIRECTION('',(1.E0,0.E0,0.E0));
#2665=AXIS2_PLACEMENT_3D('',#2662,#2663,#2664);
#2666=PLANE('',#2665);
#2668=ORIENTED_EDGE('',*,*,#2667,.F.);
#2670=ORIENTED_EDGE('',*,*,#2669,.F.);
#2671=EDGE_LOOP('',(#2668,#2670));
#2672=FACE_OUTER_BOUND('',#2671,.F.);
#2673=ADVANCED_FACE('',(#2672),#2666,.T.);
#2674=CARTESIAN_POINT('',(0.E0,-1.06E-1,0.E0));
#2675=DIRECTION('',(0.E0,-1.E0,0.E0));
#2676=DIRECTION('',(1.E0,0.E0,0.E0));
#2677=AXIS2_PLACEMENT_3D('',#2674,#2675,#2676);
#2678=PLANE('',#2677);
#2680=ORIENTED_EDGE('',*,*,#2679,.F.);
#2682=ORIENTED_EDGE('',*,*,#2681,.F.);
#2683=EDGE_LOOP('',(#2680,#2682));
#2684=FACE_OUTER_BOUND('',#2683,.F.);
#2685=ADVANCED_FACE('',(#2684),#2678,.T.);
#2686=CARTESIAN_POINT('',(0.E0,-1.06E-1,0.E0));
#2687=DIRECTION('',(0.E0,-1.E0,0.E0));
#2688=DIRECTION('',(1.E0,0.E0,0.E0));
#2689=AXIS2_PLACEMENT_3D('',#2686,#2687,#2688);
#2690=PLANE('',#2689);
#2692=ORIENTED_EDGE('',*,*,#2691,.F.);
#2694=ORIENTED_EDGE('',*,*,#2693,.F.);
#2695=EDGE_LOOP('',(#2692,#2694));
#2696=FACE_OUTER_BOUND('',#2695,.F.);
#2697=ADVANCED_FACE('',(#2696),#2690,.T.);
#2698=CARTESIAN_POINT('',(6.E-2,0.E0,-3.13E-1));
#2699=DIRECTION('',(0.E0,-1.E0,0.E0));
#2700=DIRECTION('',(1.E0,0.E0,0.E0));
#2701=AXIS2_PLACEMENT_3D('',#2698,#2699,#2700);
#2702=CYLINDRICAL_SURFACE('',#2701,7.E-3);
#2703=ORIENTED_EDGE('',*,*,#2379,.F.);
#2705=ORIENTED_EDGE('',*,*,#2704,.T.);
#2706=ORIENTED_EDGE('',*,*,#2571,.T.);
#2708=ORIENTED_EDGE('',*,*,#2707,.F.);
#2709=EDGE_LOOP('',(#2703,#2705,#2706,#2708));
#2710=FACE_OUTER_BOUND('',#2709,.F.);
#2711=ADVANCED_FACE('',(#2710),#2702,.T.);
#2712=CARTESIAN_POINT('',(6.E-2,0.E0,-3.13E-1));
#2713=DIRECTION('',(0.E0,-1.E0,0.E0));
#2714=DIRECTION('',(1.E0,0.E0,0.E0));
#2715=AXIS2_PLACEMENT_3D('',#2712,#2713,#2714);
#2716=CYLINDRICAL_SURFACE('',#2715,7.E-3);
#2717=ORIENTED_EDGE('',*,*,#2381,.F.);
#2718=ORIENTED_EDGE('',*,*,#2707,.T.);
#2719=ORIENTED_EDGE('',*,*,#2573,.T.);
#2720=ORIENTED_EDGE('',*,*,#2704,.F.);
#2721=EDGE_LOOP('',(#2717,#2718,#2719,#2720));
#2722=FACE_OUTER_BOUND('',#2721,.F.);
#2723=ADVANCED_FACE('',(#2722),#2716,.T.);
#2724=CARTESIAN_POINT('',(-2.E-2,0.E0,-3.13E-1));
#2725=DIRECTION('',(0.E0,-1.E0,0.E0));
#2726=DIRECTION('',(1.E0,0.E0,0.E0));
#2727=AXIS2_PLACEMENT_3D('',#2724,#2725,#2726);
#2728=CYLINDRICAL_SURFACE('',#2727,7.E-3);
#2729=ORIENTED_EDGE('',*,*,#2385,.F.);
#2731=ORIENTED_EDGE('',*,*,#2730,.T.);
#2732=ORIENTED_EDGE('',*,*,#2583,.T.);
#2734=ORIENTED_EDGE('',*,*,#2733,.F.);
#2735=EDGE_LOOP('',(#2729,#2731,#2732,#2734));
#2736=FACE_OUTER_BOUND('',#2735,.F.);
#2737=ADVANCED_FACE('',(#2736),#2728,.T.);
#2738=CARTESIAN_POINT('',(-2.E-2,0.E0,-3.13E-1));
#2739=DIRECTION('',(0.E0,-1.E0,0.E0));
#2740=DIRECTION('',(1.E0,0.E0,0.E0));
#2741=AXIS2_PLACEMENT_3D('',#2738,#2739,#2740);
#2742=CYLINDRICAL_SURFACE('',#2741,7.E-3);
#2743=ORIENTED_EDGE('',*,*,#2387,.F.);
#2744=ORIENTED_EDGE('',*,*,#2733,.T.);
#2745=ORIENTED_EDGE('',*,*,#2585,.T.);
#2746=ORIENTED_EDGE('',*,*,#2730,.F.);
#2747=EDGE_LOOP('',(#2743,#2744,#2745,#2746));
#2748=FACE_OUTER_BOUND('',#2747,.F.);
#2749=ADVANCED_FACE('',(#2748),#2742,.T.);
#2750=CARTESIAN_POINT('',(-1.E-1,0.E0,-3.13E-1));
#2751=DIRECTION('',(0.E0,-1.E0,0.E0));
#2752=DIRECTION('',(1.E0,0.E0,0.E0));
#2753=AXIS2_PLACEMENT_3D('',#2750,#2751,#2752);
#2754=CYLINDRICAL_SURFACE('',#2753,7.E-3);
#2755=ORIENTED_EDGE('',*,*,#2391,.F.);
#2757=ORIENTED_EDGE('',*,*,#2756,.T.);
#2758=ORIENTED_EDGE('',*,*,#2595,.T.);
#2760=ORIENTED_EDGE('',*,*,#2759,.F.);
#2761=EDGE_LOOP('',(#2755,#2757,#2758,#2760));
#2762=FACE_OUTER_BOUND('',#2761,.F.);
#2763=ADVANCED_FACE('',(#2762),#2754,.T.);
#2764=CARTESIAN_POINT('',(-1.E-1,0.E0,-3.13E-1));
#2765=DIRECTION('',(0.E0,-1.E0,0.E0));
#2766=DIRECTION('',(1.E0,0.E0,0.E0));
#2767=AXIS2_PLACEMENT_3D('',#2764,#2765,#2766);
#2768=CYLINDRICAL_SURFACE('',#2767,7.E-3);
#2769=ORIENTED_EDGE('',*,*,#2393,.F.);
#2770=ORIENTED_EDGE('',*,*,#2759,.T.);
#2771=ORIENTED_EDGE('',*,*,#2597,.T.);
#2772=ORIENTED_EDGE('',*,*,#2756,.F.);
#2773=EDGE_LOOP('',(#2769,#2770,#2771,#2772));
#2774=FACE_OUTER_BOUND('',#2773,.F.);
#2775=ADVANCED_FACE('',(#2774),#2768,.T.);
#2776=CARTESIAN_POINT('',(-1.4E-1,0.E0,-3.83E-1));
#2777=DIRECTION('',(0.E0,-1.E0,0.E0));
#2778=DIRECTION('',(1.E0,0.E0,0.E0));
#2779=AXIS2_PLACEMENT_3D('',#2776,#2777,#2778);
#2780=CYLINDRICAL_SURFACE('',#2779,7.E-3);
#2781=ORIENTED_EDGE('',*,*,#2397,.F.);
#2783=ORIENTED_EDGE('',*,*,#2782,.T.);
#2784=ORIENTED_EDGE('',*,*,#2607,.T.);
#2786=ORIENTED_EDGE('',*,*,#2785,.F.);
#2787=EDGE_LOOP('',(#2781,#2783,#2784,#2786));
#2788=FACE_OUTER_BOUND('',#2787,.F.);
#2789=ADVANCED_FACE('',(#2788),#2780,.T.);
#2790=CARTESIAN_POINT('',(-1.4E-1,0.E0,-3.83E-1));
#2791=DIRECTION('',(0.E0,-1.E0,0.E0));
#2792=DIRECTION('',(1.E0,0.E0,0.E0));
#2793=AXIS2_PLACEMENT_3D('',#2790,#2791,#2792);
#2794=CYLINDRICAL_SURFACE('',#2793,7.E-3);
#2795=ORIENTED_EDGE('',*,*,#2399,.F.);
#2796=ORIENTED_EDGE('',*,*,#2785,.T.);
#2797=ORIENTED_EDGE('',*,*,#2609,.T.);
#2798=ORIENTED_EDGE('',*,*,#2782,.F.);
#2799=EDGE_LOOP('',(#2795,#2796,#2797,#2798));
#2800=FACE_OUTER_BOUND('',#2799,.F.);
#2801=ADVANCED_FACE('',(#2800),#2794,.T.);
#2802=CARTESIAN_POINT('',(-6.E-2,0.E0,-3.83E-1));
#2803=DIRECTION('',(0.E0,-1.E0,0.E0));
#2804=DIRECTION('',(1.E0,0.E0,0.E0));
#2805=AXIS2_PLACEMENT_3D('',#2802,#2803,#2804);
#2806=CYLINDRICAL_SURFACE('',#2805,7.E-3);
#2807=ORIENTED_EDGE('',*,*,#2403,.F.);
#2809=ORIENTED_EDGE('',*,*,#2808,.T.);
#2810=ORIENTED_EDGE('',*,*,#2619,.T.);
#2812=ORIENTED_EDGE('',*,*,#2811,.F.);
#2813=EDGE_LOOP('',(#2807,#2809,#2810,#2812));
#2814=FACE_OUTER_BOUND('',#2813,.F.);
#2815=ADVANCED_FACE('',(#2814),#2806,.T.);
#2816=CARTESIAN_POINT('',(-6.E-2,0.E0,-3.83E-1));
#2817=DIRECTION('',(0.E0,-1.E0,0.E0));
#2818=DIRECTION('',(1.E0,0.E0,0.E0));
#2819=AXIS2_PLACEMENT_3D('',#2816,#2817,#2818);
#2820=CYLINDRICAL_SURFACE('',#2819,7.E-3);
#2821=ORIENTED_EDGE('',*,*,#2405,.F.);
#2822=ORIENTED_EDGE('',*,*,#2811,.T.);
#2823=ORIENTED_EDGE('',*,*,#2621,.T.);
#2824=ORIENTED_EDGE('',*,*,#2808,.F.);
#2825=EDGE_LOOP('',(#2821,#2822,#2823,#2824));
#2826=FACE_OUTER_BOUND('',#2825,.F.);
#2827=ADVANCED_FACE('',(#2826),#2820,.T.);
#2828=CARTESIAN_POINT('',(2.E-2,0.E0,-3.83E-1));
#2829=DIRECTION('',(0.E0,-1.E0,0.E0));
#2830=DIRECTION('',(1.E0,0.E0,0.E0));
#2831=AXIS2_PLACEMENT_3D('',#2828,#2829,#2830);
#2832=CYLINDRICAL_SURFACE('',#2831,7.E-3);
#2833=ORIENTED_EDGE('',*,*,#2409,.F.);
#2835=ORIENTED_EDGE('',*,*,#2834,.T.);
#2836=ORIENTED_EDGE('',*,*,#2631,.T.);
#2838=ORIENTED_EDGE('',*,*,#2837,.F.);
#2839=EDGE_LOOP('',(#2833,#2835,#2836,#2838));
#2840=FACE_OUTER_BOUND('',#2839,.F.);
#2841=ADVANCED_FACE('',(#2840),#2832,.T.);
#2842=CARTESIAN_POINT('',(2.E-2,0.E0,-3.83E-1));
#2843=DIRECTION('',(0.E0,-1.E0,0.E0));
#2844=DIRECTION('',(1.E0,0.E0,0.E0));
#2845=AXIS2_PLACEMENT_3D('',#2842,#2843,#2844);
#2846=CYLINDRICAL_SURFACE('',#2845,7.E-3);
#2847=ORIENTED_EDGE('',*,*,#2411,.F.);
#2848=ORIENTED_EDGE('',*,*,#2837,.T.);
#2849=ORIENTED_EDGE('',*,*,#2633,.T.);
#2850=ORIENTED_EDGE('',*,*,#2834,.F.);
#2851=EDGE_LOOP('',(#2847,#2848,#2849,#2850));
#2852=FACE_OUTER_BOUND('',#2851,.F.);
#2853=ADVANCED_FACE('',(#2852),#2846,.T.);
#2854=CARTESIAN_POINT('',(1.E-1,0.E0,-3.83E-1));
#2855=DIRECTION('',(0.E0,-1.E0,0.E0));
#2856=DIRECTION('',(1.E0,0.E0,0.E0));
#2857=AXIS2_PLACEMENT_3D('',#2854,#2855,#2856);
#2858=CYLINDRICAL_SURFACE('',#2857,7.E-3);
#2859=ORIENTED_EDGE('',*,*,#2415,.F.);
#2861=ORIENTED_EDGE('',*,*,#2860,.T.);
#2862=ORIENTED_EDGE('',*,*,#2643,.T.);
#2864=ORIENTED_EDGE('',*,*,#2863,.F.);
#2865=EDGE_LOOP('',(#2859,#2861,#2862,#2864));
#2866=FACE_OUTER_BOUND('',#2865,.F.);
#2867=ADVANCED_FACE('',(#2866),#2858,.T.);
#2868=CARTESIAN_POINT('',(1.E-1,0.E0,-3.83E-1));
#2869=DIRECTION('',(0.E0,-1.E0,0.E0));
#2870=DIRECTION('',(1.E0,0.E0,0.E0));
#2871=AXIS2_PLACEMENT_3D('',#2868,#2869,#2870);
#2872=CYLINDRICAL_SURFACE('',#2871,7.E-3);
#2873=ORIENTED_EDGE('',*,*,#2417,.F.);
#2874=ORIENTED_EDGE('',*,*,#2863,.T.);
#2875=ORIENTED_EDGE('',*,*,#2645,.T.);
#2876=ORIENTED_EDGE('',*,*,#2860,.F.);
#2877=EDGE_LOOP('',(#2873,#2874,#2875,#2876));
#2878=FACE_OUTER_BOUND('',#2877,.F.);
#2879=ADVANCED_FACE('',(#2878),#2872,.T.);
#2880=CARTESIAN_POINT('',(-1.8E-1,0.E0,-5.73E-1));
#2881=DIRECTION('',(0.E0,-1.E0,0.E0));
#2882=DIRECTION('',(1.E0,0.E0,0.E0));
#2883=AXIS2_PLACEMENT_3D('',#2880,#2881,#2882);
#2884=CYLINDRICAL_SURFACE('',#2883,7.E-3);
#2885=ORIENTED_EDGE('',*,*,#2421,.F.);
#2887=ORIENTED_EDGE('',*,*,#2886,.T.);
#2888=ORIENTED_EDGE('',*,*,#2655,.T.);
#2890=ORIENTED_EDGE('',*,*,#2889,.F.);
#2891=EDGE_LOOP('',(#2885,#2887,#2888,#2890));
#2892=FACE_OUTER_BOUND('',#2891,.F.);
#2893=ADVANCED_FACE('',(#2892),#2884,.T.);
#2894=CARTESIAN_POINT('',(-1.8E-1,0.E0,-5.73E-1));
#2895=DIRECTION('',(0.E0,-1.E0,0.E0));
#2896=DIRECTION('',(1.E0,0.E0,0.E0));
#2897=AXIS2_PLACEMENT_3D('',#2894,#2895,#2896);
#2898=CYLINDRICAL_SURFACE('',#2897,7.E-3);
#2899=ORIENTED_EDGE('',*,*,#2423,.F.);
#2900=ORIENTED_EDGE('',*,*,#2889,.T.);
#2901=ORIENTED_EDGE('',*,*,#2657,.T.);
#2902=ORIENTED_EDGE('',*,*,#2886,.F.);
#2903=EDGE_LOOP('',(#2899,#2900,#2901,#2902));
#2904=FACE_OUTER_BOUND('',#2903,.F.);
#2905=ADVANCED_FACE('',(#2904),#2898,.T.);
#2906=CARTESIAN_POINT('',(-2.7E-1,0.E0,-5.73E-1));
#2907=DIRECTION('',(0.E0,-1.E0,0.E0));
#2908=DIRECTION('',(1.E0,0.E0,0.E0));
#2909=AXIS2_PLACEMENT_3D('',#2906,#2907,#2908);
#2910=CYLINDRICAL_SURFACE('',#2909,7.E-3);
#2911=ORIENTED_EDGE('',*,*,#2427,.F.);
#2913=ORIENTED_EDGE('',*,*,#2912,.T.);
#2914=ORIENTED_EDGE('',*,*,#2667,.T.);
#2916=ORIENTED_EDGE('',*,*,#2915,.F.);
#2917=EDGE_LOOP('',(#2911,#2913,#2914,#2916));
#2918=FACE_OUTER_BOUND('',#2917,.F.);
#2919=ADVANCED_FACE('',(#2918),#2910,.T.);
#2920=CARTESIAN_POINT('',(-2.7E-1,0.E0,-5.73E-1));
#2921=DIRECTION('',(0.E0,-1.E0,0.E0));
#2922=DIRECTION('',(1.E0,0.E0,0.E0));
#2923=AXIS2_PLACEMENT_3D('',#2920,#2921,#2922);
#2924=CYLINDRICAL_SURFACE('',#2923,7.E-3);
#2925=ORIENTED_EDGE('',*,*,#2429,.F.);
#2926=ORIENTED_EDGE('',*,*,#2915,.T.);
#2927=ORIENTED_EDGE('',*,*,#2669,.T.);
#2928=ORIENTED_EDGE('',*,*,#2912,.F.);
#2929=EDGE_LOOP('',(#2925,#2926,#2927,#2928));
#2930=FACE_OUTER_BOUND('',#2929,.F.);
#2931=ADVANCED_FACE('',(#2930),#2924,.T.);
#2932=CARTESIAN_POINT('',(2.7E-1,0.E0,-5.73E-1));
#2933=DIRECTION('',(0.E0,-1.E0,0.E0));
#2934=DIRECTION('',(1.E0,0.E0,0.E0));
#2935=AXIS2_PLACEMENT_3D('',#2932,#2933,#2934);
#2936=CYLINDRICAL_SURFACE('',#2935,7.E-3);
#2937=ORIENTED_EDGE('',*,*,#2433,.F.);
#2939=ORIENTED_EDGE('',*,*,#2938,.T.);
#2940=ORIENTED_EDGE('',*,*,#2679,.T.);
#2942=ORIENTED_EDGE('',*,*,#2941,.F.);
#2943=EDGE_LOOP('',(#2937,#2939,#2940,#2942));
#2944=FACE_OUTER_BOUND('',#2943,.F.);
#2945=ADVANCED_FACE('',(#2944),#2936,.T.);
#2946=CARTESIAN_POINT('',(2.7E-1,0.E0,-5.73E-1));
#2947=DIRECTION('',(0.E0,-1.E0,0.E0));
#2948=DIRECTION('',(1.E0,0.E0,0.E0));
#2949=AXIS2_PLACEMENT_3D('',#2946,#2947,#2948);
#2950=CYLINDRICAL_SURFACE('',#2949,7.E-3);
#2951=ORIENTED_EDGE('',*,*,#2435,.F.);
#2952=ORIENTED_EDGE('',*,*,#2941,.T.);
#2953=ORIENTED_EDGE('',*,*,#2681,.T.);
#2954=ORIENTED_EDGE('',*,*,#2938,.F.);
#2955=EDGE_LOOP('',(#2951,#2952,#2953,#2954));
#2956=FACE_OUTER_BOUND('',#2955,.F.);
#2957=ADVANCED_FACE('',(#2956),#2950,.T.);
#2958=CARTESIAN_POINT('',(1.8E-1,0.E0,-5.73E-1));
#2959=DIRECTION('',(0.E0,-1.E0,0.E0));
#2960=DIRECTION('',(1.E0,0.E0,0.E0));
#2961=AXIS2_PLACEMENT_3D('',#2958,#2959,#2960);
#2962=CYLINDRICAL_SURFACE('',#2961,7.E-3);
#2963=ORIENTED_EDGE('',*,*,#2439,.F.);
#2965=ORIENTED_EDGE('',*,*,#2964,.T.);
#2966=ORIENTED_EDGE('',*,*,#2691,.T.);
#2968=ORIENTED_EDGE('',*,*,#2967,.F.);
#2969=EDGE_LOOP('',(#2963,#2965,#2966,#2968));
#2970=FACE_OUTER_BOUND('',#2969,.F.);
#2971=ADVANCED_FACE('',(#2970),#2962,.T.);
#2972=CARTESIAN_POINT('',(1.8E-1,0.E0,-5.73E-1));
#2973=DIRECTION('',(0.E0,-1.E0,0.E0));
#2974=DIRECTION('',(1.E0,0.E0,0.E0));
#2975=AXIS2_PLACEMENT_3D('',#2972,#2973,#2974);
#2976=CYLINDRICAL_SURFACE('',#2975,7.E-3);
#2977=ORIENTED_EDGE('',*,*,#2441,.F.);
#2978=ORIENTED_EDGE('',*,*,#2967,.T.);
#2979=ORIENTED_EDGE('',*,*,#2693,.T.);
#2980=ORIENTED_EDGE('',*,*,#2964,.F.);
#2981=EDGE_LOOP('',(#2977,#2978,#2979,#2980));
#2982=FACE_OUTER_BOUND('',#2981,.F.);
#2983=ADVANCED_FACE('',(#2982),#2976,.T.);
#2984=CARTESIAN_POINT('',(3.255E-1,0.E0,0.E0));
#2985=DIRECTION('',(1.E0,0.E0,0.E0));
#2986=DIRECTION('',(0.E0,1.E0,0.E0));
#2987=AXIS2_PLACEMENT_3D('',#2984,#2985,#2986);
#2988=PLANE('',#2987);
#2990=ORIENTED_EDGE('',*,*,#2989,.F.);
#2992=ORIENTED_EDGE('',*,*,#2991,.F.);
#2993=ORIENTED_EDGE('',*,*,#1970,.T.);
#2994=ORIENTED_EDGE('',*,*,#2306,.T.);
#2995=ORIENTED_EDGE('',*,*,#2333,.F.);
#2996=ORIENTED_EDGE('',*,*,#2355,.F.);
#2998=ORIENTED_EDGE('',*,*,#2997,.T.);
#3000=ORIENTED_EDGE('',*,*,#2999,.F.);
#3002=ORIENTED_EDGE('',*,*,#3001,.T.);
#3004=ORIENTED_EDGE('',*,*,#3003,.F.);
#3006=ORIENTED_EDGE('',*,*,#3005,.F.);
#3007=ORIENTED_EDGE('',*,*,#2347,.T.);
#3008=ORIENTED_EDGE('',*,*,#1978,.T.);
#3010=ORIENTED_EDGE('',*,*,#3009,.F.);
#3012=ORIENTED_EDGE('',*,*,#3011,.F.);
#3014=ORIENTED_EDGE('',*,*,#3013,.F.);
#3015=ORIENTED_EDGE('',*,*,#1974,.T.);
#3017=ORIENTED_EDGE('',*,*,#3016,.F.);
#3018=EDGE_LOOP('',(#2990,#2992,#2993,#2994,#2995,#2996,#2998,#3000,#3002,#3004,
#3006,#3007,#3008,#3010,#3012,#3014,#3015,#3017));
#3019=FACE_OUTER_BOUND('',#3018,.F.);
#3020=ADVANCED_FACE('',(#3019),#2988,.T.);
#3021=CARTESIAN_POINT('',(1.505E-1,0.E0,-1.568438714136E-1));
#3022=DIRECTION('',(0.E0,-1.E0,0.E0));
#3023=DIRECTION('',(0.E0,0.E0,-1.E0));
#3024=AXIS2_PLACEMENT_3D('',#3021,#3022,#3023);
#3025=CYLINDRICAL_SURFACE('',#3024,2.28E-1);
#3027=ORIENTED_EDGE('',*,*,#3026,.T.);
#3028=ORIENTED_EDGE('',*,*,#3011,.T.);
#3030=ORIENTED_EDGE('',*,*,#3029,.F.);
#3032=ORIENTED_EDGE('',*,*,#3031,.T.);
#3033=EDGE_LOOP('',(#3027,#3028,#3030,#3032));
#3034=FACE_OUTER_BOUND('',#3033,.F.);
#3035=ADVANCED_FACE('',(#3034),#3025,.F.);
#3036=CARTESIAN_POINT('',(1.505E-1,0.E0,-1.568438714136E-1));
#3037=DIRECTION('',(0.E0,-1.E0,0.E0));
#3038=DIRECTION('',(0.E0,0.E0,-1.E0));
#3039=AXIS2_PLACEMENT_3D('',#3036,#3037,#3038);
#3040=CYLINDRICAL_SURFACE('',#3039,2.28E-1);
#3042=ORIENTED_EDGE('',*,*,#3041,.T.);
#3043=ORIENTED_EDGE('',*,*,#2989,.T.);
#3045=ORIENTED_EDGE('',*,*,#3044,.F.);
#3047=ORIENTED_EDGE('',*,*,#3046,.T.);
#3048=EDGE_LOOP('',(#3042,#3043,#3045,#3047));
#3049=FACE_OUTER_BOUND('',#3048,.F.);
#3050=ADVANCED_FACE('',(#3049),#3040,.F.);
#3051=CARTESIAN_POINT('',(3.255E-1,1.865E-1,0.E0));
#3052=DIRECTION('',(0.E0,-9.957049617744E-1,9.258309293692E-2));
#3053=DIRECTION('',(0.E0,-9.258309293692E-2,-9.957049617744E-1));
#3054=AXIS2_PLACEMENT_3D('',#3051,#3052,#3053);
#3055=PLANE('',#3054);
#3057=ORIENTED_EDGE('',*,*,#3056,.T.);
#3058=ORIENTED_EDGE('',*,*,#3013,.T.);
#3059=ORIENTED_EDGE('',*,*,#3026,.F.);
#3061=ORIENTED_EDGE('',*,*,#3060,.T.);
#3063=ORIENTED_EDGE('',*,*,#3062,.T.);
#3065=ORIENTED_EDGE('',*,*,#3064,.T.);
#3067=ORIENTED_EDGE('',*,*,#3066,.T.);
#3069=ORIENTED_EDGE('',*,*,#3068,.T.);
#3071=ORIENTED_EDGE('',*,*,#3070,.F.);
#3073=ORIENTED_EDGE('',*,*,#3072,.T.);
#3074=EDGE_LOOP('',(#3057,#3058,#3059,#3061,#3063,#3065,#3067,#3069,#3071,
#3073));
#3075=FACE_OUTER_BOUND('',#3074,.F.);
#3076=ADVANCED_FACE('',(#3075),#3055,.F.);
#3077=CARTESIAN_POINT('',(1.505E-1,0.E0,-1.568438714136E-1));
#3078=DIRECTION('',(0.E0,-1.E0,0.E0));
#3079=DIRECTION('',(0.E0,0.E0,-1.E0));
#3080=AXIS2_PLACEMENT_3D('',#3077,#3078,#3079);
#3081=CYLINDRICAL_SURFACE('',#3080,2.35E-1);
#3082=ORIENTED_EDGE('',*,*,#3056,.F.);
#3084=ORIENTED_EDGE('',*,*,#3083,.F.);
#3086=ORIENTED_EDGE('',*,*,#3085,.T.);
#3087=ORIENTED_EDGE('',*,*,#1976,.F.);
#3088=EDGE_LOOP('',(#3082,#3084,#3086,#3087));
#3089=FACE_OUTER_BOUND('',#3088,.F.);
#3090=ADVANCED_FACE('',(#3089),#3081,.T.);
#3091=CARTESIAN_POINT('',(1.505E-1,0.E0,-1.568438714136E-1));
#3092=DIRECTION('',(0.E0,-1.E0,0.E0));
#3093=DIRECTION('',(0.E0,0.E0,-1.E0));
#3094=AXIS2_PLACEMENT_3D('',#3091,#3092,#3093);
#3095=CYLINDRICAL_SURFACE('',#3094,2.35E-1);
#3097=ORIENTED_EDGE('',*,*,#3096,.F.);
#3099=ORIENTED_EDGE('',*,*,#3098,.F.);
#3101=ORIENTED_EDGE('',*,*,#3100,.T.);
#3102=ORIENTED_EDGE('',*,*,#1972,.F.);
#3103=EDGE_LOOP('',(#3097,#3099,#3101,#3102));
#3104=FACE_OUTER_BOUND('',#3103,.F.);
#3105=ADVANCED_FACE('',(#3104),#3095,.T.);
#3106=CARTESIAN_POINT('',(3.945659838434E-1,0.E0,-2.586232682676E-1));
#3107=DIRECTION('',(9.967008078297E-1,0.E0,8.116341338048E-2));
#3108=DIRECTION('',(-8.116341338048E-2,0.E0,9.967008078297E-1));
#3109=AXIS2_PLACEMENT_3D('',#3106,#3107,#3108);
#3110=PLANE('',#3109);
#3111=ORIENTED_EDGE('',*,*,#3072,.F.);
#3113=ORIENTED_EDGE('',*,*,#3112,.F.);
#3115=ORIENTED_EDGE('',*,*,#3114,.T.);
#3116=ORIENTED_EDGE('',*,*,#3083,.T.);
#3117=EDGE_LOOP('',(#3111,#3113,#3115,#3116));
#3118=FACE_OUTER_BOUND('',#3117,.F.);
#3119=ADVANCED_FACE('',(#3118),#3110,.T.);
#3120=CARTESIAN_POINT('',(3.945659838434E-1,0.E0,-2.586232682676E-1));
#3121=DIRECTION('',(9.967008078297E-1,0.E0,8.116341338048E-2));
#3122=DIRECTION('',(-8.116341338048E-2,0.E0,9.967008078297E-1));
#3123=AXIS2_PLACEMENT_3D('',#3120,#3121,#3122);
#3124=PLANE('',#3123);
#3126=ORIENTED_EDGE('',*,*,#3125,.F.);
#3128=ORIENTED_EDGE('',*,*,#3127,.F.);
#3130=ORIENTED_EDGE('',*,*,#3129,.T.);
#3131=ORIENTED_EDGE('',*,*,#3098,.T.);
#3132=EDGE_LOOP('',(#3126,#3128,#3130,#3131));
#3133=FACE_OUTER_BOUND('',#3132,.F.);
#3134=ADVANCED_FACE('',(#3133),#3124,.T.);
#3135=CARTESIAN_POINT('',(4.145E-1,0.E0,-2.57E-1));
#3136=DIRECTION('',(0.E0,-1.E0,0.E0));
#3137=DIRECTION('',(0.E0,0.E0,-1.E0));
#3138=AXIS2_PLACEMENT_3D('',#3135,#3136,#3137);
#3139=CYLINDRICAL_SURFACE('',#3138,2.E-2);
#3140=ORIENTED_EDGE('',*,*,#3070,.T.);
#3142=ORIENTED_EDGE('',*,*,#3141,.F.);
#3144=ORIENTED_EDGE('',*,*,#3143,.F.);
#3145=ORIENTED_EDGE('',*,*,#3112,.T.);
#3146=EDGE_LOOP('',(#3140,#3142,#3144,#3145));
#3147=FACE_OUTER_BOUND('',#3146,.F.);
#3148=ADVANCED_FACE('',(#3147),#3139,.F.);
#3149=CARTESIAN_POINT('',(4.145E-1,0.E0,-2.57E-1));
#3150=DIRECTION('',(0.E0,-1.E0,0.E0));
#3151=DIRECTION('',(0.E0,0.E0,-1.E0));
#3152=AXIS2_PLACEMENT_3D('',#3149,#3150,#3151);
#3153=CYLINDRICAL_SURFACE('',#3152,2.E-2);
#3155=ORIENTED_EDGE('',*,*,#3154,.T.);
#3157=ORIENTED_EDGE('',*,*,#3156,.F.);
#3159=ORIENTED_EDGE('',*,*,#3158,.F.);
#3160=ORIENTED_EDGE('',*,*,#3127,.T.);
#3161=EDGE_LOOP('',(#3155,#3157,#3159,#3160));
#3162=FACE_OUTER_BOUND('',#3161,.F.);
#3163=ADVANCED_FACE('',(#3162),#3153,.F.);
#3164=CARTESIAN_POINT('',(4.045E-1,0.E0,-2.814276802366E-1));
#3165=DIRECTION('',(8.910065241883E-1,0.E0,4.539904997397E-1));
#3166=DIRECTION('',(-4.539904997397E-1,0.E0,8.910065241883E-1));
#3167=AXIS2_PLACEMENT_3D('',#3164,#3165,#3166);
#3168=PLANE('',#3167);
#3169=ORIENTED_EDGE('',*,*,#3068,.F.);
#3171=ORIENTED_EDGE('',*,*,#3170,.F.);
#3173=ORIENTED_EDGE('',*,*,#3172,.T.);
#3174=ORIENTED_EDGE('',*,*,#3141,.T.);
#3175=EDGE_LOOP('',(#3169,#3171,#3173,#3174));
#3176=FACE_OUTER_BOUND('',#3175,.F.);
#3177=ADVANCED_FACE('',(#3176),#3168,.T.);
#3178=CARTESIAN_POINT('',(4.045E-1,0.E0,-2.814276802366E-1));
#3179=DIRECTION('',(8.910065241883E-1,0.E0,4.539904997397E-1));
#3180=DIRECTION('',(-4.539904997397E-1,0.E0,8.910065241883E-1));
#3181=AXIS2_PLACEMENT_3D('',#3178,#3179,#3180);
#3182=PLANE('',#3181);
#3184=ORIENTED_EDGE('',*,*,#3183,.F.);
#3186=ORIENTED_EDGE('',*,*,#3185,.F.);
#3188=ORIENTED_EDGE('',*,*,#3187,.T.);
#3189=ORIENTED_EDGE('',*,*,#3156,.T.);
#3190=EDGE_LOOP('',(#3184,#3186,#3188,#3189));
#3191=FACE_OUTER_BOUND('',#3190,.F.);
#3192=ADVANCED_FACE('',(#3191),#3182,.T.);
#3193=CARTESIAN_POINT('',(3.982629543307E-1,0.E0,-2.846056137348E-1));
#3194=DIRECTION('',(4.539904997401E-1,0.E0,-8.910065241881E-1));
#3195=DIRECTION('',(8.910065241881E-1,0.E0,4.539904997401E-1));
#3196=AXIS2_PLACEMENT_3D('',#3193,#3194,#3195);
#3197=PLANE('',#3196);
#3198=ORIENTED_EDGE('',*,*,#3066,.F.);
#3200=ORIENTED_EDGE('',*,*,#3199,.F.);
#3202=ORIENTED_EDGE('',*,*,#3201,.T.);
#3203=ORIENTED_EDGE('',*,*,#3170,.T.);
#3204=EDGE_LOOP('',(#3198,#3200,#3202,#3203));
#3205=FACE_OUTER_BOUND('',#3204,.F.);
#3206=ADVANCED_FACE('',(#3205),#3197,.T.);
#3207=CARTESIAN_POINT('',(3.982629543307E-1,0.E0,-2.846056137348E-1));
#3208=DIRECTION('',(4.539904997401E-1,0.E0,-8.910065241881E-1));
#3209=DIRECTION('',(8.910065241881E-1,0.E0,4.539904997401E-1));
#3210=AXIS2_PLACEMENT_3D('',#3207,#3208,#3209);
#3211=PLANE('',#3210);
#3213=ORIENTED_EDGE('',*,*,#3212,.F.);
#3215=ORIENTED_EDGE('',*,*,#3214,.F.);
#3217=ORIENTED_EDGE('',*,*,#3216,.T.);
#3218=ORIENTED_EDGE('',*,*,#3185,.T.);
#3219=EDGE_LOOP('',(#3213,#3215,#3217,#3218));
#3220=FACE_OUTER_BOUND('',#3219,.F.);
#3221=ADVANCED_FACE('',(#3220),#3211,.T.);
#3222=CARTESIAN_POINT('',(3.904428238469E-1,0.E0,-2.692577434930E-1));
#3223=DIRECTION('',(-8.910065241884E-1,0.E0,-4.539904997395E-1));
#3224=DIRECTION('',(4.539904997395E-1,0.E0,-8.910065241884E-1));
#3225=AXIS2_PLACEMENT_3D('',#3222,#3223,#3224);
#3226=PLANE('',#3225);
#3227=ORIENTED_EDGE('',*,*,#3064,.F.);
#3229=ORIENTED_EDGE('',*,*,#3228,.F.);
#3231=ORIENTED_EDGE('',*,*,#3230,.T.);
#3232=ORIENTED_EDGE('',*,*,#3199,.T.);
#3233=EDGE_LOOP('',(#3227,#3229,#3231,#3232));
#3234=FACE_OUTER_BOUND('',#3233,.F.);
#3235=ADVANCED_FACE('',(#3234),#3226,.T.);
#3236=CARTESIAN_POINT('',(3.904428238469E-1,0.E0,-2.692577434930E-1));
#3237=DIRECTION('',(-8.910065241884E-1,0.E0,-4.539904997395E-1));
#3238=DIRECTION('',(4.539904997395E-1,0.E0,-8.910065241884E-1));
#3239=AXIS2_PLACEMENT_3D('',#3236,#3237,#3238);
#3240=PLANE('',#3239);
#3242=ORIENTED_EDGE('',*,*,#3241,.F.);
#3244=ORIENTED_EDGE('',*,*,#3243,.F.);
#3246=ORIENTED_EDGE('',*,*,#3245,.T.);
#3247=ORIENTED_EDGE('',*,*,#3214,.T.);
#3248=EDGE_LOOP('',(#3242,#3244,#3246,#3247));
#3249=FACE_OUTER_BOUND('',#3248,.F.);
#3250=ADVANCED_FACE('',(#3249),#3240,.T.);
#3251=CARTESIAN_POINT('',(4.145E-1,0.E0,-2.57E-1));
#3252=DIRECTION('',(0.E0,-1.E0,0.E0));
#3253=DIRECTION('',(0.E0,0.E0,-1.E0));
#3254=AXIS2_PLACEMENT_3D('',#3251,#3252,#3253);
#3255=CYLINDRICAL_SURFACE('',#3254,2.7E-2);
#3256=ORIENTED_EDGE('',*,*,#3062,.F.);
#3258=ORIENTED_EDGE('',*,*,#3257,.F.);
#3260=ORIENTED_EDGE('',*,*,#3259,.T.);
#3261=ORIENTED_EDGE('',*,*,#3228,.T.);
#3262=EDGE_LOOP('',(#3256,#3258,#3260,#3261));
#3263=FACE_OUTER_BOUND('',#3262,.F.);
#3264=ADVANCED_FACE('',(#3263),#3255,.T.);
#3265=CARTESIAN_POINT('',(4.145E-1,0.E0,-2.57E-1));
#3266=DIRECTION('',(0.E0,-1.E0,0.E0));
#3267=DIRECTION('',(0.E0,0.E0,-1.E0));
#3268=AXIS2_PLACEMENT_3D('',#3265,#3266,#3267);
#3269=CYLINDRICAL_SURFACE('',#3268,2.7E-2);
#3271=ORIENTED_EDGE('',*,*,#3270,.F.);
#3273=ORIENTED_EDGE('',*,*,#3272,.F.);
#3275=ORIENTED_EDGE('',*,*,#3274,.T.);
#3276=ORIENTED_EDGE('',*,*,#3243,.T.);
#3277=EDGE_LOOP('',(#3271,#3273,#3275,#3276));
#3278=FACE_OUTER_BOUND('',#3277,.F.);
#3279=ADVANCED_FACE('',(#3278),#3269,.T.);
#3280=CARTESIAN_POINT('',(3.777477841852E-1,0.E0,-1.383386131628E-1));
#3281=DIRECTION('',(-9.967008078297E-1,0.E0,-8.116341338048E-2));
#3282=DIRECTION('',(8.116341338048E-2,0.E0,-9.967008078297E-1));
#3283=AXIS2_PLACEMENT_3D('',#3280,#3281,#3282);
#3284=PLANE('',#3283);
#3285=ORIENTED_EDGE('',*,*,#3060,.F.);
#3286=ORIENTED_EDGE('',*,*,#3031,.F.);
#3288=ORIENTED_EDGE('',*,*,#3287,.T.);
#3289=ORIENTED_EDGE('',*,*,#3257,.T.);
#3290=EDGE_LOOP('',(#3285,#3286,#3288,#3289));
#3291=FACE_OUTER_BOUND('',#3290,.F.);
#3292=ADVANCED_FACE('',(#3291),#3284,.T.);
#3293=CARTESIAN_POINT('',(3.777477841852E-1,0.E0,-1.383386131628E-1));
#3294=DIRECTION('',(-9.967008078297E-1,0.E0,-8.116341338048E-2));
#3295=DIRECTION('',(8.116341338048E-2,0.E0,-9.967008078297E-1));
#3296=AXIS2_PLACEMENT_3D('',#3293,#3294,#3295);
#3297=PLANE('',#3296);
#3299=ORIENTED_EDGE('',*,*,#3298,.F.);
#3300=ORIENTED_EDGE('',*,*,#3046,.F.);
#3302=ORIENTED_EDGE('',*,*,#3301,.T.);
#3303=ORIENTED_EDGE('',*,*,#3272,.T.);
#3304=EDGE_LOOP('',(#3299,#3300,#3302,#3303));
#3305=FACE_OUTER_BOUND('',#3304,.F.);
#3306=ADVANCED_FACE('',(#3305),#3297,.T.);
#3307=CARTESIAN_POINT('',(3.255E-1,1.08E-1,-2.85E-1));
#3308=DIRECTION('',(0.E0,9.957049617744E-1,9.258309293692E-2));
#3309=DIRECTION('',(0.E0,-9.258309293692E-2,9.957049617744E-1));
#3310=AXIS2_PLACEMENT_3D('',#3307,#3308,#3309);
#3311=PLANE('',#3310);
#3312=ORIENTED_EDGE('',*,*,#3085,.F.);
#3313=ORIENTED_EDGE('',*,*,#3114,.F.);
#3314=ORIENTED_EDGE('',*,*,#3143,.T.);
#3315=ORIENTED_EDGE('',*,*,#3172,.F.);
#3316=ORIENTED_EDGE('',*,*,#3201,.F.);
#3317=ORIENTED_EDGE('',*,*,#3230,.F.);
#3318=ORIENTED_EDGE('',*,*,#3259,.F.);
#3319=ORIENTED_EDGE('',*,*,#3287,.F.);
#3320=ORIENTED_EDGE('',*,*,#3029,.T.);
#3321=ORIENTED_EDGE('',*,*,#3009,.T.);
#3322=EDGE_LOOP('',(#3312,#3313,#3314,#3315,#3316,#3317,#3318,#3319,#3320,
#3321));
#3323=FACE_OUTER_BOUND('',#3322,.F.);
#3324=ADVANCED_FACE('',(#3323),#3311,.F.);
#3325=CARTESIAN_POINT('',(3.255E-1,3.835E-1,0.E0));
#3326=DIRECTION('',(0.E0,-9.957049617744E-1,9.258309293692E-2));
#3327=DIRECTION('',(0.E0,-9.258309293692E-2,-9.957049617744E-1));
#3328=AXIS2_PLACEMENT_3D('',#3325,#3326,#3327);
#3329=PLANE('',#3328);
#3330=ORIENTED_EDGE('',*,*,#3096,.T.);
#3331=ORIENTED_EDGE('',*,*,#2991,.T.);
#3332=ORIENTED_EDGE('',*,*,#3041,.F.);
#3333=ORIENTED_EDGE('',*,*,#3298,.T.);
#3334=ORIENTED_EDGE('',*,*,#3270,.T.);
#3335=ORIENTED_EDGE('',*,*,#3241,.T.);
#3336=ORIENTED_EDGE('',*,*,#3212,.T.);
#3337=ORIENTED_EDGE('',*,*,#3183,.T.);
#3338=ORIENTED_EDGE('',*,*,#3154,.F.);
#3339=ORIENTED_EDGE('',*,*,#3125,.T.);
#3340=EDGE_LOOP('',(#3330,#3331,#3332,#3333,#3334,#3335,#3336,#3337,#3338,
#3339));
#3341=FACE_OUTER_BOUND('',#3340,.F.);
#3342=ADVANCED_FACE('',(#3341),#3329,.F.);
#3343=CARTESIAN_POINT('',(3.255E-1,3.05E-1,-2.85E-1));
#3344=DIRECTION('',(0.E0,9.957049617744E-1,9.258309293692E-2));
#3345=DIRECTION('',(0.E0,-9.258309293692E-2,9.957049617744E-1));
#3346=AXIS2_PLACEMENT_3D('',#3343,#3344,#3345);
#3347=PLANE('',#3346);
#3348=ORIENTED_EDGE('',*,*,#3100,.F.);
#3349=ORIENTED_EDGE('',*,*,#3129,.F.);
#3350=ORIENTED_EDGE('',*,*,#3158,.T.);
#3351=ORIENTED_EDGE('',*,*,#3187,.F.);
#3352=ORIENTED_EDGE('',*,*,#3216,.F.);
#3353=ORIENTED_EDGE('',*,*,#3245,.F.);
#3354=ORIENTED_EDGE('',*,*,#3274,.F.);
#3355=ORIENTED_EDGE('',*,*,#3301,.F.);
#3356=ORIENTED_EDGE('',*,*,#3044,.T.);
#3357=ORIENTED_EDGE('',*,*,#3016,.T.);
#3358=EDGE_LOOP('',(#3348,#3349,#3350,#3351,#3352,#3353,#3354,#3355,#3356,
#3357));
#3359=FACE_OUTER_BOUND('',#3358,.F.);
#3360=ADVANCED_FACE('',(#3359),#3347,.F.);
#3361=CARTESIAN_POINT('',(3.185E-1,0.E0,-3.7E-1));
#3362=DIRECTION('',(0.E0,0.E0,-1.E0));
#3363=DIRECTION('',(1.E0,0.E0,0.E0));
#3364=AXIS2_PLACEMENT_3D('',#3361,#3362,#3363);
#3365=PLANE('',#3364);
#3367=ORIENTED_EDGE('',*,*,#3366,.T.);
#3368=ORIENTED_EDGE('',*,*,#2997,.F.);
#3369=ORIENTED_EDGE('',*,*,#2353,.T.);
#3371=ORIENTED_EDGE('',*,*,#3370,.T.);
#3372=EDGE_LOOP('',(#3367,#3368,#3369,#3371));
#3373=FACE_OUTER_BOUND('',#3372,.F.);
#3374=ADVANCED_FACE('',(#3373),#3365,.T.);
#3375=CARTESIAN_POINT('',(3.22E-1,-1.343397459622E-1,-3.65E-1));
#3376=DIRECTION('',(0.E0,-2.588190451025E-1,-9.659258262891E-1));
#3377=DIRECTION('',(0.E0,9.659258262891E-1,-2.588190451025E-1));
#3378=AXIS2_PLACEMENT_3D('',#3375,#3376,#3377);
#3379=PLANE('',#3378);
#3380=ORIENTED_EDGE('',*,*,#2999,.T.);
#3381=ORIENTED_EDGE('',*,*,#3366,.F.);
#3383=ORIENTED_EDGE('',*,*,#3382,.T.);
#3385=ORIENTED_EDGE('',*,*,#3384,.T.);
#3386=EDGE_LOOP('',(#3380,#3381,#3383,#3385));
#3387=FACE_OUTER_BOUND('',#3386,.F.);
#3388=ADVANCED_FACE('',(#3387),#3379,.T.);
#3389=CARTESIAN_POINT('',(3.185E-1,0.E0,-3.3E-1));
#3390=DIRECTION('',(-1.E0,0.E0,0.E0));
#3391=DIRECTION('',(0.E0,0.E0,-1.E0));
#3392=AXIS2_PLACEMENT_3D('',#3389,#3390,#3391);
#3393=PLANE('',#3392);
#3394=ORIENTED_EDGE('',*,*,#3382,.F.);
#3395=ORIENTED_EDGE('',*,*,#3370,.F.);
#3396=ORIENTED_EDGE('',*,*,#2351,.F.);
#3398=ORIENTED_EDGE('',*,*,#3397,.T.);
#3400=ORIENTED_EDGE('',*,*,#3399,.F.);
#3402=ORIENTED_EDGE('',*,*,#3401,.T.);
#3403=EDGE_LOOP('',(#3394,#3395,#3396,#3398,#3400,#3402));
#3404=FACE_OUTER_BOUND('',#3403,.F.);
#3405=ADVANCED_FACE('',(#3404),#3393,.T.);
#3406=CARTESIAN_POINT('',(3.255E-1,0.E0,-3.3E-1));
#3407=DIRECTION('',(0.E0,0.E0,1.E0));
#3408=DIRECTION('',(-1.E0,0.E0,0.E0));
#3409=AXIS2_PLACEMENT_3D('',#3406,#3407,#3408);
#3410=PLANE('',#3409);
#3412=ORIENTED_EDGE('',*,*,#3411,.T.);
#3413=ORIENTED_EDGE('',*,*,#3397,.F.);
#3414=ORIENTED_EDGE('',*,*,#2349,.F.);
#3415=ORIENTED_EDGE('',*,*,#3005,.T.);
#3416=EDGE_LOOP('',(#3412,#3413,#3414,#3415));
#3417=FACE_OUTER_BOUND('',#3416,.F.);
#3418=ADVANCED_FACE('',(#3417),#3410,.T.);
#3419=CARTESIAN_POINT('',(3.22E-1,-1.343397459622E-1,-3.35E-1));
#3420=DIRECTION('',(0.E0,-2.588190451025E-1,9.659258262891E-1));
#3421=DIRECTION('',(0.E0,9.659258262891E-1,2.588190451025E-1));
#3422=AXIS2_PLACEMENT_3D('',#3419,#3420,#3421);
#3423=PLANE('',#3422);
#3424=ORIENTED_EDGE('',*,*,#3399,.T.);
#3425=ORIENTED_EDGE('',*,*,#3411,.F.);
#3426=ORIENTED_EDGE('',*,*,#3003,.T.);
#3428=ORIENTED_EDGE('',*,*,#3427,.T.);
#3429=EDGE_LOOP('',(#3424,#3425,#3426,#3428));
#3430=FACE_OUTER_BOUND('',#3429,.F.);
#3431=ADVANCED_FACE('',(#3430),#3423,.T.);
#3432=CARTESIAN_POINT('',(0.E0,-1.53E-1,0.E0));
#3433=DIRECTION('',(0.E0,-1.E0,0.E0));
#3434=DIRECTION('',(1.E0,0.E0,0.E0));
#3435=AXIS2_PLACEMENT_3D('',#3432,#3433,#3434);
#3436=PLANE('',#3435);
#3437=ORIENTED_EDGE('',*,*,#3384,.F.);
#3438=ORIENTED_EDGE('',*,*,#3401,.F.);
#3439=ORIENTED_EDGE('',*,*,#3427,.F.);
#3440=ORIENTED_EDGE('',*,*,#3001,.F.);
#3441=EDGE_LOOP('',(#3437,#3438,#3439,#3440));
#3442=FACE_OUTER_BOUND('',#3441,.F.);
#3443=ADVANCED_FACE('',(#3442),#3436,.T.);
#3444=CARTESIAN_POINT('',(0.E0,-1.53E-1,0.E0));
#3445=DIRECTION('',(0.E0,-1.E0,0.E0));
#3446=DIRECTION('',(1.E0,0.E0,0.E0));
#3447=AXIS2_PLACEMENT_3D('',#3444,#3445,#3446);
#3448=PLANE('',#3447);
#3450=ORIENTED_EDGE('',*,*,#3449,.F.);
#3451=ORIENTED_EDGE('',*,*,#2285,.F.);
#3453=ORIENTED_EDGE('',*,*,#3452,.F.);
#3455=ORIENTED_EDGE('',*,*,#3454,.F.);
#3456=EDGE_LOOP('',(#3450,#3451,#3453,#3455));
#3457=FACE_OUTER_BOUND('',#3456,.F.);
#3458=ADVANCED_FACE('',(#3457),#3448,.T.);
#3459=CARTESIAN_POINT('',(-3.22E-1,-1.343397459622E-1,-3.65E-1));
#3460=DIRECTION('',(0.E0,-2.588190451025E-1,-9.659258262891E-1));
#3461=DIRECTION('',(0.E0,9.659258262891E-1,-2.588190451025E-1));
#3462=AXIS2_PLACEMENT_3D('',#3459,#3460,#3461);
#3463=PLANE('',#3462);
#3465=ORIENTED_EDGE('',*,*,#3464,.T.);
#3467=ORIENTED_EDGE('',*,*,#3466,.F.);
#3468=ORIENTED_EDGE('',*,*,#2287,.T.);
#3469=ORIENTED_EDGE('',*,*,#3449,.T.);
#3470=EDGE_LOOP('',(#3465,#3467,#3468,#3469));
#3471=FACE_OUTER_BOUND('',#3470,.F.);
#3472=ADVANCED_FACE('',(#3471),#3463,.T.);
#3473=CARTESIAN_POINT('',(-3.185E-1,0.E0,-3.7E-1));
#3474=DIRECTION('',(1.E0,0.E0,0.E0));
#3475=DIRECTION('',(0.E0,0.E0,1.E0));
#3476=AXIS2_PLACEMENT_3D('',#3473,#3474,#3475);
#3477=PLANE('',#3476);
#3478=ORIENTED_EDGE('',*,*,#3464,.F.);
#3479=ORIENTED_EDGE('',*,*,#3454,.T.);
#3481=ORIENTED_EDGE('',*,*,#3480,.F.);
#3483=ORIENTED_EDGE('',*,*,#3482,.F.);
#3484=ORIENTED_EDGE('',*,*,#2361,.F.);
#3486=ORIENTED_EDGE('',*,*,#3485,.T.);
#3487=EDGE_LOOP('',(#3478,#3479,#3481,#3483,#3484,#3486));
#3488=FACE_OUTER_BOUND('',#3487,.F.);
#3489=ADVANCED_FACE('',(#3488),#3477,.T.);
#3490=CARTESIAN_POINT('',(-3.22E-1,-1.343397459622E-1,-3.35E-1));
#3491=DIRECTION('',(0.E0,-2.588190451025E-1,9.659258262891E-1));
#3492=DIRECTION('',(0.E0,9.659258262891E-1,2.588190451025E-1));
#3493=AXIS2_PLACEMENT_3D('',#3490,#3491,#3492);
#3494=PLANE('',#3493);
#3495=ORIENTED_EDGE('',*,*,#2283,.T.);
#3497=ORIENTED_EDGE('',*,*,#3496,.F.);
#3498=ORIENTED_EDGE('',*,*,#3480,.T.);
#3499=ORIENTED_EDGE('',*,*,#3452,.T.);
#3500=EDGE_LOOP('',(#3495,#3497,#3498,#3499));
#3501=FACE_OUTER_BOUND('',#3500,.F.);
#3502=ADVANCED_FACE('',(#3501),#3494,.T.);
#3503=CARTESIAN_POINT('',(-3.185E-1,0.E0,-3.3E-1));
#3504=DIRECTION('',(0.E0,0.E0,1.E0));
#3505=DIRECTION('',(-1.E0,0.E0,0.E0));
#3506=AXIS2_PLACEMENT_3D('',#3503,#3504,#3505);
#3507=PLANE('',#3506);
#3508=ORIENTED_EDGE('',*,*,#3496,.T.);
#3509=ORIENTED_EDGE('',*,*,#2281,.F.);
#3510=ORIENTED_EDGE('',*,*,#2363,.T.);
#3511=ORIENTED_EDGE('',*,*,#3482,.T.);
#3512=EDGE_LOOP('',(#3508,#3509,#3510,#3511));
#3513=FACE_OUTER_BOUND('',#3512,.F.);
#3514=ADVANCED_FACE('',(#3513),#3507,.T.);
#3515=CARTESIAN_POINT('',(-3.255E-1,0.E0,-3.7E-1));
#3516=DIRECTION('',(0.E0,0.E0,-1.E0));
#3517=DIRECTION('',(1.E0,0.E0,0.E0));
#3518=AXIS2_PLACEMENT_3D('',#3515,#3516,#3517);
#3519=PLANE('',#3518);
#3520=ORIENTED_EDGE('',*,*,#3466,.T.);
#3521=ORIENTED_EDGE('',*,*,#3485,.F.);
#3522=ORIENTED_EDGE('',*,*,#2359,.F.);
#3523=ORIENTED_EDGE('',*,*,#2289,.T.);
#3524=EDGE_LOOP('',(#3520,#3521,#3522,#3523));
#3525=FACE_OUTER_BOUND('',#3524,.F.);
#3526=ADVANCED_FACE('',(#3525),#3519,.T.);
#3527=CARTESIAN_POINT('',(2.26E-1,5.21E-1,-2.85E-1));
#3528=DIRECTION('',(-9.957049617744E-1,0.E0,9.258309293692E-2));
#3529=DIRECTION('',(9.258309293692E-2,0.E0,9.957049617744E-1));
#3530=AXIS2_PLACEMENT_3D('',#3527,#3528,#3529);
#3531=PLANE('',#3530);
#3533=ORIENTED_EDGE('',*,*,#3532,.F.);
#3535=ORIENTED_EDGE('',*,*,#3534,.F.);
#3537=ORIENTED_EDGE('',*,*,#3536,.T.);
#3539=ORIENTED_EDGE('',*,*,#3538,.F.);
#3541=ORIENTED_EDGE('',*,*,#3540,.F.);
#3543=ORIENTED_EDGE('',*,*,#3542,.F.);
#3545=ORIENTED_EDGE('',*,*,#3544,.F.);
#3547=ORIENTED_EDGE('',*,*,#3546,.F.);
#3549=ORIENTED_EDGE('',*,*,#3548,.T.);
#3550=ORIENTED_EDGE('',*,*,#2309,.T.);
#3551=EDGE_LOOP('',(#3533,#3535,#3537,#3539,#3541,#3543,#3545,#3547,#3549,
#3550));
#3552=FACE_OUTER_BOUND('',#3551,.F.);
#3553=ADVANCED_FACE('',(#3552),#3531,.F.);
#3554=CARTESIAN_POINT('',(3.255E-1,3.46E-1,-1.568438714136E-1));
#3555=DIRECTION('',(1.E0,0.E0,0.E0));
#3556=DIRECTION('',(0.E0,0.E0,-1.E0));
#3557=AXIS2_PLACEMENT_3D('',#3554,#3555,#3556);
#3558=CYLINDRICAL_SURFACE('',#3557,2.35E-1);
#3560=ORIENTED_EDGE('',*,*,#3559,.F.);
#3562=ORIENTED_EDGE('',*,*,#3561,.F.);
#3564=ORIENTED_EDGE('',*,*,#3563,.T.);
#3565=ORIENTED_EDGE('',*,*,#1962,.F.);
#3566=EDGE_LOOP('',(#3560,#3562,#3564,#3565));
#3567=FACE_OUTER_BOUND('',#3566,.F.);
#3568=ADVANCED_FACE('',(#3567),#3558,.T.);
#3569=CARTESIAN_POINT('',(3.255E-1,3.46E-1,-1.568438714136E-1));
#3570=DIRECTION('',(1.E0,0.E0,0.E0));
#3571=DIRECTION('',(0.E0,0.E0,-1.E0));
#3572=AXIS2_PLACEMENT_3D('',#3569,#3570,#3571);
#3573=CYLINDRICAL_SURFACE('',#3572,2.35E-1);
#3574=ORIENTED_EDGE('',*,*,#3532,.T.);
#3575=ORIENTED_EDGE('',*,*,#1966,.F.);
#3577=ORIENTED_EDGE('',*,*,#3576,.F.);
#3579=ORIENTED_EDGE('',*,*,#3578,.F.);
#3580=EDGE_LOOP('',(#3574,#3575,#3577,#3579));
#3581=FACE_OUTER_BOUND('',#3580,.F.);
#3582=ADVANCED_FACE('',(#3581),#3573,.T.);
#3583=CARTESIAN_POINT('',(-2.525E-1,5.21E-1,0.E0));
#3584=DIRECTION('',(9.957049617744E-1,0.E0,9.258309293692E-2));
#3585=DIRECTION('',(9.258309293692E-2,0.E0,-9.957049617744E-1));
#3586=AXIS2_PLACEMENT_3D('',#3583,#3584,#3585);
#3587=PLANE('',#3586);
#3588=ORIENTED_EDGE('',*,*,#3559,.T.);
#3589=ORIENTED_EDGE('',*,*,#2320,.T.);
#3591=ORIENTED_EDGE('',*,*,#3590,.F.);
#3593=ORIENTED_EDGE('',*,*,#3592,.T.);
#3595=ORIENTED_EDGE('',*,*,#3594,.T.);
#3597=ORIENTED_EDGE('',*,*,#3596,.T.);
#3599=ORIENTED_EDGE('',*,*,#3598,.T.);
#3601=ORIENTED_EDGE('',*,*,#3600,.T.);
#3603=ORIENTED_EDGE('',*,*,#3602,.F.);
#3605=ORIENTED_EDGE('',*,*,#3604,.T.);
#3606=EDGE_LOOP('',(#3588,#3589,#3591,#3593,#3595,#3597,#3599,#3601,#3603,
#3605));
#3607=FACE_OUTER_BOUND('',#3606,.F.);
#3608=ADVANCED_FACE('',(#3607),#3587,.F.);
#3609=CARTESIAN_POINT('',(3.255E-1,3.46E-1,-1.568438714136E-1));
#3610=DIRECTION('',(1.E0,0.E0,0.E0));
#3611=DIRECTION('',(0.E0,0.E0,-1.E0));
#3612=AXIS2_PLACEMENT_3D('',#3609,#3610,#3611);
#3613=CYLINDRICAL_SURFACE('',#3612,2.28E-1);
#3614=ORIENTED_EDGE('',*,*,#3590,.T.);
#3615=ORIENTED_EDGE('',*,*,#2318,.T.);
#3617=ORIENTED_EDGE('',*,*,#3616,.F.);
#3619=ORIENTED_EDGE('',*,*,#3618,.T.);
#3620=EDGE_LOOP('',(#3614,#3615,#3617,#3619));
#3621=FACE_OUTER_BOUND('',#3620,.F.);
#3622=ADVANCED_FACE('',(#3621),#3613,.F.);
#3623=CARTESIAN_POINT('',(3.255E-1,3.46E-1,-1.568438714136E-1));
#3624=DIRECTION('',(1.E0,0.E0,0.E0));
#3625=DIRECTION('',(0.E0,0.E0,-1.E0));
#3626=AXIS2_PLACEMENT_3D('',#3623,#3624,#3625);
#3627=CYLINDRICAL_SURFACE('',#3626,2.28E-1);
#3628=ORIENTED_EDGE('',*,*,#3548,.F.);
#3630=ORIENTED_EDGE('',*,*,#3629,.T.);
#3632=ORIENTED_EDGE('',*,*,#3631,.T.);
#3633=ORIENTED_EDGE('',*,*,#2311,.T.);
#3634=EDGE_LOOP('',(#3628,#3630,#3632,#3633));
#3635=FACE_OUTER_BOUND('',#3634,.F.);
#3636=ADVANCED_FACE('',(#3635),#3627,.F.);
#3637=CARTESIAN_POINT('',(-1.74E-1,5.21E-1,-2.85E-1));
#3638=DIRECTION('',(-9.957049617744E-1,0.E0,9.258309293692E-2));
#3639=DIRECTION('',(9.258309293692E-2,0.E0,9.957049617744E-1));
#3640=AXIS2_PLACEMENT_3D('',#3637,#3638,#3639);
#3641=PLANE('',#3640);
#3642=ORIENTED_EDGE('',*,*,#3563,.F.);
#3644=ORIENTED_EDGE('',*,*,#3643,.F.);
#3646=ORIENTED_EDGE('',*,*,#3645,.T.);
#3648=ORIENTED_EDGE('',*,*,#3647,.F.);
#3650=ORIENTED_EDGE('',*,*,#3649,.F.);
#3652=ORIENTED_EDGE('',*,*,#3651,.F.);
#3654=ORIENTED_EDGE('',*,*,#3653,.F.);
#3656=ORIENTED_EDGE('',*,*,#3655,.F.);
#3657=ORIENTED_EDGE('',*,*,#3616,.T.);
#3658=ORIENTED_EDGE('',*,*,#2316,.T.);
#3659=EDGE_LOOP('',(#3642,#3644,#3646,#3648,#3650,#3652,#3654,#3656,#3657,
#3658));
#3660=FACE_OUTER_BOUND('',#3659,.F.);
#3661=ADVANCED_FACE('',(#3660),#3641,.F.);
#3662=CARTESIAN_POINT('',(3.255E-1,5.900659838434E-1,-2.586232682676E-1));
#3663=DIRECTION('',(0.E0,9.967008078297E-1,8.116341338048E-2));
#3664=DIRECTION('',(0.E0,-8.116341338048E-2,9.967008078297E-1));
#3665=AXIS2_PLACEMENT_3D('',#3662,#3663,#3664);
#3666=PLANE('',#3665);
#3667=ORIENTED_EDGE('',*,*,#3604,.F.);
#3669=ORIENTED_EDGE('',*,*,#3668,.F.);
#3670=ORIENTED_EDGE('',*,*,#3643,.T.);
#3671=ORIENTED_EDGE('',*,*,#3561,.T.);
#3672=EDGE_LOOP('',(#3667,#3669,#3670,#3671));
#3673=FACE_OUTER_BOUND('',#3672,.F.);
#3674=ADVANCED_FACE('',(#3673),#3666,.T.);
#3675=CARTESIAN_POINT('',(3.255E-1,5.900659838434E-1,-2.586232682676E-1));
#3676=DIRECTION('',(0.E0,9.967008078297E-1,8.116341338048E-2));
#3677=DIRECTION('',(0.E0,-8.116341338048E-2,9.967008078297E-1));
#3678=AXIS2_PLACEMENT_3D('',#3675,#3676,#3677);
#3679=PLANE('',#3678);
#3680=ORIENTED_EDGE('',*,*,#3534,.T.);
#3681=ORIENTED_EDGE('',*,*,#3578,.T.);
#3683=ORIENTED_EDGE('',*,*,#3682,.F.);
#3685=ORIENTED_EDGE('',*,*,#3684,.F.);
#3686=EDGE_LOOP('',(#3680,#3681,#3683,#3685));
#3687=FACE_OUTER_BOUND('',#3686,.F.);
#3688=ADVANCED_FACE('',(#3687),#3679,.T.);
#3689=CARTESIAN_POINT('',(3.255E-1,6.1E-1,-2.57E-1));
#3690=DIRECTION('',(1.E0,0.E0,0.E0));
#3691=DIRECTION('',(0.E0,0.E0,-1.E0));
#3692=AXIS2_PLACEMENT_3D('',#3689,#3690,#3691);
#3693=CYLINDRICAL_SURFACE('',#3692,2.E-2);
#3694=ORIENTED_EDGE('',*,*,#3602,.T.);
#3696=ORIENTED_EDGE('',*,*,#3695,.F.);
#3697=ORIENTED_EDGE('',*,*,#3645,.F.);
#3698=ORIENTED_EDGE('',*,*,#3668,.T.);
#3699=EDGE_LOOP('',(#3694,#3696,#3697,#3698));
#3700=FACE_OUTER_BOUND('',#3699,.F.);
#3701=ADVANCED_FACE('',(#3700),#3693,.F.);
#3702=CARTESIAN_POINT('',(3.255E-1,6.1E-1,-2.57E-1));
#3703=DIRECTION('',(1.E0,0.E0,0.E0));
#3704=DIRECTION('',(0.E0,0.E0,-1.E0));
#3705=AXIS2_PLACEMENT_3D('',#3702,#3703,#3704);
#3706=CYLINDRICAL_SURFACE('',#3705,2.E-2);
#3707=ORIENTED_EDGE('',*,*,#3536,.F.);
#3708=ORIENTED_EDGE('',*,*,#3684,.T.);
#3710=ORIENTED_EDGE('',*,*,#3709,.T.);
#3712=ORIENTED_EDGE('',*,*,#3711,.F.);
#3713=EDGE_LOOP('',(#3707,#3708,#3710,#3712));
#3714=FACE_OUTER_BOUND('',#3713,.F.);
#3715=ADVANCED_FACE('',(#3714),#3706,.F.);
#3716=CARTESIAN_POINT('',(3.255E-1,6.E-1,-2.814276802367E-1));
#3717=DIRECTION('',(0.E0,8.910065241884E-1,4.539904997395E-1));
#3718=DIRECTION('',(0.E0,-4.539904997395E-1,8.910065241884E-1));
#3719=AXIS2_PLACEMENT_3D('',#3716,#3717,#3718);
#3720=PLANE('',#3719);
#3721=ORIENTED_EDGE('',*,*,#3600,.F.);
#3723=ORIENTED_EDGE('',*,*,#3722,.F.);
#3724=ORIENTED_EDGE('',*,*,#3647,.T.);
#3725=ORIENTED_EDGE('',*,*,#3695,.T.);
#3726=EDGE_LOOP('',(#3721,#3723,#3724,#3725));
#3727=FACE_OUTER_BOUND('',#3726,.F.);
#3728=ADVANCED_FACE('',(#3727),#3720,.T.);
#3729=CARTESIAN_POINT('',(3.255E-1,6.E-1,-2.814276802367E-1));
#3730=DIRECTION('',(0.E0,8.910065241884E-1,4.539904997395E-1));
#3731=DIRECTION('',(0.E0,-4.539904997395E-1,8.910065241884E-1));
#3732=AXIS2_PLACEMENT_3D('',#3729,#3730,#3731);
#3733=PLANE('',#3732);
#3734=ORIENTED_EDGE('',*,*,#3538,.T.);
#3735=ORIENTED_EDGE('',*,*,#3711,.T.);
#3737=ORIENTED_EDGE('',*,*,#3736,.F.);
#3739=ORIENTED_EDGE('',*,*,#3738,.F.);
#3740=EDGE_LOOP('',(#3734,#3735,#3737,#3739));
#3741=FACE_OUTER_BOUND('',#3740,.F.);
#3742=ADVANCED_FACE('',(#3741),#3733,.T.);
#3743=CARTESIAN_POINT('',(3.255E-1,5.937629543307E-1,-2.846056137348E-1));
#3744=DIRECTION('',(0.E0,4.539904997395E-1,-8.910065241884E-1));
#3745=DIRECTION('',(0.E0,8.910065241884E-1,4.539904997395E-1));
#3746=AXIS2_PLACEMENT_3D('',#3743,#3744,#3745);
#3747=PLANE('',#3746);
#3748=ORIENTED_EDGE('',*,*,#3598,.F.);
#3750=ORIENTED_EDGE('',*,*,#3749,.F.);
#3751=ORIENTED_EDGE('',*,*,#3649,.T.);
#3752=ORIENTED_EDGE('',*,*,#3722,.T.);
#3753=EDGE_LOOP('',(#3748,#3750,#3751,#3752));
#3754=FACE_OUTER_BOUND('',#3753,.F.);
#3755=ADVANCED_FACE('',(#3754),#3747,.T.);
#3756=CARTESIAN_POINT('',(3.255E-1,5.937629543307E-1,-2.846056137348E-1));
#3757=DIRECTION('',(0.E0,4.539904997395E-1,-8.910065241884E-1));
#3758=DIRECTION('',(0.E0,8.910065241884E-1,4.539904997395E-1));
#3759=AXIS2_PLACEMENT_3D('',#3756,#3757,#3758);
#3760=PLANE('',#3759);
#3761=ORIENTED_EDGE('',*,*,#3540,.T.);
#3762=ORIENTED_EDGE('',*,*,#3738,.T.);
#3764=ORIENTED_EDGE('',*,*,#3763,.F.);
#3766=ORIENTED_EDGE('',*,*,#3765,.F.);
#3767=EDGE_LOOP('',(#3761,#3762,#3764,#3766));
#3768=FACE_OUTER_BOUND('',#3767,.F.);
#3769=ADVANCED_FACE('',(#3768),#3760,.T.);
#3770=CARTESIAN_POINT('',(3.255E-1,5.859428238469E-1,-2.692577434930E-1));
#3771=DIRECTION('',(0.E0,-8.910065241884E-1,-4.539904997395E-1));
#3772=DIRECTION('',(0.E0,4.539904997395E-1,-8.910065241884E-1));
#3773=AXIS2_PLACEMENT_3D('',#3770,#3771,#3772);
#3774=PLANE('',#3773);
#3775=ORIENTED_EDGE('',*,*,#3596,.F.);
#3777=ORIENTED_EDGE('',*,*,#3776,.F.);
#3778=ORIENTED_EDGE('',*,*,#3651,.T.);
#3779=ORIENTED_EDGE('',*,*,#3749,.T.);
#3780=EDGE_LOOP('',(#3775,#3777,#3778,#3779));
#3781=FACE_OUTER_BOUND('',#3780,.F.);
#3782=ADVANCED_FACE('',(#3781),#3774,.T.);
#3783=CARTESIAN_POINT('',(3.255E-1,5.859428238469E-1,-2.692577434930E-1));
#3784=DIRECTION('',(0.E0,-8.910065241884E-1,-4.539904997395E-1));
#3785=DIRECTION('',(0.E0,4.539904997395E-1,-8.910065241884E-1));
#3786=AXIS2_PLACEMENT_3D('',#3783,#3784,#3785);
#3787=PLANE('',#3786);
#3788=ORIENTED_EDGE('',*,*,#3542,.T.);
#3789=ORIENTED_EDGE('',*,*,#3765,.T.);
#3791=ORIENTED_EDGE('',*,*,#3790,.F.);
#3793=ORIENTED_EDGE('',*,*,#3792,.F.);
#3794=EDGE_LOOP('',(#3788,#3789,#3791,#3793));
#3795=FACE_OUTER_BOUND('',#3794,.F.);
#3796=ADVANCED_FACE('',(#3795),#3787,.T.);
#3797=CARTESIAN_POINT('',(3.255E-1,6.1E-1,-2.57E-1));
#3798=DIRECTION('',(1.E0,0.E0,0.E0));
#3799=DIRECTION('',(0.E0,0.E0,-1.E0));
#3800=AXIS2_PLACEMENT_3D('',#3797,#3798,#3799);
#3801=CYLINDRICAL_SURFACE('',#3800,2.7E-2);
#3802=ORIENTED_EDGE('',*,*,#3594,.F.);
#3804=ORIENTED_EDGE('',*,*,#3803,.F.);
#3805=ORIENTED_EDGE('',*,*,#3653,.T.);
#3806=ORIENTED_EDGE('',*,*,#3776,.T.);
#3807=EDGE_LOOP('',(#3802,#3804,#3805,#3806));
#3808=FACE_OUTER_BOUND('',#3807,.F.);
#3809=ADVANCED_FACE('',(#3808),#3801,.T.);
#3810=CARTESIAN_POINT('',(3.255E-1,6.1E-1,-2.57E-1));
#3811=DIRECTION('',(1.E0,0.E0,0.E0));
#3812=DIRECTION('',(0.E0,0.E0,-1.E0));
#3813=AXIS2_PLACEMENT_3D('',#3810,#3811,#3812);
#3814=CYLINDRICAL_SURFACE('',#3813,2.7E-2);
#3815=ORIENTED_EDGE('',*,*,#3544,.T.);
#3816=ORIENTED_EDGE('',*,*,#3792,.T.);
#3818=ORIENTED_EDGE('',*,*,#3817,.F.);
#3820=ORIENTED_EDGE('',*,*,#3819,.F.);
#3821=EDGE_LOOP('',(#3815,#3816,#3818,#3820));
#3822=FACE_OUTER_BOUND('',#3821,.F.);
#3823=ADVANCED_FACE('',(#3822),#3814,.T.);
#3824=CARTESIAN_POINT('',(3.255E-1,5.732477841852E-1,-1.383386131628E-1));
#3825=DIRECTION('',(0.E0,-9.967008078297E-1,-8.116341338048E-2));
#3826=DIRECTION('',(0.E0,8.116341338048E-2,-9.967008078297E-1));
#3827=AXIS2_PLACEMENT_3D('',#3824,#3825,#3826);
#3828=PLANE('',#3827);
#3829=ORIENTED_EDGE('',*,*,#3592,.F.);
#3830=ORIENTED_EDGE('',*,*,#3618,.F.);
#3831=ORIENTED_EDGE('',*,*,#3655,.T.);
#3832=ORIENTED_EDGE('',*,*,#3803,.T.);
#3833=EDGE_LOOP('',(#3829,#3830,#3831,#3832));
#3834=FACE_OUTER_BOUND('',#3833,.F.);
#3835=ADVANCED_FACE('',(#3834),#3828,.T.);
#3836=CARTESIAN_POINT('',(3.255E-1,5.732477841852E-1,-1.383386131628E-1));
#3837=DIRECTION('',(0.E0,-9.967008078297E-1,-8.116341338048E-2));
#3838=DIRECTION('',(0.E0,8.116341338048E-2,-9.967008078297E-1));
#3839=AXIS2_PLACEMENT_3D('',#3836,#3837,#3838);
#3840=PLANE('',#3839);
#3841=ORIENTED_EDGE('',*,*,#3546,.T.);
#3842=ORIENTED_EDGE('',*,*,#3819,.T.);
#3844=ORIENTED_EDGE('',*,*,#3843,.F.);
#3845=ORIENTED_EDGE('',*,*,#3629,.F.);
#3846=EDGE_LOOP('',(#3841,#3842,#3844,#3845));
#3847=FACE_OUTER_BOUND('',#3846,.F.);
#3848=ADVANCED_FACE('',(#3847),#3840,.T.);
#3849=CARTESIAN_POINT('',(1.475E-1,5.21E-1,0.E0));
#3850=DIRECTION('',(9.957049617744E-1,0.E0,9.258309293692E-2));
#3851=DIRECTION('',(9.258309293692E-2,0.E0,-9.957049617744E-1));
#3852=AXIS2_PLACEMENT_3D('',#3849,#3850,#3851);
#3853=PLANE('',#3852);
#3854=ORIENTED_EDGE('',*,*,#3576,.T.);
#3855=ORIENTED_EDGE('',*,*,#2313,.T.);
#3856=ORIENTED_EDGE('',*,*,#3631,.F.);
#3857=ORIENTED_EDGE('',*,*,#3843,.T.);
#3858=ORIENTED_EDGE('',*,*,#3817,.T.);
#3859=ORIENTED_EDGE('',*,*,#3790,.T.);
#3860=ORIENTED_EDGE('',*,*,#3763,.T.);
#3861=ORIENTED_EDGE('',*,*,#3736,.T.);
#3862=ORIENTED_EDGE('',*,*,#3709,.F.);
#3863=ORIENTED_EDGE('',*,*,#3682,.T.);
#3864=EDGE_LOOP('',(#3854,#3855,#3856,#3857,#3858,#3859,#3860,#3861,#3862,
#3863));
#3865=FACE_OUTER_BOUND('',#3864,.F.);
#3866=ADVANCED_FACE('',(#3865),#3853,.F.);
#3867=CARTESIAN_POINT('',(-3.255E-1,3.57E-1,-2.85E-1));
#3868=DIRECTION('',(0.E0,-9.957049617744E-1,9.258309293692E-2));
#3869=DIRECTION('',(0.E0,9.258309293692E-2,9.957049617744E-1));
#3870=AXIS2_PLACEMENT_3D('',#3867,#3868,#3869);
#3871=PLANE('',#3870);
#3872=ORIENTED_EDGE('',*,*,#2221,.F.);
#3874=ORIENTED_EDGE('',*,*,#3873,.F.);
#3876=ORIENTED_EDGE('',*,*,#3875,.T.);
#3878=ORIENTED_EDGE('',*,*,#3877,.F.);
#3880=ORIENTED_EDGE('',*,*,#3879,.F.);
#3882=ORIENTED_EDGE('',*,*,#3881,.F.);
#3884=ORIENTED_EDGE('',*,*,#3883,.F.);
#3886=ORIENTED_EDGE('',*,*,#3885,.F.);
#3888=ORIENTED_EDGE('',*,*,#3887,.T.);
#3889=ORIENTED_EDGE('',*,*,#2266,.T.);
#3890=EDGE_LOOP('',(#3872,#3874,#3876,#3878,#3880,#3882,#3884,#3886,#3888,
#3889));
#3891=FACE_OUTER_BOUND('',#3890,.F.);
#3892=ADVANCED_FACE('',(#3891),#3871,.F.);
#3893=CARTESIAN_POINT('',(-3.945659838434E-1,5.21E-1,-2.586232682676E-1));
#3894=DIRECTION('',(-9.967008078297E-1,0.E0,8.116341338048E-2));
#3895=DIRECTION('',(8.116341338048E-2,0.E0,9.967008078297E-1));
#3896=AXIS2_PLACEMENT_3D('',#3893,#3894,#3895);
#3897=PLANE('',#3896);
#3898=ORIENTED_EDGE('',*,*,#2253,.F.);
#3900=ORIENTED_EDGE('',*,*,#3899,.F.);
#3902=ORIENTED_EDGE('',*,*,#3901,.T.);
#3903=ORIENTED_EDGE('',*,*,#2208,.T.);
#3904=EDGE_LOOP('',(#3898,#3900,#3902,#3903));
#3905=FACE_OUTER_BOUND('',#3904,.F.);
#3906=ADVANCED_FACE('',(#3905),#3897,.T.);
#3907=CARTESIAN_POINT('',(-3.945659838434E-1,5.21E-1,-2.586232682676E-1));
#3908=DIRECTION('',(-9.967008078297E-1,0.E0,8.116341338048E-2));
#3909=DIRECTION('',(8.116341338048E-2,0.E0,9.967008078297E-1));
#3910=AXIS2_PLACEMENT_3D('',#3907,#3908,#3909);
#3911=PLANE('',#3910);
#3912=ORIENTED_EDGE('',*,*,#3873,.T.);
#3913=ORIENTED_EDGE('',*,*,#2226,.T.);
#3915=ORIENTED_EDGE('',*,*,#3914,.F.);
#3917=ORIENTED_EDGE('',*,*,#3916,.F.);
#3918=EDGE_LOOP('',(#3912,#3913,#3915,#3917));
#3919=FACE_OUTER_BOUND('',#3918,.F.);
#3920=ADVANCED_FACE('',(#3919),#3911,.T.);
#3921=CARTESIAN_POINT('',(-4.145E-1,5.21E-1,-2.57E-1));
#3922=DIRECTION('',(0.E0,1.E0,0.E0));
#3923=DIRECTION('',(0.E0,0.E0,-1.E0));
#3924=AXIS2_PLACEMENT_3D('',#3921,#3922,#3923);
#3925=CYLINDRICAL_SURFACE('',#3924,2.E-2);
#3926=ORIENTED_EDGE('',*,*,#2251,.T.);
#3928=ORIENTED_EDGE('',*,*,#3927,.F.);
#3930=ORIENTED_EDGE('',*,*,#3929,.F.);
#3931=ORIENTED_EDGE('',*,*,#3899,.T.);
#3932=EDGE_LOOP('',(#3926,#3928,#3930,#3931));
#3933=FACE_OUTER_BOUND('',#3932,.F.);
#3934=ADVANCED_FACE('',(#3933),#3925,.F.);
#3935=CARTESIAN_POINT('',(-4.145E-1,5.21E-1,-2.57E-1));
#3936=DIRECTION('',(0.E0,1.E0,0.E0));
#3937=DIRECTION('',(0.E0,0.E0,-1.E0));
#3938=AXIS2_PLACEMENT_3D('',#3935,#3936,#3937);
#3939=CYLINDRICAL_SURFACE('',#3938,2.E-2);
#3940=ORIENTED_EDGE('',*,*,#3875,.F.);
#3941=ORIENTED_EDGE('',*,*,#3916,.T.);
#3943=ORIENTED_EDGE('',*,*,#3942,.T.);
#3945=ORIENTED_EDGE('',*,*,#3944,.F.);
#3946=EDGE_LOOP('',(#3940,#3941,#3943,#3945));
#3947=FACE_OUTER_BOUND('',#3946,.F.);
#3948=ADVANCED_FACE('',(#3947),#3939,.F.);
#3949=CARTESIAN_POINT('',(-4.045E-1,5.21E-1,-2.814276802366E-1));
#3950=DIRECTION('',(-8.910065241883E-1,0.E0,4.539904997397E-1));
#3951=DIRECTION('',(4.539904997397E-1,0.E0,8.910065241883E-1));
#3952=AXIS2_PLACEMENT_3D('',#3949,#3950,#3951);
#3953=PLANE('',#3952);
#3954=ORIENTED_EDGE('',*,*,#2249,.F.);
#3956=ORIENTED_EDGE('',*,*,#3955,.F.);
#3958=ORIENTED_EDGE('',*,*,#3957,.T.);
#3959=ORIENTED_EDGE('',*,*,#3927,.T.);
#3960=EDGE_LOOP('',(#3954,#3956,#3958,#3959));
#3961=FACE_OUTER_BOUND('',#3960,.F.);
#3962=ADVANCED_FACE('',(#3961),#3953,.T.);
#3963=CARTESIAN_POINT('',(-4.045E-1,5.21E-1,-2.814276802366E-1));
#3964=DIRECTION('',(-8.910065241883E-1,0.E0,4.539904997397E-1));
#3965=DIRECTION('',(4.539904997397E-1,0.E0,8.910065241883E-1));
#3966=AXIS2_PLACEMENT_3D('',#3963,#3964,#3965);
#3967=PLANE('',#3966);
#3968=ORIENTED_EDGE('',*,*,#3877,.T.);
#3969=ORIENTED_EDGE('',*,*,#3944,.T.);
#3971=ORIENTED_EDGE('',*,*,#3970,.F.);
#3973=ORIENTED_EDGE('',*,*,#3972,.F.);
#3974=EDGE_LOOP('',(#3968,#3969,#3971,#3973));
#3975=FACE_OUTER_BOUND('',#3974,.F.);
#3976=ADVANCED_FACE('',(#3975),#3967,.T.);
#3977=CARTESIAN_POINT('',(-3.982629543307E-1,5.21E-1,-2.846056137348E-1));
#3978=DIRECTION('',(-4.539904997401E-1,0.E0,-8.910065241881E-1));
#3979=DIRECTION('',(-8.910065241881E-1,0.E0,4.539904997401E-1));
#3980=AXIS2_PLACEMENT_3D('',#3977,#3978,#3979);
#3981=PLANE('',#3980);
#3982=ORIENTED_EDGE('',*,*,#2247,.F.);
#3984=ORIENTED_EDGE('',*,*,#3983,.F.);
#3986=ORIENTED_EDGE('',*,*,#3985,.T.);
#3987=ORIENTED_EDGE('',*,*,#3955,.T.);
#3988=EDGE_LOOP('',(#3982,#3984,#3986,#3987));
#3989=FACE_OUTER_BOUND('',#3988,.F.);
#3990=ADVANCED_FACE('',(#3989),#3981,.T.);
#3991=CARTESIAN_POINT('',(-3.982629543307E-1,5.21E-1,-2.846056137348E-1));
#3992=DIRECTION('',(-4.539904997401E-1,0.E0,-8.910065241881E-1));
#3993=DIRECTION('',(-8.910065241881E-1,0.E0,4.539904997401E-1));
#3994=AXIS2_PLACEMENT_3D('',#3991,#3992,#3993);
#3995=PLANE('',#3994);
#3996=ORIENTED_EDGE('',*,*,#3879,.T.);
#3997=ORIENTED_EDGE('',*,*,#3972,.T.);
#3999=ORIENTED_EDGE('',*,*,#3998,.F.);
#4001=ORIENTED_EDGE('',*,*,#4000,.F.);
#4002=EDGE_LOOP('',(#3996,#3997,#3999,#4001));
#4003=FACE_OUTER_BOUND('',#4002,.F.);
#4004=ADVANCED_FACE('',(#4003),#3995,.T.);
#4005=CARTESIAN_POINT('',(-3.904428238469E-1,5.21E-1,-2.692577434930E-1));
#4006=DIRECTION('',(8.910065241884E-1,0.E0,-4.539904997395E-1));
#4007=DIRECTION('',(-4.539904997395E-1,0.E0,-8.910065241884E-1));
#4008=AXIS2_PLACEMENT_3D('',#4005,#4006,#4007);
#4009=PLANE('',#4008);
#4010=ORIENTED_EDGE('',*,*,#2245,.F.);
#4012=ORIENTED_EDGE('',*,*,#4011,.F.);
#4014=ORIENTED_EDGE('',*,*,#4013,.T.);
#4015=ORIENTED_EDGE('',*,*,#3983,.T.);
#4016=EDGE_LOOP('',(#4010,#4012,#4014,#4015));
#4017=FACE_OUTER_BOUND('',#4016,.F.);
#4018=ADVANCED_FACE('',(#4017),#4009,.T.);
#4019=CARTESIAN_POINT('',(-3.904428238469E-1,5.21E-1,-2.692577434930E-1));
#4020=DIRECTION('',(8.910065241884E-1,0.E0,-4.539904997395E-1));
#4021=DIRECTION('',(-4.539904997395E-1,0.E0,-8.910065241884E-1));
#4022=AXIS2_PLACEMENT_3D('',#4019,#4020,#4021);
#4023=PLANE('',#4022);
#4024=ORIENTED_EDGE('',*,*,#3881,.T.);
#4025=ORIENTED_EDGE('',*,*,#4000,.T.);
#4027=ORIENTED_EDGE('',*,*,#4026,.F.);
#4029=ORIENTED_EDGE('',*,*,#4028,.F.);
#4030=EDGE_LOOP('',(#4024,#4025,#4027,#4029));
#4031=FACE_OUTER_BOUND('',#4030,.F.);
#4032=ADVANCED_FACE('',(#4031),#4023,.T.);
#4033=CARTESIAN_POINT('',(-4.145E-1,5.21E-1,-2.57E-1));
#4034=DIRECTION('',(0.E0,1.E0,0.E0));
#4035=DIRECTION('',(0.E0,0.E0,-1.E0));
#4036=AXIS2_PLACEMENT_3D('',#4033,#4034,#4035);
#4037=CYLINDRICAL_SURFACE('',#4036,2.7E-2);
#4038=ORIENTED_EDGE('',*,*,#2243,.F.);
#4040=ORIENTED_EDGE('',*,*,#4039,.F.);
#4042=ORIENTED_EDGE('',*,*,#4041,.T.);
#4043=ORIENTED_EDGE('',*,*,#4011,.T.);
#4044=EDGE_LOOP('',(#4038,#4040,#4042,#4043));
#4045=FACE_OUTER_BOUND('',#4044,.F.);
#4046=ADVANCED_FACE('',(#4045),#4037,.T.);
#4047=CARTESIAN_POINT('',(-4.145E-1,5.21E-1,-2.57E-1));
#4048=DIRECTION('',(0.E0,1.E0,0.E0));
#4049=DIRECTION('',(0.E0,0.E0,-1.E0));
#4050=AXIS2_PLACEMENT_3D('',#4047,#4048,#4049);
#4051=CYLINDRICAL_SURFACE('',#4050,2.7E-2);
#4052=ORIENTED_EDGE('',*,*,#3883,.T.);
#4053=ORIENTED_EDGE('',*,*,#4028,.T.);
#4055=ORIENTED_EDGE('',*,*,#4054,.F.);
#4057=ORIENTED_EDGE('',*,*,#4056,.F.);
#4058=EDGE_LOOP('',(#4052,#4053,#4055,#4057));
#4059=FACE_OUTER_BOUND('',#4058,.F.);
#4060=ADVANCED_FACE('',(#4059),#4051,.T.);
#4061=CARTESIAN_POINT('',(-3.777477841852E-1,5.21E-1,-1.383386131628E-1));
#4062=DIRECTION('',(9.967008078297E-1,0.E0,-8.116341338048E-2));
#4063=DIRECTION('',(-8.116341338048E-2,0.E0,-9.967008078297E-1));
#4064=AXIS2_PLACEMENT_3D('',#4061,#4062,#4063);
#4065=PLANE('',#4064);
#4066=ORIENTED_EDGE('',*,*,#2241,.F.);
#4068=ORIENTED_EDGE('',*,*,#4067,.F.);
#4070=ORIENTED_EDGE('',*,*,#4069,.T.);
#4071=ORIENTED_EDGE('',*,*,#4039,.T.);
#4072=EDGE_LOOP('',(#4066,#4068,#4070,#4071));
#4073=FACE_OUTER_BOUND('',#4072,.F.);
#4074=ADVANCED_FACE('',(#4073),#4065,.T.);
#4075=CARTESIAN_POINT('',(-3.777477841852E-1,5.21E-1,-1.383386131628E-1));
#4076=DIRECTION('',(9.967008078297E-1,0.E0,-8.116341338048E-2));
#4077=DIRECTION('',(-8.116341338048E-2,0.E0,-9.967008078297E-1));
#4078=AXIS2_PLACEMENT_3D('',#4075,#4076,#4077);
#4079=PLANE('',#4078);
#4080=ORIENTED_EDGE('',*,*,#3885,.T.);
#4081=ORIENTED_EDGE('',*,*,#4056,.T.);
#4083=ORIENTED_EDGE('',*,*,#4082,.F.);
#4085=ORIENTED_EDGE('',*,*,#4084,.F.);
#4086=EDGE_LOOP('',(#4080,#4081,#4083,#4085));
#4087=FACE_OUTER_BOUND('',#4086,.F.);
#4088=ADVANCED_FACE('',(#4087),#4079,.T.);
#4089=CARTESIAN_POINT('',(-1.505E-1,5.21E-1,-1.568438714136E-1));
#4090=DIRECTION('',(0.E0,1.E0,0.E0));
#4091=DIRECTION('',(0.E0,0.E0,-1.E0));
#4092=AXIS2_PLACEMENT_3D('',#4089,#4090,#4091);
#4093=CYLINDRICAL_SURFACE('',#4092,2.28E-1);
#4094=ORIENTED_EDGE('',*,*,#2239,.T.);
#4095=ORIENTED_EDGE('',*,*,#2275,.T.);
#4097=ORIENTED_EDGE('',*,*,#4096,.F.);
#4098=ORIENTED_EDGE('',*,*,#4067,.T.);
#4099=EDGE_LOOP('',(#4094,#4095,#4097,#4098));
#4100=FACE_OUTER_BOUND('',#4099,.F.);
#4101=ADVANCED_FACE('',(#4100),#4093,.F.);
#4102=CARTESIAN_POINT('',(-1.505E-1,5.21E-1,-1.568438714136E-1));
#4103=DIRECTION('',(0.E0,1.E0,0.E0));
#4104=DIRECTION('',(0.E0,0.E0,-1.E0));
#4105=AXIS2_PLACEMENT_3D('',#4102,#4103,#4104);
#4106=CYLINDRICAL_SURFACE('',#4105,2.28E-1);
#4107=ORIENTED_EDGE('',*,*,#3887,.F.);
#4108=ORIENTED_EDGE('',*,*,#4084,.T.);
#4110=ORIENTED_EDGE('',*,*,#4109,.T.);
#4111=ORIENTED_EDGE('',*,*,#2268,.T.);
#4112=EDGE_LOOP('',(#4107,#4108,#4110,#4111));
#4113=FACE_OUTER_BOUND('',#4112,.F.);
#4114=ADVANCED_FACE('',(#4113),#4106,.F.);
#4115=CARTESIAN_POINT('',(-3.255E-1,1.6E-1,-2.85E-1));
#4116=DIRECTION('',(0.E0,-9.957049617744E-1,9.258309293692E-2));
#4117=DIRECTION('',(0.E0,9.258309293692E-2,9.957049617744E-1));
#4118=AXIS2_PLACEMENT_3D('',#4115,#4116,#4117);
#4119=PLANE('',#4118);
#4120=ORIENTED_EDGE('',*,*,#2210,.F.);
#4121=ORIENTED_EDGE('',*,*,#3901,.F.);
#4122=ORIENTED_EDGE('',*,*,#3929,.T.);
#4123=ORIENTED_EDGE('',*,*,#3957,.F.);
#4124=ORIENTED_EDGE('',*,*,#3985,.F.);
#4125=ORIENTED_EDGE('',*,*,#4013,.F.);
#4126=ORIENTED_EDGE('',*,*,#4041,.F.);
#4127=ORIENTED_EDGE('',*,*,#4069,.F.);
#4128=ORIENTED_EDGE('',*,*,#4096,.T.);
#4129=ORIENTED_EDGE('',*,*,#2273,.T.);
#4130=EDGE_LOOP('',(#4120,#4121,#4122,#4123,#4124,#4125,#4126,#4127,#4128,
#4129));
#4131=FACE_OUTER_BOUND('',#4130,.F.);
#4132=ADVANCED_FACE('',(#4131),#4119,.F.);
#4133=CARTESIAN_POINT('',(-3.255E-1,2.785E-1,0.E0));
#4134=DIRECTION('',(0.E0,9.957049617744E-1,9.258309293692E-2));
#4135=DIRECTION('',(0.E0,9.258309293692E-2,-9.957049617744E-1));
#4136=AXIS2_PLACEMENT_3D('',#4133,#4134,#4135);
#4137=PLANE('',#4136);
#4138=ORIENTED_EDGE('',*,*,#2224,.T.);
#4139=ORIENTED_EDGE('',*,*,#2270,.T.);
#4140=ORIENTED_EDGE('',*,*,#4109,.F.);
#4141=ORIENTED_EDGE('',*,*,#4082,.T.);
#4142=ORIENTED_EDGE('',*,*,#4054,.T.);
#4143=ORIENTED_EDGE('',*,*,#4026,.T.);
#4144=ORIENTED_EDGE('',*,*,#3998,.T.);
#4145=ORIENTED_EDGE('',*,*,#3970,.T.);
#4146=ORIENTED_EDGE('',*,*,#3942,.F.);
#4147=ORIENTED_EDGE('',*,*,#3914,.T.);
#4148=EDGE_LOOP('',(#4138,#4139,#4140,#4141,#4142,#4143,#4144,#4145,#4146,
#4147));
#4149=FACE_OUTER_BOUND('',#4148,.F.);
#4150=ADVANCED_FACE('',(#4149),#4137,.F.);
#4151=CLOSED_SHELL('',(#2012,#2027,#2041,#2055,#2069,#2083,#2097,#2111,#2125,
#2139,#2153,#2167,#2180,#2200,#2215,#2230,#2257,#2297,#2325,#2339,#2451,#2466,
#2479,#2489,#2501,#2515,#2527,#2542,#2555,#2565,#2577,#2589,#2601,#2613,#2625,
#2637,#2649,#2661,#2673,#2685,#2697,#2711,#2723,#2737,#2749,#2763,#2775,#2789,
#2801,#2815,#2827,#2841,#2853,#2867,#2879,#2893,#2905,#2919,#2931,#2945,#2957,
#2971,#2983,#3020,#3035,#3050,#3076,#3090,#3105,#3119,#3134,#3148,#3163,#3177,
#3192,#3206,#3221,#3235,#3250,#3264,#3279,#3292,#3306,#3324,#3342,#3360,#3374,
#3388,#3405,#3418,#3431,#3443,#3458,#3472,#3489,#3502,#3514,#3526,#3553,#3568,
#3582,#3608,#3622,#3636,#3661,#3674,#3688,#3701,#3715,#3728,#3742,#3755,#3769,
#3782,#3796,#3809,#3823,#3835,#3848,#3866,#3892,#3906,#3920,#3934,#3948,#3962,
#3976,#3990,#4004,#4018,#4032,#4046,#4060,#4074,#4088,#4101,#4114,#4132,#4150));
#4152=MANIFOLD_SOLID_BREP('',#4151);
#4153=DIMENSIONAL_EXPONENTS(1.E0,0.E0,0.E0,0.E0,0.E0,0.E0,0.E0);
#4155=LENGTH_MEASURE_WITH_UNIT(LENGTH_MEASURE(2.54E1),#4154);
#4156=(CONVERSION_BASED_UNIT('INCH',#4155)LENGTH_UNIT()NAMED_UNIT(#4153));
#4157=DIMENSIONAL_EXPONENTS(0.E0,0.E0,0.E0,0.E0,0.E0,0.E0,0.E0);
#4159=PLANE_ANGLE_MEASURE_WITH_UNIT(PLANE_ANGLE_MEASURE(1.745329251994E-2),
#4158);
#4160=(CONVERSION_BASED_UNIT('DEGREE',#4159)NAMED_UNIT(*)PLANE_ANGLE_UNIT());
#4162=UNCERTAINTY_MEASURE_WITH_UNIT(LENGTH_MEASURE(1.269640119632E-4),#4156,
'closure',
'Maximum model space distance between geometric entities at asserted connectivities');
#4163=(GEOMETRIC_REPRESENTATION_CONTEXT(3)GLOBAL_UNCERTAINTY_ASSIGNED_CONTEXT((
#4162))GLOBAL_UNIT_ASSIGNED_CONTEXT((#4156,#4160,#4161))REPRESENTATION_CONTEXT(
'ID1','3'));
#4165=APPLICATION_CONTEXT(
'CONFIGURATION CONTROLLED 3D DESIGNS OF MECHANICAL PARTS AND ASSEMBLIES');
#4166=APPLICATION_PROTOCOL_DEFINITION('international standard',
'config_control_design',1994,#4165);
#4167=DESIGN_CONTEXT('',#4165,'design');
#4168=MECHANICAL_CONTEXT('',#4165,'mechanical');
#4169=PRODUCT('SS-74401-001','SS-74401-001','NOT SPECIFIED',(#4168));
#4170=PRODUCT_DEFINITION_FORMATION_WITH_SPECIFIED_SOURCE('4','LAST_VERSION',
#4169,.MADE.);
#4174=PRODUCT_CATEGORY('part','');
#4175=PRODUCT_RELATED_PRODUCT_CATEGORY('detail','',(#4169));
#4176=PRODUCT_CATEGORY_RELATIONSHIP('','',#4174,#4175);
#4177=SECURITY_CLASSIFICATION_LEVEL('unclassified');
#4178=SECURITY_CLASSIFICATION('','',#4177);
#4179=CC_DESIGN_SECURITY_CLASSIFICATION(#4178,(#4170));
#4180=APPROVAL_STATUS('approved');
#4181=APPROVAL(#4180,'');
#4182=CC_DESIGN_APPROVAL(#4181,(#4178,#4170,#4171));
#4183=CALENDAR_DATE(115,23,11);
#4184=COORDINATED_UNIVERSAL_TIME_OFFSET(5,0,.BEHIND.);
#4185=LOCAL_TIME(14,55,3.E0,#4184);
#4186=DATE_AND_TIME(#4183,#4185);
#4187=APPROVAL_DATE_TIME(#4186,#4181);
#4188=DATE_TIME_ROLE('creation_date');
#4189=CC_DESIGN_DATE_AND_TIME_ASSIGNMENT(#4186,#4188,(#4171));
#4190=DATE_TIME_ROLE('classification_date');
#4191=CC_DESIGN_DATE_AND_TIME_ASSIGNMENT(#4186,#4190,(#4178));
#4192=PERSON('UNSPECIFIED','UNSPECIFIED',$,$,$,$);
#4193=ORGANIZATION('UNSPECIFIED','UNSPECIFIED','UNSPECIFIED');
#4194=PERSON_AND_ORGANIZATION(#4192,#4193);
#4195=APPROVAL_ROLE('approver');
#4196=APPROVAL_PERSON_ORGANIZATION(#4194,#4181,#4195);
#4197=PERSON_AND_ORGANIZATION_ROLE('creator');
#4198=CC_DESIGN_PERSON_AND_ORGANIZATION_ASSIGNMENT(#4194,#4197,(#4170,#4171));
#4199=PERSON_AND_ORGANIZATION_ROLE('design_supplier');
#4200=CC_DESIGN_PERSON_AND_ORGANIZATION_ASSIGNMENT(#4194,#4199,(#4170));
#4201=PERSON_AND_ORGANIZATION_ROLE('classification_officer');
#4202=CC_DESIGN_PERSON_AND_ORGANIZATION_ASSIGNMENT(#4194,#4201,(#4178));
#4203=PERSON_AND_ORGANIZATION_ROLE('design_owner');
#4204=CC_DESIGN_PERSON_AND_ORGANIZATION_ASSIGNMENT(#4194,#4203,(#4169));
#214=B_SPLINE_CURVE_WITH_KNOTS('',3,(#209,#210,#211,#212,#213),.UNSPECIFIED.,
.F.,.F.,(4,1,4),(0.E0,5.E-1,1.E0),.UNSPECIFIED.);
#224=B_SPLINE_CURVE_WITH_KNOTS('',3,(#219,#220,#221,#222,#223),.UNSPECIFIED.,
.F.,.F.,(4,1,4),(0.E0,5.E-1,1.E0),.UNSPECIFIED.);
#230=B_SPLINE_CURVE_WITH_KNOTS('',3,(#225,#226,#227,#228,#229),.UNSPECIFIED.,
.F.,.F.,(4,1,4),(0.E0,5.E-1,1.E0),.UNSPECIFIED.);
#236=B_SPLINE_CURVE_WITH_KNOTS('',3,(#231,#232,#233,#234,#235),.UNSPECIFIED.,
.F.,.F.,(4,1,4),(0.E0,5.E-1,1.E0),.UNSPECIFIED.);
#329=CIRCLE('',#328,6.E-2);
#334=CIRCLE('',#333,6.E-2);
#339=CIRCLE('',#338,6.E-2);
#344=CIRCLE('',#343,6.E-2);
#349=CIRCLE('',#348,7.E-3);
#354=CIRCLE('',#353,7.E-3);
#359=CIRCLE('',#358,7.E-3);
#364=CIRCLE('',#363,7.E-3);
#369=CIRCLE('',#368,7.E-3);
#374=CIRCLE('',#373,7.E-3);
#379=CIRCLE('',#378,7.E-3);
#384=CIRCLE('',#383,7.E-3);
#389=CIRCLE('',#388,7.E-3);
#394=CIRCLE('',#393,7.E-3);
#399=CIRCLE('',#398,7.E-3);
#404=CIRCLE('',#403,7.E-3);
#409=CIRCLE('',#408,7.E-3);
#414=CIRCLE('',#413,7.E-3);
#419=CIRCLE('',#418,7.E-3);
#424=CIRCLE('',#423,7.E-3);
#429=CIRCLE('',#428,7.E-3);
#434=CIRCLE('',#433,7.E-3);
#439=CIRCLE('',#438,7.E-3);
#444=CIRCLE('',#443,7.E-3);
#449=CIRCLE('',#448,7.E-3);
#454=CIRCLE('',#453,7.E-3);
#459=CIRCLE('',#458,7.E-3);
#464=CIRCLE('',#463,7.E-3);
#505=CIRCLE('',#504,6.E-2);
#510=CIRCLE('',#509,6.E-2);
#515=CIRCLE('',#514,6.E-2);
#520=CIRCLE('',#519,6.E-2);
#541=CIRCLE('',#540,7.E-3);
#546=CIRCLE('',#545,7.E-3);
#551=CIRCLE('',#550,7.E-3);
#556=CIRCLE('',#555,7.E-3);
#561=CIRCLE('',#560,7.E-3);
#566=CIRCLE('',#565,7.E-3);
#571=CIRCLE('',#570,7.E-3);
#576=CIRCLE('',#575,7.E-3);
#581=CIRCLE('',#580,7.E-3);
#586=CIRCLE('',#585,7.E-3);
#591=CIRCLE('',#590,7.E-3);
#596=CIRCLE('',#595,7.E-3);
#601=CIRCLE('',#600,7.E-3);
#606=CIRCLE('',#605,7.E-3);
#611=CIRCLE('',#610,7.E-3);
#616=CIRCLE('',#615,7.E-3);
#621=CIRCLE('',#620,7.E-3);
#626=CIRCLE('',#625,7.E-3);
#631=CIRCLE('',#630,7.E-3);
#636=CIRCLE('',#635,7.E-3);
#641=CIRCLE('',#640,7.E-3);
#646=CIRCLE('',#645,7.E-3);
#651=CIRCLE('',#650,7.E-3);
#656=CIRCLE('',#655,7.E-3);
#798=B_SPLINE_CURVE_WITH_KNOTS('',3,(#793,#794,#795,#796,#797),.UNSPECIFIED.,
.F.,.F.,(4,1,4),(0.E0,5.E-1,1.E0),.UNSPECIFIED.);
#804=B_SPLINE_CURVE_WITH_KNOTS('',3,(#799,#800,#801,#802,#803),.UNSPECIFIED.,
.F.,.F.,(4,1,4),(0.E0,5.E-1,1.E0),.UNSPECIFIED.);
#810=B_SPLINE_CURVE_WITH_KNOTS('',3,(#805,#806,#807,#808,#809),.UNSPECIFIED.,
.F.,.F.,(4,1,4),(0.E0,5.E-1,1.E0),.UNSPECIFIED.);
#816=B_SPLINE_CURVE_WITH_KNOTS('',3,(#811,#812,#813,#814,#815),.UNSPECIFIED.,
.F.,.F.,(4,1,4),(0.E0,5.E-1,1.E0),.UNSPECIFIED.);
#822=B_SPLINE_CURVE_WITH_KNOTS('',3,(#817,#818,#819,#820,#821),.UNSPECIFIED.,
.F.,.F.,(4,1,4),(0.E0,5.E-1,1.E0),.UNSPECIFIED.);
#832=B_SPLINE_CURVE_WITH_KNOTS('',3,(#827,#828,#829,#830,#831),.UNSPECIFIED.,
.F.,.F.,(4,1,4),(0.E0,5.E-1,1.E0),.UNSPECIFIED.);
#838=B_SPLINE_CURVE_WITH_KNOTS('',3,(#833,#834,#835,#836,#837),.UNSPECIFIED.,
.F.,.F.,(4,1,4),(0.E0,5.E-1,1.E0),.UNSPECIFIED.);
#848=B_SPLINE_CURVE_WITH_KNOTS('',3,(#843,#844,#845,#846,#847),.UNSPECIFIED.,
.F.,.F.,(4,1,4),(0.E0,5.E-1,1.E0),.UNSPECIFIED.);
#877=B_SPLINE_CURVE_WITH_KNOTS('',3,(#873,#874,#875,#876),.UNSPECIFIED.,.F.,.F.,
(4,4),(0.E0,1.E0),.UNSPECIFIED.);
#886=B_SPLINE_CURVE_WITH_KNOTS('',3,(#882,#883,#884,#885),.UNSPECIFIED.,.F.,.F.,
(4,4),(0.E0,1.E0),.UNSPECIFIED.);
#891=B_SPLINE_CURVE_WITH_KNOTS('',3,(#887,#888,#889,#890),.UNSPECIFIED.,.F.,.F.,
(4,4),(0.E0,1.E0),.UNSPECIFIED.);
#900=B_SPLINE_CURVE_WITH_KNOTS('',3,(#896,#897,#898,#899),.UNSPECIFIED.,.F.,.F.,
(4,4),(0.E0,1.E0),.UNSPECIFIED.);
#977=B_SPLINE_CURVE_WITH_KNOTS('',3,(#973,#974,#975,#976),.UNSPECIFIED.,.F.,.F.,
(4,4),(0.E0,1.E0),.UNSPECIFIED.);
#986=B_SPLINE_CURVE_WITH_KNOTS('',3,(#982,#983,#984,#985),.UNSPECIFIED.,.F.,.F.,
(4,4),(0.E0,1.E0),.UNSPECIFIED.);
#991=B_SPLINE_CURVE_WITH_KNOTS('',3,(#987,#988,#989,#990),.UNSPECIFIED.,.F.,.F.,
(4,4),(0.E0,1.E0),.UNSPECIFIED.);
#1000=B_SPLINE_CURVE_WITH_KNOTS('',3,(#996,#997,#998,#999),.UNSPECIFIED.,.F.,
.F.,(4,4),(0.E0,1.E0),.UNSPECIFIED.);
#1118=B_SPLINE_CURVE_WITH_KNOTS('',3,(#1113,#1114,#1115,#1116,#1117),
.UNSPECIFIED.,.F.,.F.,(4,1,4),(0.E0,5.E-1,1.E0),.UNSPECIFIED.);
#1128=B_SPLINE_CURVE_WITH_KNOTS('',3,(#1123,#1124,#1125,#1126,#1127),
.UNSPECIFIED.,.F.,.F.,(4,1,4),(0.E0,5.E-1,1.E0),.UNSPECIFIED.);
#1134=B_SPLINE_CURVE_WITH_KNOTS('',3,(#1129,#1130,#1131,#1132,#1133),
.UNSPECIFIED.,.F.,.F.,(4,1,4),(0.E0,5.E-1,1.E0),.UNSPECIFIED.);
#1140=B_SPLINE_CURVE_WITH_KNOTS('',3,(#1135,#1136,#1137,#1138,#1139),
.UNSPECIFIED.,.F.,.F.,(4,1,4),(0.E0,5.E-1,1.E0),.UNSPECIFIED.);
#1150=B_SPLINE_CURVE_WITH_KNOTS('',3,(#1145,#1146,#1147,#1148,#1149),
.UNSPECIFIED.,.F.,.F.,(4,1,4),(0.E0,5.E-1,1.E0),.UNSPECIFIED.);
#1156=B_SPLINE_CURVE_WITH_KNOTS('',3,(#1151,#1152,#1153,#1154,#1155),
.UNSPECIFIED.,.F.,.F.,(4,1,4),(0.E0,5.E-1,1.E0),.UNSPECIFIED.);
#1162=B_SPLINE_CURVE_WITH_KNOTS('',3,(#1157,#1158,#1159,#1160,#1161),
.UNSPECIFIED.,.F.,.F.,(4,1,4),(0.E0,5.E-1,1.E0),.UNSPECIFIED.);
#1168=B_SPLINE_CURVE_WITH_KNOTS('',3,(#1163,#1164,#1165,#1166,#1167),
.UNSPECIFIED.,.F.,.F.,(4,1,4),(0.E0,5.E-1,1.E0),.UNSPECIFIED.);
#1197=B_SPLINE_CURVE_WITH_KNOTS('',3,(#1193,#1194,#1195,#1196),.UNSPECIFIED.,
.F.,.F.,(4,4),(0.E0,1.E0),.UNSPECIFIED.);
#1206=B_SPLINE_CURVE_WITH_KNOTS('',3,(#1202,#1203,#1204,#1205),.UNSPECIFIED.,
.F.,.F.,(4,4),(0.E0,1.E0),.UNSPECIFIED.);
#1211=B_SPLINE_CURVE_WITH_KNOTS('',3,(#1207,#1208,#1209,#1210),.UNSPECIFIED.,
.F.,.F.,(4,4),(0.E0,1.E0),.UNSPECIFIED.);
#1216=B_SPLINE_CURVE_WITH_KNOTS('',3,(#1212,#1213,#1214,#1215),.UNSPECIFIED.,
.F.,.F.,(4,4),(0.E0,1.E0),.UNSPECIFIED.);
#1297=B_SPLINE_CURVE_WITH_KNOTS('',3,(#1293,#1294,#1295,#1296),.UNSPECIFIED.,
.F.,.F.,(4,4),(0.E0,1.E0),.UNSPECIFIED.);
#1306=B_SPLINE_CURVE_WITH_KNOTS('',3,(#1302,#1303,#1304,#1305),.UNSPECIFIED.,
.F.,.F.,(4,4),(0.E0,1.E0),.UNSPECIFIED.);
#1311=B_SPLINE_CURVE_WITH_KNOTS('',3,(#1307,#1308,#1309,#1310),.UNSPECIFIED.,
.F.,.F.,(4,4),(0.E0,1.E0),.UNSPECIFIED.);
#1316=B_SPLINE_CURVE_WITH_KNOTS('',3,(#1312,#1313,#1314,#1315),.UNSPECIFIED.,
.F.,.F.,(4,4),(0.E0,1.E0),.UNSPECIFIED.);
#1373=B_SPLINE_CURVE_WITH_KNOTS('',3,(#1369,#1370,#1371,#1372),.UNSPECIFIED.,
.F.,.F.,(4,4),(0.E0,1.E0),.UNSPECIFIED.);
#1382=B_SPLINE_CURVE_WITH_KNOTS('',3,(#1378,#1379,#1380,#1381),.UNSPECIFIED.,
.F.,.F.,(4,4),(0.E0,1.E0),.UNSPECIFIED.);
#1387=B_SPLINE_CURVE_WITH_KNOTS('',3,(#1383,#1384,#1385,#1386),.UNSPECIFIED.,
.F.,.F.,(4,4),(0.E0,1.E0),.UNSPECIFIED.);
#1392=B_SPLINE_CURVE_WITH_KNOTS('',3,(#1388,#1389,#1390,#1391),.UNSPECIFIED.,
.F.,.F.,(4,4),(0.E0,1.E0),.UNSPECIFIED.);
#1473=B_SPLINE_CURVE_WITH_KNOTS('',3,(#1469,#1470,#1471,#1472),.UNSPECIFIED.,
.F.,.F.,(4,4),(0.E0,1.E0),.UNSPECIFIED.);
#1482=B_SPLINE_CURVE_WITH_KNOTS('',3,(#1478,#1479,#1480,#1481),.UNSPECIFIED.,
.F.,.F.,(4,4),(0.E0,1.E0),.UNSPECIFIED.);
#1487=B_SPLINE_CURVE_WITH_KNOTS('',3,(#1483,#1484,#1485,#1486),.UNSPECIFIED.,
.F.,.F.,(4,4),(0.E0,1.E0),.UNSPECIFIED.);
#1492=B_SPLINE_CURVE_WITH_KNOTS('',3,(#1488,#1489,#1490,#1491),.UNSPECIFIED.,
.F.,.F.,(4,4),(0.E0,1.E0),.UNSPECIFIED.);
#1526=B_SPLINE_CURVE_WITH_KNOTS('',3,(#1521,#1522,#1523,#1524,#1525),
.UNSPECIFIED.,.F.,.F.,(4,1,4),(0.E0,5.E-1,1.E0),.UNSPECIFIED.);
#1532=B_SPLINE_CURVE_WITH_KNOTS('',3,(#1527,#1528,#1529,#1530,#1531),
.UNSPECIFIED.,.F.,.F.,(4,1,4),(0.E0,5.E-1,1.E0),.UNSPECIFIED.);
#1538=B_SPLINE_CURVE_WITH_KNOTS('',3,(#1533,#1534,#1535,#1536,#1537),
.UNSPECIFIED.,.F.,.F.,(4,1,4),(0.E0,5.E-1,1.E0),.UNSPECIFIED.);
#1544=B_SPLINE_CURVE_WITH_KNOTS('',3,(#1539,#1540,#1541,#1542,#1543),
.UNSPECIFIED.,.F.,.F.,(4,1,4),(0.E0,5.E-1,1.E0),.UNSPECIFIED.);
#1952=EDGE_CURVE('',#1886,#1889,#52,.T.);
#1954=EDGE_CURVE('',#1889,#1890,#56,.T.);
#1956=EDGE_CURVE('',#1890,#1893,#60,.T.);
#1958=EDGE_CURVE('',#1893,#1894,#64,.T.);
#1960=EDGE_CURVE('',#1894,#1766,#68,.T.);
#1962=EDGE_CURVE('',#1766,#1763,#72,.T.);
#1964=EDGE_CURVE('',#1763,#1764,#76,.T.);
#1966=EDGE_CURVE('',#1764,#1769,#80,.T.);
#1968=EDGE_CURVE('',#1769,#1830,#84,.T.);
#1970=EDGE_CURVE('',#1829,#1830,#88,.T.);
#1972=EDGE_CURVE('',#1829,#1826,#92,.T.);
#1974=EDGE_CURVE('',#1825,#1826,#96,.T.);
#1976=EDGE_CURVE('',#1825,#1822,#100,.T.);
#1978=EDGE_CURVE('',#1821,#1822,#104,.T.);
#1980=EDGE_CURVE('',#1885,#1821,#108,.T.);
#1982=EDGE_CURVE('',#1885,#1886,#112,.T.);
#1986=EDGE_CURVE('',#1579,#1580,#4,.T.);
#1988=EDGE_CURVE('',#1580,#1582,#8,.T.);
#1990=EDGE_CURVE('',#1582,#1584,#12,.T.);
#1992=EDGE_CURVE('',#1584,#1586,#16,.T.);
#1994=EDGE_CURVE('',#1586,#1588,#20,.T.);
#1996=EDGE_CURVE('',#1588,#1590,#24,.T.);
#1998=EDGE_CURVE('',#1590,#1592,#28,.T.);
#2000=EDGE_CURVE('',#1592,#1594,#32,.T.);
#2002=EDGE_CURVE('',#1594,#1596,#36,.T.);
#2004=EDGE_CURVE('',#1596,#1598,#40,.T.);
#2006=EDGE_CURVE('',#1598,#1600,#44,.T.);
#2008=EDGE_CURVE('',#1600,#1579,#48,.T.);
#2019=EDGE_CURVE('',#1579,#1555,#116,.T.);
#2021=EDGE_CURVE('',#1555,#1556,#164,.T.);
#2023=EDGE_CURVE('',#1580,#1556,#160,.T.);
#2034=EDGE_CURVE('',#1600,#1576,#120,.T.);
#2036=EDGE_CURVE('',#1576,#1555,#168,.T.);
#2048=EDGE_CURVE('',#1598,#1574,#124,.T.);
#2050=EDGE_CURVE('',#1574,#1576,#172,.T.);
#2062=EDGE_CURVE('',#1596,#1572,#128,.T.);
#2064=EDGE_CURVE('',#1572,#1574,#176,.T.);
#2076=EDGE_CURVE('',#1594,#1570,#132,.T.);
#2078=EDGE_CURVE('',#1570,#1572,#180,.T.);
#2090=EDGE_CURVE('',#1592,#1568,#136,.T.);
#2092=EDGE_CURVE('',#1568,#1570,#184,.T.);
#2104=EDGE_CURVE('',#1590,#1566,#140,.T.);
#2106=EDGE_CURVE('',#1566,#1568,#188,.T.);
#2118=EDGE_CURVE('',#1588,#1564,#144,.T.);
#2120=EDGE_CURVE('',#1564,#1566,#192,.T.);
#2132=EDGE_CURVE('',#1586,#1562,#148,.T.);
#2134=EDGE_CURVE('',#1562,#1564,#196,.T.);
#2146=EDGE_CURVE('',#1584,#1560,#152,.T.);
#2148=EDGE_CURVE('',#1560,#1562,#200,.T.);
#2160=EDGE_CURVE('',#1582,#1558,#156,.T.);
#2162=EDGE_CURVE('',#1558,#1560,#204,.T.);
#2175=EDGE_CURVE('',#1556,#1558,#208,.T.);
#2206=EDGE_CURVE('',#1895,#1886,#214,.T.);
#2208=EDGE_CURVE('',#1896,#1895,#218,.T.);
#2210=EDGE_CURVE('',#1896,#1889,#224,.T.);
#2221=EDGE_CURVE('',#1897,#1893,#230,.T.);
#2224=EDGE_CURVE('',#1898,#1890,#236,.T.);
#2226=EDGE_CURVE('',#1897,#1898,#240,.T.);
#2237=EDGE_CURVE('',#1886,#1900,#268,.T.);
#2239=EDGE_CURVE('',#1899,#1900,#1526,.T.);
#2241=EDGE_CURVE('',#1899,#1908,#1500,.T.);
#2243=EDGE_CURVE('',#1908,#1915,#1473,.T.);
#2245=EDGE_CURVE('',#1915,#1920,#1448,.T.);
#2247=EDGE_CURVE('',#1920,#1928,#1424,.T.);
#2249=EDGE_CURVE('',#1928,#1936,#1400,.T.);
#2251=EDGE_CURVE('',#1943,#1936,#1373,.T.);
#2253=EDGE_CURVE('',#1943,#1895,#1348,.T.);
#2263=EDGE_CURVE('',#1552,#1894,#244,.T.);
#2266=EDGE_CURVE('',#1904,#1893,#248,.T.);
#2268=EDGE_CURVE('',#1906,#1904,#252,.T.);
#2270=EDGE_CURVE('',#1890,#1906,#256,.T.);
#2273=EDGE_CURVE('',#1902,#1889,#260,.T.);
#2275=EDGE_CURVE('',#1900,#1902,#264,.T.);
#2279=EDGE_CURVE('',#1885,#1720,#272,.T.);
#2281=EDGE_CURVE('',#1720,#1756,#276,.T.);
#2283=EDGE_CURVE('',#1755,#1756,#280,.T.);
#2285=EDGE_CURVE('',#1755,#1752,#1076,.T.);
#2287=EDGE_CURVE('',#1750,#1752,#284,.T.);
#2289=EDGE_CURVE('',#1715,#1750,#1112,.T.);
#2291=EDGE_CURVE('',#1715,#1547,#480,.T.);
#2293=EDGE_CURVE('',#1552,#1547,#324,.T.);
#2304=EDGE_CURVE('',#1550,#1552,#320,.T.);
#2306=EDGE_CURVE('',#1830,#1550,#756,.T.);
#2309=EDGE_CURVE('',#1776,#1769,#288,.T.);
#2311=EDGE_CURVE('',#1778,#1776,#292,.T.);
#2313=EDGE_CURVE('',#1764,#1778,#296,.T.);
#2316=EDGE_CURVE('',#1774,#1763,#300,.T.);
#2318=EDGE_CURVE('',#1772,#1774,#304,.T.);
#2320=EDGE_CURVE('',#1766,#1772,#308,.T.);
#2331=EDGE_CURVE('',#1547,#1548,#312,.T.);
#2333=EDGE_CURVE('',#1548,#1550,#316,.T.);
#2347=EDGE_CURVE('',#1728,#1821,#776,.T.);
#2349=EDGE_CURVE('',#1728,#1723,#468,.T.);
#2351=EDGE_CURVE('',#1723,#1724,#472,.T.);
#2353=EDGE_CURVE('',#1726,#1724,#476,.T.);
#2355=EDGE_CURVE('',#1726,#1548,#760,.T.);
#2359=EDGE_CURVE('',#1715,#1716,#484,.T.);
#2361=EDGE_CURVE('',#1716,#1718,#488,.T.);
#2363=EDGE_CURVE('',#1720,#1718,#492,.T.);
#2367=EDGE_CURVE('',#1615,#1616,#339,.T.);
#2369=EDGE_CURVE('',#1616,#1615,#344,.T.);
#2373=EDGE_CURVE('',#1667,#1668,#349,.T.);
#2375=EDGE_CURVE('',#1668,#1667,#354,.T.);
#2379=EDGE_CURVE('',#1671,#1672,#359,.T.);
#2381=EDGE_CURVE('',#1672,#1671,#364,.T.);
#2385=EDGE_CURVE('',#1675,#1676,#369,.T.);
#2387=EDGE_CURVE('',#1676,#1675,#374,.T.);
#2391=EDGE_CURVE('',#1679,#1680,#379,.T.);
#2393=EDGE_CURVE('',#1680,#1679,#384,.T.);
#2397=EDGE_CURVE('',#1683,#1684,#389,.T.);
#2399=EDGE_CURVE('',#1684,#1683,#394,.T.);
#2403=EDGE_CURVE('',#1687,#1688,#399,.T.);
#2405=EDGE_CURVE('',#1688,#1687,#404,.T.);
#2409=EDGE_CURVE('',#1691,#1692,#409,.T.);
#2411=EDGE_CURVE('',#1692,#1691,#414,.T.);
#2415=EDGE_CURVE('',#1695,#1696,#419,.T.);
#2417=EDGE_CURVE('',#1696,#1695,#424,.T.);
#2421=EDGE_CURVE('',#1699,#1700,#429,.T.);
#2423=EDGE_CURVE('',#1700,#1699,#434,.T.);
#2427=EDGE_CURVE('',#1703,#1704,#439,.T.);
#2429=EDGE_CURVE('',#1704,#1703,#444,.T.);
#2433=EDGE_CURVE('',#1707,#1708,#449,.T.);
#2435=EDGE_CURVE('',#1708,#1707,#454,.T.);
#2439=EDGE_CURVE('',#1711,#1712,#459,.T.);
#2441=EDGE_CURVE('',#1712,#1711,#464,.T.);
#2445=EDGE_CURVE('',#1611,#1612,#329,.T.);
#2447=EDGE_CURVE('',#1612,#1611,#334,.T.);
#2458=EDGE_CURVE('',#1611,#1603,#496,.T.);
#2460=EDGE_CURVE('',#1603,#1604,#505,.T.);
#2462=EDGE_CURVE('',#1612,#1604,#500,.T.);
#2474=EDGE_CURVE('',#1604,#1603,#510,.T.);
#2495=EDGE_CURVE('',#1607,#1608,#515,.T.);
#2497=EDGE_CURVE('',#1608,#1607,#520,.T.);
#2508=EDGE_CURVE('',#1615,#1607,#524,.T.);
#2511=EDGE_CURVE('',#1616,#1608,#528,.T.);
#2534=EDGE_CURVE('',#1667,#1619,#532,.T.);
#2536=EDGE_CURVE('',#1619,#1620,#541,.T.);
#2538=EDGE_CURVE('',#1668,#1620,#536,.T.);
#2550=EDGE_CURVE('',#1620,#1619,#546,.T.);
#2571=EDGE_CURVE('',#1623,#1624,#551,.T.);
#2573=EDGE_CURVE('',#1624,#1623,#556,.T.);
#2583=EDGE_CURVE('',#1627,#1628,#561,.T.);
#2585=EDGE_CURVE('',#1628,#1627,#566,.T.);
#2595=EDGE_CURVE('',#1631,#1632,#571,.T.);
#2597=EDGE_CURVE('',#1632,#1631,#576,.T.);
#2607=EDGE_CURVE('',#1635,#1636,#581,.T.);
#2609=EDGE_CURVE('',#1636,#1635,#586,.T.);
#2619=EDGE_CURVE('',#1639,#1640,#591,.T.);
#2621=EDGE_CURVE('',#1640,#1639,#596,.T.);
#2631=EDGE_CURVE('',#1643,#1644,#601,.T.);
#2633=EDGE_CURVE('',#1644,#1643,#606,.T.);
#2643=EDGE_CURVE('',#1647,#1648,#611,.T.);
#2645=EDGE_CURVE('',#1648,#1647,#616,.T.);
#2655=EDGE_CURVE('',#1651,#1652,#621,.T.);
#2657=EDGE_CURVE('',#1652,#1651,#626,.T.);
#2667=EDGE_CURVE('',#1655,#1656,#631,.T.);
#2669=EDGE_CURVE('',#1656,#1655,#636,.T.);
#2679=EDGE_CURVE('',#1659,#1660,#641,.T.);
#2681=EDGE_CURVE('',#1660,#1659,#646,.T.);
#2691=EDGE_CURVE('',#1663,#1664,#651,.T.);
#2693=EDGE_CURVE('',#1664,#1663,#656,.T.);
#2704=EDGE_CURVE('',#1671,#1623,#660,.T.);
#2707=EDGE_CURVE('',#1672,#1624,#664,.T.);
#2730=EDGE_CURVE('',#1675,#1627,#668,.T.);
#2733=EDGE_CURVE('',#1676,#1628,#672,.T.);
#2756=EDGE_CURVE('',#1679,#1631,#676,.T.);
#2759=EDGE_CURVE('',#1680,#1632,#680,.T.);
#2782=EDGE_CURVE('',#1683,#1635,#684,.T.);
#2785=EDGE_CURVE('',#1684,#1636,#688,.T.);
#2808=EDGE_CURVE('',#1687,#1639,#692,.T.);
#2811=EDGE_CURVE('',#1688,#1640,#696,.T.);
#2834=EDGE_CURVE('',#1691,#1643,#700,.T.);
#2837=EDGE_CURVE('',#1692,#1644,#704,.T.);
#2860=EDGE_CURVE('',#1695,#1647,#708,.T.);
#2863=EDGE_CURVE('',#1696,#1648,#712,.T.);
#2886=EDGE_CURVE('',#1699,#1651,#716,.T.);
#2889=EDGE_CURVE('',#1700,#1652,#720,.T.);
#2912=EDGE_CURVE('',#1703,#1655,#724,.T.);
#2915=EDGE_CURVE('',#1704,#1656,#728,.T.);
#2938=EDGE_CURVE('',#1707,#1659,#732,.T.);
#2941=EDGE_CURVE('',#1708,#1660,#736,.T.);
#2964=EDGE_CURVE('',#1711,#1663,#740,.T.);
#2967=EDGE_CURVE('',#1712,#1664,#744,.T.);
#2989=EDGE_CURVE('',#1840,#1842,#748,.T.);
#2991=EDGE_CURVE('',#1829,#1840,#752,.T.);
#2997=EDGE_CURVE('',#1726,#1732,#764,.T.);
#2999=EDGE_CURVE('',#1731,#1732,#768,.T.);
#3001=EDGE_CURVE('',#1731,#1744,#1068,.T.);
#3003=EDGE_CURVE('',#1742,#1744,#772,.T.);
#3005=EDGE_CURVE('',#1728,#1742,#1052,.T.);
#3009=EDGE_CURVE('',#1838,#1822,#780,.T.);
#3011=EDGE_CURVE('',#1836,#1838,#784,.T.);
#3013=EDGE_CURVE('',#1825,#1836,#788,.T.);
#3016=EDGE_CURVE('',#1842,#1826,#792,.T.);
#3026=EDGE_CURVE('',#1835,#1836,#798,.T.);
#3029=EDGE_CURVE('',#1837,#1838,#804,.T.);
#3031=EDGE_CURVE('',#1837,#1835,#1008,.T.);
#3041=EDGE_CURVE('',#1839,#1840,#810,.T.);
#3044=EDGE_CURVE('',#1841,#1842,#816,.T.);
#3046=EDGE_CURVE('',#1841,#1839,#1020,.T.);
#3056=EDGE_CURVE('',#1831,#1825,#822,.T.);
#3060=EDGE_CURVE('',#1835,#1844,#1004,.T.);
#3062=EDGE_CURVE('',#1844,#1851,#977,.T.);
#3064=EDGE_CURVE('',#1851,#1856,#952,.T.);
#3066=EDGE_CURVE('',#1856,#1864,#928,.T.);
#3068=EDGE_CURVE('',#1864,#1872,#904,.T.);
#3070=EDGE_CURVE('',#1879,#1872,#877,.T.);
#3072=EDGE_CURVE('',#1879,#1831,#852,.T.);
#3083=EDGE_CURVE('',#1832,#1831,#826,.T.);
#3085=EDGE_CURVE('',#1832,#1822,#832,.T.);
#3096=EDGE_CURVE('',#1833,#1829,#838,.T.);
#3098=EDGE_CURVE('',#1834,#1833,#842,.T.);
#3100=EDGE_CURVE('',#1834,#1826,#848,.T.);
#3112=EDGE_CURVE('',#1880,#1879,#856,.T.);
#3114=EDGE_CURVE('',#1880,#1832,#860,.T.);
#3125=EDGE_CURVE('',#1881,#1833,#864,.T.);
#3127=EDGE_CURVE('',#1882,#1881,#868,.T.);
#3129=EDGE_CURVE('',#1882,#1834,#872,.T.);
#3141=EDGE_CURVE('',#1874,#1872,#881,.T.);
#3143=EDGE_CURVE('',#1880,#1874,#886,.T.);
#3154=EDGE_CURVE('',#1881,#1876,#891,.T.);
#3156=EDGE_CURVE('',#1878,#1876,#895,.T.);
#3158=EDGE_CURVE('',#1882,#1878,#900,.T.);
#3170=EDGE_CURVE('',#1866,#1864,#908,.T.);
#3172=EDGE_CURVE('',#1866,#1874,#912,.T.);
#3183=EDGE_CURVE('',#1868,#1876,#916,.T.);
#3185=EDGE_CURVE('',#1870,#1868,#920,.T.);
#3187=EDGE_CURVE('',#1870,#1878,#924,.T.);
#3199=EDGE_CURVE('',#1858,#1856,#932,.T.);
#3201=EDGE_CURVE('',#1858,#1866,#936,.T.);
#3212=EDGE_CURVE('',#1860,#1868,#940,.T.);
#3214=EDGE_CURVE('',#1862,#1860,#944,.T.);
#3216=EDGE_CURVE('',#1862,#1870,#948,.T.);
#3228=EDGE_CURVE('',#1852,#1851,#956,.T.);
#3230=EDGE_CURVE('',#1852,#1858,#960,.T.);
#3241=EDGE_CURVE('',#1853,#1860,#964,.T.);
#3243=EDGE_CURVE('',#1854,#1853,#968,.T.);
#3245=EDGE_CURVE('',#1854,#1862,#972,.T.);
#3257=EDGE_CURVE('',#1846,#1844,#981,.T.);
#3259=EDGE_CURVE('',#1846,#1852,#986,.T.);
#3270=EDGE_CURVE('',#1848,#1853,#991,.T.);
#3272=EDGE_CURVE('',#1850,#1848,#995,.T.);
#3274=EDGE_CURVE('',#1850,#1854,#1000,.T.);
#3287=EDGE_CURVE('',#1837,#1846,#1012,.T.);
#3298=EDGE_CURVE('',#1839,#1848,#1016,.T.);
#3301=EDGE_CURVE('',#1841,#1850,#1024,.T.);
#3366=EDGE_CURVE('',#1734,#1732,#1028,.T.);
#3370=EDGE_CURVE('',#1724,#1734,#1032,.T.);
#3382=EDGE_CURVE('',#1734,#1736,#1036,.T.);
#3384=EDGE_CURVE('',#1736,#1731,#1056,.T.);
#3397=EDGE_CURVE('',#1723,#1740,#1040,.T.);
#3399=EDGE_CURVE('',#1739,#1740,#1044,.T.);
#3401=EDGE_CURVE('',#1739,#1736,#1060,.T.);
#3411=EDGE_CURVE('',#1742,#1740,#1048,.T.);
#3427=EDGE_CURVE('',#1744,#1739,#1064,.T.);
#3449=EDGE_CURVE('',#1752,#1747,#1072,.T.);
#3452=EDGE_CURVE('',#1760,#1755,#1080,.T.);
#3454=EDGE_CURVE('',#1747,#1760,#1084,.T.);
#3464=EDGE_CURVE('',#1747,#1748,#1088,.T.);
#3466=EDGE_CURVE('',#1750,#1748,#1108,.T.);
#3480=EDGE_CURVE('',#1758,#1760,#1092,.T.);
#3482=EDGE_CURVE('',#1718,#1758,#1104,.T.);
#3485=EDGE_CURVE('',#1716,#1748,#1096,.T.);
#3496=EDGE_CURVE('',#1758,#1756,#1100,.T.);
#3532=EDGE_CURVE('',#1768,#1769,#1134,.T.);
#3534=EDGE_CURVE('',#1817,#1768,#1184,.T.);
#3536=EDGE_CURVE('',#1817,#1812,#1211,.T.);
#3538=EDGE_CURVE('',#1804,#1812,#1236,.T.);
#3540=EDGE_CURVE('',#1796,#1804,#1260,.T.);
#3542=EDGE_CURVE('',#1789,#1796,#1284,.T.);
#3544=EDGE_CURVE('',#1784,#1789,#1311,.T.);
#3546=EDGE_CURVE('',#1775,#1784,#1336,.T.);
#3548=EDGE_CURVE('',#1775,#1776,#1162,.T.);
#3559=EDGE_CURVE('',#1765,#1766,#1118,.T.);
#3561=EDGE_CURVE('',#1767,#1765,#1122,.T.);
#3563=EDGE_CURVE('',#1767,#1763,#1128,.T.);
#3576=EDGE_CURVE('',#1770,#1764,#1140,.T.);
#3578=EDGE_CURVE('',#1768,#1770,#1144,.T.);
#3590=EDGE_CURVE('',#1771,#1772,#1150,.T.);
#3592=EDGE_CURVE('',#1771,#1780,#1324,.T.);
#3594=EDGE_CURVE('',#1780,#1787,#1297,.T.);
#3596=EDGE_CURVE('',#1787,#1792,#1272,.T.);
#3598=EDGE_CURVE('',#1792,#1800,#1248,.T.);
#3600=EDGE_CURVE('',#1800,#1808,#1224,.T.);
#3602=EDGE_CURVE('',#1815,#1808,#1197,.T.);
#3604=EDGE_CURVE('',#1815,#1765,#1172,.T.);
#3616=EDGE_CURVE('',#1773,#1774,#1156,.T.);
#3618=EDGE_CURVE('',#1773,#1771,#1328,.T.);
#3629=EDGE_CURVE('',#1775,#1777,#1344,.T.);
#3631=EDGE_CURVE('',#1777,#1778,#1168,.T.);
#3643=EDGE_CURVE('',#1816,#1767,#1180,.T.);
#3645=EDGE_CURVE('',#1816,#1810,#1206,.T.);
#3647=EDGE_CURVE('',#1802,#1810,#1232,.T.);
#3649=EDGE_CURVE('',#1794,#1802,#1256,.T.);
#3651=EDGE_CURVE('',#1788,#1794,#1280,.T.);
#3653=EDGE_CURVE('',#1782,#1788,#1306,.T.);
#3655=EDGE_CURVE('',#1773,#1782,#1332,.T.);
#3668=EDGE_CURVE('',#1816,#1815,#1176,.T.);
#3682=EDGE_CURVE('',#1818,#1770,#1188,.T.);
#3684=EDGE_CURVE('',#1817,#1818,#1192,.T.);
#3695=EDGE_CURVE('',#1810,#1808,#1201,.T.);
#3709=EDGE_CURVE('',#1818,#1814,#1216,.T.);
#3711=EDGE_CURVE('',#1812,#1814,#1220,.T.);
#3722=EDGE_CURVE('',#1802,#1800,#1228,.T.);
#3736=EDGE_CURVE('',#1806,#1814,#1240,.T.);
#3738=EDGE_CURVE('',#1804,#1806,#1244,.T.);
#3749=EDGE_CURVE('',#1794,#1792,#1252,.T.);
#3763=EDGE_CURVE('',#1798,#1806,#1264,.T.);
#3765=EDGE_CURVE('',#1796,#1798,#1268,.T.);
#3776=EDGE_CURVE('',#1788,#1787,#1276,.T.);
#3790=EDGE_CURVE('',#1790,#1798,#1288,.T.);
#3792=EDGE_CURVE('',#1789,#1790,#1292,.T.);
#3803=EDGE_CURVE('',#1782,#1780,#1301,.T.);
#3817=EDGE_CURVE('',#1786,#1790,#1316,.T.);
#3819=EDGE_CURVE('',#1784,#1786,#1320,.T.);
#3843=EDGE_CURVE('',#1777,#1786,#1340,.T.);
#3873=EDGE_CURVE('',#1945,#1897,#1360,.T.);
#3875=EDGE_CURVE('',#1945,#1940,#1387,.T.);
#3877=EDGE_CURVE('',#1932,#1940,#1412,.T.);
#3879=EDGE_CURVE('',#1924,#1932,#1436,.T.);
#3881=EDGE_CURVE('',#1917,#1924,#1460,.T.);
#3883=EDGE_CURVE('',#1912,#1917,#1487,.T.);
#3885=EDGE_CURVE('',#1903,#1912,#1512,.T.);
#3887=EDGE_CURVE('',#1903,#1904,#1538,.T.);
#3899=EDGE_CURVE('',#1944,#1943,#1352,.T.);
#3901=EDGE_CURVE('',#1944,#1896,#1356,.T.);
#3914=EDGE_CURVE('',#1946,#1898,#1364,.T.);
#3916=EDGE_CURVE('',#1945,#1946,#1368,.T.);
#3927=EDGE_CURVE('',#1938,#1936,#1377,.T.);
#3929=EDGE_CURVE('',#1944,#1938,#1382,.T.);
#3942=EDGE_CURVE('',#1946,#1942,#1392,.T.);
#3944=EDGE_CURVE('',#1940,#1942,#1396,.T.);
#3955=EDGE_CURVE('',#1930,#1928,#1404,.T.);
#3957=EDGE_CURVE('',#1930,#1938,#1408,.T.);
#3970=EDGE_CURVE('',#1934,#1942,#1416,.T.);
#3972=EDGE_CURVE('',#1932,#1934,#1420,.T.);
#3983=EDGE_CURVE('',#1922,#1920,#1428,.T.);
#3985=EDGE_CURVE('',#1922,#1930,#1432,.T.);
#3998=EDGE_CURVE('',#1926,#1934,#1440,.T.);
#4000=EDGE_CURVE('',#1924,#1926,#1444,.T.);
#4011=EDGE_CURVE('',#1916,#1915,#1452,.T.);
#4013=EDGE_CURVE('',#1916,#1922,#1456,.T.);
#4026=EDGE_CURVE('',#1918,#1926,#1464,.T.);
#4028=EDGE_CURVE('',#1917,#1918,#1468,.T.);
#4039=EDGE_CURVE('',#1910,#1908,#1477,.T.);
#4041=EDGE_CURVE('',#1910,#1916,#1482,.T.);
#4054=EDGE_CURVE('',#1914,#1918,#1492,.T.);
#4056=EDGE_CURVE('',#1912,#1914,#1496,.T.);
#4067=EDGE_CURVE('',#1901,#1899,#1504,.T.);
#4069=EDGE_CURVE('',#1901,#1910,#1508,.T.);
#4082=EDGE_CURVE('',#1905,#1914,#1516,.T.);
#4084=EDGE_CURVE('',#1903,#1905,#1520,.T.);
#4096=EDGE_CURVE('',#1901,#1902,#1532,.T.);
#4109=EDGE_CURVE('',#1905,#1906,#1544,.T.);
#4154=(LENGTH_UNIT()NAMED_UNIT(*)SI_UNIT(.MILLI.,.METRE.));
#4158=(NAMED_UNIT(*)PLANE_ANGLE_UNIT()SI_UNIT($,.RADIAN.));
#4161=(NAMED_UNIT(*)SI_UNIT($,.STERADIAN.)SOLID_ANGLE_UNIT());
#4164=ADVANCED_BREP_SHAPE_REPRESENTATION('',(#4152),#4163);
#4171=PRODUCT_DEFINITION('design','',#4170,#4167);
#4172=PRODUCT_DEFINITION_SHAPE('','SHAPE FOR SS-74401-001.',#4171);
#4173=SHAPE_DEFINITION_REPRESENTATION(#4172,#4164);
ENDSEC;
END-ISO-10303-21;

